jar_entry	string_ordinal	matched_categories	excerpt
org/springframework/util/PropertyPlaceholderHelper.class	56	trace-or-step	trace
org/springframework/aot/hint/support/SpringFactoriesLoaderRuntimeHints.class	42	trace-or-step	trace
org/springframework/core/io/support/PathMatchingResourcePatternResolver.class	60	trace-or-step	trace
org/springframework/core/io/support/SpringFactoriesLoader$FailureHandler.class	26	trace-or-step	trace
org/springframework/core/io/support/SpringFactoriesLoader.class	25	trace-or-step	trace
org/springframework/core/io/support/PropertiesLoaderSupport.class	35	trace-or-step	trace
org/springframework/core/SimpleAliasRegistry.class	39	trace-or-step	trace
org/springframework/core/annotation/AnnotationAwareOrderComparator.class	51	priority	priority
org/springframework/core/annotation/OrderUtils.class	35	priority	jakarta.annotation.Priority
org/springframework/core/log/CompositeLog.class	19	trace-or-step	trace
org/springframework/core/log/LogFormatUtils.class	35	trace-or-step	trace
org/springframework/core/log/LogAccessor.class	21	trace-or-step	trace
org/springframework/core/env/PropertySourcesPropertyResolver.class	26	trace-or-step	trace
org/apache/commons/logging/LogAdapter$Slf4jLocationAwareLog.class	41	trace-or-step	trace
org/apache/commons/logging/impl/NoOpLog.class	26	trace-or-step	trace
org/apache/commons/logging/LogAdapter$Log4jLog.class	26	trace-or-step	TRACE
org/apache/commons/logging/LogAdapter$Log4jLog.class	59	trace-or-step	trace
org/apache/commons/logging/LogAdapter$Slf4jLog.class	24	trace-or-step	trace
org/apache/commons/logging/LogAdapter$JavaUtilLog.class	57	trace-or-step	trace
org/apache/commons/logging/Log.class	16	trace-or-step	trace
org/springframework/jndi/JndiObjectFactoryBean.class	63	trace-or-step	trace
org/springframework/jmx/export/MBeanExporter.class	243	trace-or-step	trace
org/springframework/cache/interceptor/CacheAspectSupport.class	193	trace-or-step	trace
org/springframework/cache/interceptor/AbstractFallbackCacheOperationSource.class	31	trace-or-step	trace
org/springframework/cache/interceptor/CacheAspectSupport$CachePutRequest.class	38	trace-or-step	trace
org/springframework/context/support/DefaultLifecycleProcessor.class	92	trace-or-step	trace
org/springframework/context/support/DefaultLifecycleProcessor$CracResourceAdapter.class	36	trace-or-step	trace
org/springframework/context/support/AbstractApplicationContext.class	137	trace-or-step	trace
org/springframework/context/annotation/ConfigurationClassEnhancer$BeanMethodInterceptor.class	113	trace-or-step	trace
org/springframework/context/annotation/ConfigurationClassBeanDefinitionReader.class	93	trace-or-step	trace
org/springframework/context/annotation/ConfigurationClassPostProcessor.class	221	trace-or-step	trace
org/springframework/context/annotation/ClassPathScanningCandidateComponentProvider.class	46	trace-or-step	trace
org/springframework/context/annotation/ConfigurationClassEnhancer.class	26	trace-or-step	trace
org/springframework/context/aot/AotApplicationContextInitializer.class	22	trace-or-step	trace
org/springframework/context/aot/RuntimeHintsBeanFactoryInitializationAotProcessor$RuntimeHintsRegistrarContribution.class	30	trace-or-step	trace
org/springframework/context/aot/RuntimeHintsBeanFactoryInitializationAotProcessor.class	52	trace-or-step	trace
org/springframework/context/event/EventListenerMethodProcessor.class	97	trace-or-step	trace
org/springframework/context/event/ApplicationListenerMethodAdapter.class	110	trace-or-step	trace
org/springframework/context/event/SimpleApplicationEventMulticaster.class	62	trace-or-step	trace
org/springframework/scheduling/support/ScheduledTaskObservationDocumentation$LowCardinalityKeyNames$1.class	1	scheduler	corg/springframework/scheduling/support/ScheduledTaskObservationDocumentation$LowCardinalityKeyNames
org/springframework/scheduling/support/ScheduledTaskObservationDocumentation$LowCardinalityKeyNames$1.class	5	scheduler	eorg/springframework/scheduling/support/ScheduledTaskObservationDocumentation$LowCardinalityKeyNames$1
org/springframework/scheduling/support/ScheduledTaskObservationDocumentation$LowCardinalityKeyNames$1.class	8	scheduler	gLorg/springframework/scheduling/support/ScheduledTaskObservationDocumentation$LowCardinalityKeyNames$1;
org/springframework/scheduling/support/ScheduledTaskObservationDocumentation$LowCardinalityKeyNames$1.class	18	scheduler	Lorg/springframework/scheduling/support/ScheduledTaskObservationDocumentation
org/springframework/scheduling/support/ScheduledTaskObservationDocumentation$1.class	1	scheduler	Lorg/springframework/scheduling/support/ScheduledTaskObservationDocumentation
org/springframework/scheduling/support/ScheduledTaskObservationDocumentation$1.class	4	scheduler	Porg/springframework/scheduling/support/DefaultScheduledTaskObservationConvention
org/springframework/scheduling/support/ScheduledTaskObservationDocumentation$1.class	5	scheduler	corg/springframework/scheduling/support/ScheduledTaskObservationDocumentation$LowCardinalityKeyNames
org/springframework/scheduling/support/ScheduledTaskObservationDocumentation$1.class	7	scheduler	h()[Lorg/springframework/scheduling/support/ScheduledTaskObservationDocumentation$LowCardinalityKeyNames;
org/springframework/scheduling/support/ScheduledTaskObservationDocumentation$1.class	9	scheduler	Norg/springframework/scheduling/support/ScheduledTaskObservationDocumentation$1
org/springframework/scheduling/support/ScheduledTaskObservationDocumentation$1.class	12	scheduler	PLorg/springframework/scheduling/support/ScheduledTaskObservationDocumentation$1;
org/springframework/scheduling/support/CronField.class	3	scheduler	0org/springframework/scheduling/support/CronField
org/springframework/scheduling/support/CronField.class	4	scheduler	7Lorg/springframework/scheduling/support/CronField$Type;
org/springframework/scheduling/support/CronField.class	5	scheduler	4org/springframework/scheduling/support/BitsCronField
org/springframework/scheduling/support/CronField.class	7	scheduler	6Lorg/springframework/scheduling/support/BitsCronField;
org/springframework/scheduling/support/CronField.class	9	scheduler	J(Ljava/lang/String;)Lorg/springframework/scheduling/support/BitsCronField;
org/springframework/scheduling/support/CronField.class	12	scheduler	6org/springframework/scheduling/support/QuartzCronField
org/springframework/scheduling/support/CronField.class	16	scheduler	5org/springframework/scheduling/support/CronField$Type
org/springframework/scheduling/support/CronField.class	21	scheduler	(Ljava/lang/String;Lorg/springframework/scheduling/support/CronField$Type;Ljava/util/function/BiFunction;)Lorg/springframework/scheduling/support/CronField;
org/springframework/scheduling/support/CronField.class	39	scheduler	9org/springframework/scheduling/support/CompositeCronField
org/springframework/scheduling/support/CronField.class	41	scheduler	([Lorg/springframework/scheduling/support/CronField;Lorg/springframework/scheduling/support/CronField$Type;Ljava/lang/String;)Lorg/springframework/scheduling/support/CronField;
org/springframework/scheduling/support/CronField.class	52	scheduler	L(Ljava/lang/String;)Lorg/springframework/scheduling/support/QuartzCronField;
org/springframework/scheduling/support/CronField.class	53	scheduler	:(Lorg/springframework/scheduling/support/CronField$Type;)V
org/springframework/scheduling/support/CronField.class	56	scheduler	2Lorg/springframework/scheduling/support/CronField;
org/springframework/scheduling/support/CronField.class	59	scheduler	4()Lorg/springframework/scheduling/support/CronField;
org/springframework/scheduling/support/CronField.class	60	scheduler	F(Ljava/lang/String;)Lorg/springframework/scheduling/support/CronField;
org/springframework/scheduling/support/CronField.class	68	scheduler	3[Lorg/springframework/scheduling/support/CronField;
org/springframework/scheduling/support/CronField.class	70	scheduler	Ljava/util/function/BiFunction<Ljava/lang/String;Lorg/springframework/scheduling/support/CronField$Type;Lorg/springframework/scheduling/support/CronField;>;
org/springframework/scheduling/support/CronField.class	72	scheduler	(Ljava/lang/String;Lorg/springframework/scheduling/support/CronField$Type;Ljava/util/function/BiFunction<Ljava/lang/String;Lorg/springframework/scheduling/support/CronField$Type;Lorg/springframework/scheduling/support/CronField;>;)Lorg/springframework/scheduling/support/CronField;
org/springframework/scheduling/support/CronField.class	80	scheduler	9()Lorg/springframework/scheduling/support/CronField$Type;
org/springframework/scheduling/support/CronField.class	84	scheduler	}(Ljava/lang/String;Lorg/springframework/scheduling/support/CronField$Type;)Lorg/springframework/scheduling/support/CronField;
org/springframework/scheduling/support/NoOpTaskScheduler.class	3	scheduler	;org/springframework/scheduling/support/SimpleTriggerContext
org/springframework/scheduling/support/NoOpTaskScheduler.class	4	scheduler	8org/springframework/scheduling/support/NoOpTaskScheduler
org/springframework/scheduling/support/NoOpTaskScheduler.class	8	scheduler	&org/springframework/scheduling/Trigger
org/springframework/scheduling/support/NoOpTaskScheduler.class	10	scheduler	D(Lorg/springframework/scheduling/TriggerContext;)Ljava/time/Instant;
org/springframework/scheduling/support/NoOpTaskScheduler.class	11	scheduler	Lorg/springframework/scheduling/support/NoOpTaskScheduler$NoOpScheduledFuture
org/springframework/scheduling/support/NoOpTaskScheduler.class	12	scheduler	,org/springframework/scheduling/TaskScheduler
org/springframework/scheduling/support/NoOpTaskScheduler.class	15	scheduler	:Lorg/springframework/scheduling/support/NoOpTaskScheduler;
org/springframework/scheduling/support/NoOpTaskScheduler.class	16	scheduler	schedule
org/springframework/scheduling/support/NoOpTaskScheduler.class	17	scheduler	d(Ljava/lang/Runnable;Lorg/springframework/scheduling/Trigger;)Ljava/util/concurrent/ScheduledFuture;
org/springframework/scheduling/support/NoOpTaskScheduler.class	20	scheduler	(Lorg/springframework/scheduling/Trigger;
org/springframework/scheduling/support/NoOpTaskScheduler.class	27	scheduler	g(Ljava/lang/Runnable;Lorg/springframework/scheduling/Trigger;)Ljava/util/concurrent/ScheduledFuture<*>;
org/springframework/scheduling/support/ScheduledTaskObservationDocumentation$LowCardinalityKeyNames.class	1	scheduler	corg/springframework/scheduling/support/ScheduledTaskObservationDocumentation$LowCardinalityKeyNames
org/springframework/scheduling/support/ScheduledTaskObservationDocumentation$LowCardinalityKeyNames.class	3	scheduler	eLorg/springframework/scheduling/support/ScheduledTaskObservationDocumentation$LowCardinalityKeyNames;
org/springframework/scheduling/support/ScheduledTaskObservationDocumentation$LowCardinalityKeyNames.class	8	scheduler	f[Lorg/springframework/scheduling/support/ScheduledTaskObservationDocumentation$LowCardinalityKeyNames;
org/springframework/scheduling/support/ScheduledTaskObservationDocumentation$LowCardinalityKeyNames.class	16	scheduler	eorg/springframework/scheduling/support/ScheduledTaskObservationDocumentation$LowCardinalityKeyNames$1
org/springframework/scheduling/support/ScheduledTaskObservationDocumentation$LowCardinalityKeyNames.class	17	scheduler	eorg/springframework/scheduling/support/ScheduledTaskObservationDocumentation$LowCardinalityKeyNames$2
org/springframework/scheduling/support/ScheduledTaskObservationDocumentation$LowCardinalityKeyNames.class	18	scheduler	eorg/springframework/scheduling/support/ScheduledTaskObservationDocumentation$LowCardinalityKeyNames$3
org/springframework/scheduling/support/ScheduledTaskObservationDocumentation$LowCardinalityKeyNames.class	19	scheduler	eorg/springframework/scheduling/support/ScheduledTaskObservationDocumentation$LowCardinalityKeyNames$4
org/springframework/scheduling/support/ScheduledTaskObservationDocumentation$LowCardinalityKeyNames.class	21	scheduler	h()[Lorg/springframework/scheduling/support/ScheduledTaskObservationDocumentation$LowCardinalityKeyNames;
org/springframework/scheduling/support/ScheduledTaskObservationDocumentation$LowCardinalityKeyNames.class	25	scheduler	y(Ljava/lang/String;)Lorg/springframework/scheduling/support/ScheduledTaskObservationDocumentation$LowCardinalityKeyNames;
org/springframework/scheduling/support/ScheduledTaskObservationDocumentation$LowCardinalityKeyNames.class	33	scheduler	Ljava/lang/Enum<Lorg/springframework/scheduling/support/ScheduledTaskObservationDocumentation$LowCardinalityKeyNames;>;Lio/micrometer/common/docs/KeyName;
org/springframework/scheduling/support/ScheduledTaskObservationDocumentation$LowCardinalityKeyNames.class	37	scheduler	Lorg/springframework/scheduling/support/ScheduledTaskObservationDocumentation
org/springframework/scheduling/support/TaskUtils$LoggingErrorHandler.class	3	scheduler	Dorg/springframework/scheduling/support/TaskUtils$LoggingErrorHandler
org/springframework/scheduling/support/TaskUtils$LoggingErrorHandler.class	9	scheduler	+Unexpected error occurred in scheduled task
org/springframework/scheduling/support/TaskUtils$LoggingErrorHandler.class	16	scheduler	FLorg/springframework/scheduling/support/TaskUtils$LoggingErrorHandler;
org/springframework/scheduling/support/TaskUtils$LoggingErrorHandler.class	24	scheduler	0org/springframework/scheduling/support/TaskUtils
org/springframework/scheduling/support/NoOpTaskScheduler$NoOpScheduledFuture.class	7	scheduler	Lorg/springframework/scheduling/support/NoOpTaskScheduler$NoOpScheduledFuture
org/springframework/scheduling/support/NoOpTaskScheduler$NoOpScheduledFuture.class	13	scheduler	NLorg/springframework/scheduling/support/NoOpTaskScheduler$NoOpScheduledFuture;
org/springframework/scheduling/support/NoOpTaskScheduler$NoOpScheduledFuture.class	15	scheduler	SLorg/springframework/scheduling/support/NoOpTaskScheduler$NoOpScheduledFuture<TV;>;
org/springframework/scheduling/support/NoOpTaskScheduler$NoOpScheduledFuture.class	37	scheduler	8org/springframework/scheduling/support/NoOpTaskScheduler
org/springframework/scheduling/support/ScheduledTaskObservationDocumentation$LowCardinalityKeyNames$3.class	1	scheduler	corg/springframework/scheduling/support/ScheduledTaskObservationDocumentation$LowCardinalityKeyNames
org/springframework/scheduling/support/ScheduledTaskObservationDocumentation$LowCardinalityKeyNames$3.class	5	scheduler	eorg/springframework/scheduling/support/ScheduledTaskObservationDocumentation$LowCardinalityKeyNames$3
org/springframework/scheduling/support/ScheduledTaskObservationDocumentation$LowCardinalityKeyNames$3.class	8	scheduler	gLorg/springframework/scheduling/support/ScheduledTaskObservationDocumentation$LowCardinalityKeyNames$3;
org/springframework/scheduling/support/ScheduledTaskObservationDocumentation$LowCardinalityKeyNames$3.class	18	scheduler	Lorg/springframework/scheduling/support/ScheduledTaskObservationDocumentation
org/springframework/scheduling/support/BitsCronField.class	1	scheduler	0org/springframework/scheduling/support/CronField
org/springframework/scheduling/support/BitsCronField.class	3	scheduler	:(Lorg/springframework/scheduling/support/CronField$Type;)V
org/springframework/scheduling/support/BitsCronField.class	4	scheduler	4org/springframework/scheduling/support/BitsCronField
org/springframework/scheduling/support/BitsCronField.class	5	scheduler	5org/springframework/scheduling/support/CronField$Type
org/springframework/scheduling/support/BitsCronField.class	6	scheduler	7Lorg/springframework/scheduling/support/CronField$Type;
org/springframework/scheduling/support/BitsCronField.class	10	scheduler	(Ljava/lang/String;Lorg/springframework/scheduling/support/CronField$Type;)Lorg/springframework/scheduling/support/BitsCronField;
org/springframework/scheduling/support/BitsCronField.class	33	scheduler	j(Ljava/lang/String;Lorg/springframework/scheduling/support/CronField$Type;)Ljava/time/temporal/ValueRange;
org/springframework/scheduling/support/BitsCronField.class	62	scheduler	9()Lorg/springframework/scheduling/support/CronField$Type;
org/springframework/scheduling/support/BitsCronField.class	67	scheduler	5org/springframework/scheduling/support/CronExpression
org/springframework/scheduling/support/BitsCronField.class	81	scheduler	8()Lorg/springframework/scheduling/support/BitsCronField;
org/springframework/scheduling/support/BitsCronField.class	83	scheduler	6Lorg/springframework/scheduling/support/BitsCronField;
org/springframework/scheduling/support/BitsCronField.class	90	scheduler	J(Ljava/lang/String;)Lorg/springframework/scheduling/support/BitsCronField;
org/springframework/scheduling/support/TaskUtils.class	3	scheduler	Forg/springframework/scheduling/support/DelegatingErrorHandlingRunnable
org/springframework/scheduling/support/TaskUtils.class	4	scheduler	0org/springframework/scheduling/support/TaskUtils
org/springframework/scheduling/support/TaskUtils.class	11	scheduler	Dorg/springframework/scheduling/support/TaskUtils$LoggingErrorHandler
org/springframework/scheduling/support/TaskUtils.class	12	scheduler	Horg/springframework/scheduling/support/TaskUtils$PropagatingErrorHandler
org/springframework/scheduling/support/TaskUtils.class	15	scheduler	2Lorg/springframework/scheduling/support/TaskUtils;
org/springframework/scheduling/support/TaskUtils.class	17	scheduler	(Ljava/lang/Runnable;Lorg/springframework/util/ErrorHandler;Z)Lorg/springframework/scheduling/support/DelegatingErrorHandlingRunnable;
org/springframework/scheduling/support/TaskUtils.class	19	scheduler	HLorg/springframework/scheduling/support/DelegatingErrorHandlingRunnable;
org/springframework/scheduling/support/MethodInvokingRunnable.class	9	scheduler	=org/springframework/scheduling/support/MethodInvokingRunnable
org/springframework/scheduling/support/MethodInvokingRunnable.class	42	scheduler	?Lorg/springframework/scheduling/support/MethodInvokingRunnable;
org/springframework/scheduling/support/CronField$Type.class	1	scheduler	5org/springframework/scheduling/support/CronField$Type
org/springframework/scheduling/support/CronField$Type.class	2	scheduler	7Lorg/springframework/scheduling/support/CronField$Type;
org/springframework/scheduling/support/CronField$Type.class	9	scheduler	8[Lorg/springframework/scheduling/support/CronField$Type;
org/springframework/scheduling/support/CronField$Type.class	39	scheduler	0org/springframework/scheduling/support/CronField
org/springframework/scheduling/support/CronField$Type.class	66	scheduler	:()[Lorg/springframework/scheduling/support/CronField$Type;
org/springframework/scheduling/support/CronField$Type.class	69	scheduler	K(Ljava/lang/String;)Lorg/springframework/scheduling/support/CronField$Type;
org/springframework/scheduling/support/CronField$Type.class	97	scheduler	ILjava/lang/Enum<Lorg/springframework/scheduling/support/CronField$Type;>;
org/springframework/scheduling/support/CronExpression.class	3	scheduler	0org/springframework/scheduling/support/CronField
org/springframework/scheduling/support/CronExpression.class	5	scheduler	4()Lorg/springframework/scheduling/support/CronField;
org/springframework/scheduling/support/CronExpression.class	6	scheduler	5org/springframework/scheduling/support/CronExpression
org/springframework/scheduling/support/CronExpression.class	8	scheduler	3[Lorg/springframework/scheduling/support/CronField;
org/springframework/scheduling/support/CronExpression.class	30	scheduler	F(Ljava/lang/String;)Lorg/springframework/scheduling/support/CronField;
org/springframework/scheduling/support/CronExpression.class	36	scheduler	A(Lorg/springframework/scheduling/support/CronField;Lorg/springframework/scheduling/support/CronField;Lorg/springframework/scheduling/support/CronField;Lorg/springframework/scheduling/support/CronField;Lorg/springframework/scheduling/support/CronField;Lorg/springframework/scheduling/support/CronField;Ljava/lang/String;)V
org/springframework/scheduling/support/CronExpression.class	43	scheduler	K(Ljava/lang/String;)Lorg/springframework/scheduling/support/CronExpression;
org/springframework/scheduling/support/CronExpression.class	78	scheduler	7Lorg/springframework/scheduling/support/CronExpression;
org/springframework/scheduling/support/CronExpression.class	80	scheduler	2Lorg/springframework/scheduling/support/CronField;
org/springframework/scheduling/support/ScheduledMethodRunnable.class	3	scheduler	>org/springframework/scheduling/support/ScheduledMethodRunnable
org/springframework/scheduling/support/ScheduledMethodRunnable.class	20	scheduler	Forg/springframework/scheduling/support/ScheduledTaskObservationContext
org/springframework/scheduling/support/ScheduledMethodRunnable.class	21	scheduler	Lorg/springframework/scheduling/support/ScheduledTaskObservationDocumentation
org/springframework/scheduling/support/ScheduledMethodRunnable.class	23	scheduler	NLorg/springframework/scheduling/support/ScheduledTaskObservationDocumentation;
org/springframework/scheduling/support/ScheduledMethodRunnable.class	25	scheduler	KLorg/springframework/scheduling/support/ScheduledTaskObservationConvention;
org/springframework/scheduling/support/ScheduledMethodRunnable.class	26	scheduler	g(Lorg/springframework/scheduling/support/ScheduledTaskObservationContext;)Ljava/util/function/Supplier;
org/springframework/scheduling/support/ScheduledMethodRunnable.class	32	scheduler	(Lorg/springframework/scheduling/support/ScheduledMethodRunnable;Lorg/springframework/scheduling/support/ScheduledTaskObservationContext;)Ljava/lang/Runnable;
org/springframework/scheduling/support/ScheduledMethodRunnable.class	56	scheduler	K(Lorg/springframework/scheduling/support/ScheduledTaskObservationContext;)V
org/springframework/scheduling/support/ScheduledMethodRunnable.class	58	scheduler	Porg/springframework/scheduling/support/DefaultScheduledTaskObservationConvention
org/springframework/scheduling/support/ScheduledMethodRunnable.class	59	scheduler	6org/springframework/scheduling/SchedulingAwareRunnable
org/springframework/scheduling/support/ScheduledMethodRunnable.class	66	scheduler	@Lorg/springframework/scheduling/support/ScheduledMethodRunnable;
org/springframework/scheduling/support/ScheduledMethodRunnable.class	79	scheduler	HLorg/springframework/scheduling/support/ScheduledTaskObservationContext;
org/springframework/scheduling/support/ScheduledMethodRunnable.class	87	scheduler	(Lorg/springframework/scheduling/support/ScheduledTaskObservationContext;)Lorg/springframework/scheduling/support/ScheduledTaskObservationContext;
org/springframework/scheduling/support/ScheduledMethodRunnable.class	97	scheduler	J()Lorg/springframework/scheduling/support/ScheduledTaskObservationContext;
org/springframework/scheduling/support/ScheduledTaskObservationDocumentation.class	1	scheduler	Lorg/springframework/scheduling/support/ScheduledTaskObservationDocumentation
org/springframework/scheduling/support/ScheduledTaskObservationDocumentation.class	3	scheduler	NLorg/springframework/scheduling/support/ScheduledTaskObservationDocumentation;
org/springframework/scheduling/support/ScheduledTaskObservationDocumentation.class	5	scheduler	O[Lorg/springframework/scheduling/support/ScheduledTaskObservationDocumentation;
org/springframework/scheduling/support/ScheduledTaskObservationDocumentation.class	13	scheduler	Norg/springframework/scheduling/support/ScheduledTaskObservationDocumentation$1
org/springframework/scheduling/support/ScheduledTaskObservationDocumentation.class	15	scheduler	Q()[Lorg/springframework/scheduling/support/ScheduledTaskObservationDocumentation;
org/springframework/scheduling/support/ScheduledTaskObservationDocumentation.class	19	scheduler	b(Ljava/lang/String;)Lorg/springframework/scheduling/support/ScheduledTaskObservationDocumentation;
org/springframework/scheduling/support/ScheduledTaskObservationDocumentation.class	27	scheduler	Ljava/lang/Enum<Lorg/springframework/scheduling/support/ScheduledTaskObservationDocumentation;>;Lio/micrometer/observation/docs/ObservationDocumentation;
org/springframework/scheduling/support/ScheduledTaskObservationDocumentation.class	31	scheduler	corg/springframework/scheduling/support/ScheduledTaskObservationDocumentation$LowCardinalityKeyNames
org/springframework/scheduling/support/ScheduledTaskObservationDocumentation.class	32	scheduler	eorg/springframework/scheduling/support/ScheduledTaskObservationDocumentation$LowCardinalityKeyNames$4
org/springframework/scheduling/support/ScheduledTaskObservationDocumentation.class	33	scheduler	eorg/springframework/scheduling/support/ScheduledTaskObservationDocumentation$LowCardinalityKeyNames$3
org/springframework/scheduling/support/ScheduledTaskObservationDocumentation.class	34	scheduler	eorg/springframework/scheduling/support/ScheduledTaskObservationDocumentation$LowCardinalityKeyNames$2
org/springframework/scheduling/support/ScheduledTaskObservationDocumentation.class	35	scheduler	eorg/springframework/scheduling/support/ScheduledTaskObservationDocumentation$LowCardinalityKeyNames$1
org/springframework/scheduling/support/CronTrigger.class	3	scheduler	5org/springframework/scheduling/support/CronExpression
org/springframework/scheduling/support/CronTrigger.class	5	scheduler	K(Ljava/lang/String;)Lorg/springframework/scheduling/support/CronExpression;
org/springframework/scheduling/support/CronTrigger.class	6	scheduler	2org/springframework/scheduling/support/CronTrigger
org/springframework/scheduling/support/CronTrigger.class	8	scheduler	7Lorg/springframework/scheduling/support/CronExpression;
org/springframework/scheduling/support/CronTrigger.class	22	scheduler	D(Lorg/springframework/scheduling/TriggerContext;)Ljava/time/Instant;
org/springframework/scheduling/support/CronTrigger.class	23	scheduler	-org/springframework/scheduling/TriggerContext
org/springframework/scheduling/support/CronTrigger.class	45	scheduler	4org/springframework/scheduling/support/CronTrigger$1
org/springframework/scheduling/support/CronTrigger.class	47	scheduler	4org/springframework/scheduling/support/CronTrigger$2
org/springframework/scheduling/support/CronTrigger.class	48	scheduler	4org/springframework/scheduling/support/CronTrigger$3
org/springframework/scheduling/support/CronTrigger.class	49	scheduler	&org/springframework/scheduling/Trigger
org/springframework/scheduling/support/CronTrigger.class	54	scheduler	4Lorg/springframework/scheduling/support/CronTrigger;
org/springframework/scheduling/support/CronTrigger.class	64	scheduler	/Lorg/springframework/scheduling/TriggerContext;
org/springframework/scheduling/support/CronTrigger.class	72	scheduler	scheduled
org/springframework/scheduling/support/CronTrigger.class	77	scheduler	H(Ljava/lang/String;)Lorg/springframework/scheduling/support/CronTrigger;
org/springframework/scheduling/support/CronTrigger.class	79	scheduler	[(Ljava/lang/String;Ljava/time/Instant;)Lorg/springframework/scheduling/support/CronTrigger;
org/springframework/scheduling/support/SimpleTriggerContext.class	6	scheduler	;org/springframework/scheduling/support/SimpleTriggerContext
org/springframework/scheduling/support/SimpleTriggerContext.class	19	scheduler	-org/springframework/scheduling/TriggerContext
org/springframework/scheduling/support/SimpleTriggerContext.class	24	scheduler	=Lorg/springframework/scheduling/support/SimpleTriggerContext;
org/springframework/scheduling/support/CompositeCronField.class	1	scheduler	0org/springframework/scheduling/support/CronField
org/springframework/scheduling/support/CompositeCronField.class	3	scheduler	:(Lorg/springframework/scheduling/support/CronField$Type;)V
org/springframework/scheduling/support/CompositeCronField.class	4	scheduler	9org/springframework/scheduling/support/CompositeCronField
org/springframework/scheduling/support/CompositeCronField.class	6	scheduler	3[Lorg/springframework/scheduling/support/CronField;
org/springframework/scheduling/support/CompositeCronField.class	16	scheduler	(Lorg/springframework/scheduling/support/CronField$Type;[Lorg/springframework/scheduling/support/CronField;Ljava/lang/String;)V
org/springframework/scheduling/support/CompositeCronField.class	24	scheduler	9()Lorg/springframework/scheduling/support/CronField$Type;
org/springframework/scheduling/support/CompositeCronField.class	28	scheduler	](Lorg/springframework/scheduling/support/CronField$Type;Ljava/lang/String;)Ljava/lang/String;
org/springframework/scheduling/support/CompositeCronField.class	31	scheduler	;Lorg/springframework/scheduling/support/CompositeCronField;
org/springframework/scheduling/support/CompositeCronField.class	32	scheduler	7Lorg/springframework/scheduling/support/CronField$Type;
org/springframework/scheduling/support/CompositeCronField.class	35	scheduler	([Lorg/springframework/scheduling/support/CronField;Lorg/springframework/scheduling/support/CronField$Type;Ljava/lang/String;)Lorg/springframework/scheduling/support/CronField;
org/springframework/scheduling/support/CompositeCronField.class	40	scheduler	2Lorg/springframework/scheduling/support/CronField;
org/springframework/scheduling/support/CompositeCronField.class	60	scheduler	5org/springframework/scheduling/support/CronField$Type
org/springframework/scheduling/support/CronTrigger$1.class	1	scheduler	4org/springframework/scheduling/support/CronTrigger$1
org/springframework/scheduling/support/CronTrigger$1.class	4	scheduler	2org/springframework/scheduling/support/CronTrigger
org/springframework/scheduling/support/CronTrigger$1.class	10	scheduler	6Lorg/springframework/scheduling/support/CronTrigger$1;
org/springframework/scheduling/support/CronTrigger$1.class	15	scheduler	D(Lorg/springframework/scheduling/TriggerContext;)Ljava/time/Instant;
org/springframework/scheduling/support/CronTrigger$1.class	17	scheduler	/Lorg/springframework/scheduling/TriggerContext;
org/springframework/scheduling/support/CronTrigger$1.class	22	scheduler	[(Ljava/lang/String;Ljava/time/Instant;)Lorg/springframework/scheduling/support/CronTrigger;
org/springframework/scheduling/support/TaskUtils$PropagatingErrorHandler.class	1	scheduler	Dorg/springframework/scheduling/support/TaskUtils$LoggingErrorHandler
org/springframework/scheduling/support/TaskUtils$PropagatingErrorHandler.class	7	scheduler	Horg/springframework/scheduling/support/TaskUtils$PropagatingErrorHandler
org/springframework/scheduling/support/TaskUtils$PropagatingErrorHandler.class	10	scheduler	JLorg/springframework/scheduling/support/TaskUtils$PropagatingErrorHandler;
org/springframework/scheduling/support/TaskUtils$PropagatingErrorHandler.class	16	scheduler	0org/springframework/scheduling/support/TaskUtils
org/springframework/scheduling/support/ScheduledTaskObservationDocumentation$LowCardinalityKeyNames$2.class	1	scheduler	corg/springframework/scheduling/support/ScheduledTaskObservationDocumentation$LowCardinalityKeyNames
org/springframework/scheduling/support/ScheduledTaskObservationDocumentation$LowCardinalityKeyNames$2.class	5	scheduler	eorg/springframework/scheduling/support/ScheduledTaskObservationDocumentation$LowCardinalityKeyNames$2
org/springframework/scheduling/support/ScheduledTaskObservationDocumentation$LowCardinalityKeyNames$2.class	8	scheduler	gLorg/springframework/scheduling/support/ScheduledTaskObservationDocumentation$LowCardinalityKeyNames$2;
org/springframework/scheduling/support/ScheduledTaskObservationDocumentation$LowCardinalityKeyNames$2.class	18	scheduler	Lorg/springframework/scheduling/support/ScheduledTaskObservationDocumentation
org/springframework/scheduling/support/ScheduledTaskObservationConvention.class	1	scheduler	Forg/springframework/scheduling/support/ScheduledTaskObservationContext
org/springframework/scheduling/support/ScheduledTaskObservationConvention.class	2	scheduler	Iorg/springframework/scheduling/support/ScheduledTaskObservationConvention
org/springframework/scheduling/support/ScheduledTaskObservationConvention.class	9	scheduler	KLorg/springframework/scheduling/support/ScheduledTaskObservationConvention;
org/springframework/scheduling/support/ScheduledTaskObservationConvention.class	14	scheduler	Ljava/lang/Object;Lio/micrometer/observation/ObservationConvention<Lorg/springframework/scheduling/support/ScheduledTaskObservationContext;>;
org/springframework/scheduling/support/DelegatingErrorHandlingRunnable.class	8	scheduler	Forg/springframework/scheduling/support/DelegatingErrorHandlingRunnable
org/springframework/scheduling/support/DelegatingErrorHandlingRunnable.class	26	scheduler	HLorg/springframework/scheduling/support/DelegatingErrorHandlingRunnable;
org/springframework/scheduling/support/DefaultScheduledTaskObservationConvention.class	3	scheduler	Porg/springframework/scheduling/support/DefaultScheduledTaskObservationConvention
org/springframework/scheduling/support/DefaultScheduledTaskObservationConvention.class	4	scheduler	tasks.scheduled.execution
org/springframework/scheduling/support/DefaultScheduledTaskObservationConvention.class	5	scheduler	Forg/springframework/scheduling/support/ScheduledTaskObservationContext
org/springframework/scheduling/support/DefaultScheduledTaskObservationConvention.class	22	scheduler	i(Lorg/springframework/scheduling/support/ScheduledTaskObservationContext;)Lio/micrometer/common/KeyValue;
org/springframework/scheduling/support/DefaultScheduledTaskObservationConvention.class	28	scheduler	corg/springframework/scheduling/support/ScheduledTaskObservationDocumentation$LowCardinalityKeyNames
org/springframework/scheduling/support/DefaultScheduledTaskObservationConvention.class	30	scheduler	eLorg/springframework/scheduling/support/ScheduledTaskObservationDocumentation$LowCardinalityKeyNames;
org/springframework/scheduling/support/DefaultScheduledTaskObservationConvention.class	46	scheduler	\(Lorg/springframework/scheduling/support/ScheduledTaskObservationContext;)Ljava/lang/String;
org/springframework/scheduling/support/DefaultScheduledTaskObservationConvention.class	48	scheduler	j(Lorg/springframework/scheduling/support/ScheduledTaskObservationContext;)Lio/micrometer/common/KeyValues;
org/springframework/scheduling/support/DefaultScheduledTaskObservationConvention.class	54	scheduler	Iorg/springframework/scheduling/support/ScheduledTaskObservationConvention
org/springframework/scheduling/support/DefaultScheduledTaskObservationConvention.class	60	scheduler	RLorg/springframework/scheduling/support/DefaultScheduledTaskObservationConvention;
org/springframework/scheduling/support/DefaultScheduledTaskObservationConvention.class	62	scheduler	HLorg/springframework/scheduling/support/ScheduledTaskObservationContext;
org/springframework/scheduling/support/DefaultScheduledTaskObservationConvention.class	75	scheduler	Lorg/springframework/scheduling/support/ScheduledTaskObservationDocumentation
org/springframework/scheduling/support/package-info.class	1	scheduler	3org/springframework/scheduling/support/package-info
org/springframework/scheduling/support/QuartzCronField.class	1	scheduler	6org/springframework/scheduling/support/QuartzCronField
org/springframework/scheduling/support/QuartzCronField.class	3	scheduler	(Lorg/springframework/scheduling/support/CronField$Type;Lorg/springframework/scheduling/support/CronField$Type;Ljava/time/temporal/TemporalAdjuster;Ljava/lang/String;)V
org/springframework/scheduling/support/QuartzCronField.class	4	scheduler	0org/springframework/scheduling/support/CronField
org/springframework/scheduling/support/QuartzCronField.class	5	scheduler	:(Lorg/springframework/scheduling/support/CronField$Type;)V
org/springframework/scheduling/support/QuartzCronField.class	11	scheduler	7Lorg/springframework/scheduling/support/CronField$Type;
org/springframework/scheduling/support/QuartzCronField.class	31	scheduler	5org/springframework/scheduling/support/CronField$Type
org/springframework/scheduling/support/QuartzCronField.class	33	scheduler	q(Lorg/springframework/scheduling/support/CronField$Type;Ljava/time/temporal/TemporalAdjuster;Ljava/lang/String;)V
org/springframework/scheduling/support/QuartzCronField.class	76	scheduler	9()Lorg/springframework/scheduling/support/CronField$Type;
org/springframework/scheduling/support/QuartzCronField.class	81	scheduler	](Lorg/springframework/scheduling/support/CronField$Type;Ljava/lang/String;)Ljava/lang/String;
org/springframework/scheduling/support/QuartzCronField.class	90	scheduler	5org/springframework/scheduling/support/CronExpression
org/springframework/scheduling/support/QuartzCronField.class	103	scheduler	8Lorg/springframework/scheduling/support/QuartzCronField;
org/springframework/scheduling/support/QuartzCronField.class	109	scheduler	L(Ljava/lang/String;)Lorg/springframework/scheduling/support/QuartzCronField;
org/springframework/scheduling/support/ScheduledTaskObservationContext.class	6	scheduler	Forg/springframework/scheduling/support/ScheduledTaskObservationContext
org/springframework/scheduling/support/ScheduledTaskObservationContext.class	17	scheduler	HLorg/springframework/scheduling/support/ScheduledTaskObservationContext;
org/springframework/scheduling/support/CronTrigger$3.class	1	scheduler	4org/springframework/scheduling/support/CronTrigger$3
org/springframework/scheduling/support/CronTrigger$3.class	4	scheduler	2org/springframework/scheduling/support/CronTrigger
org/springframework/scheduling/support/CronTrigger$3.class	7	scheduler	-org/springframework/scheduling/TriggerContext
org/springframework/scheduling/support/CronTrigger$3.class	11	scheduler	D(Lorg/springframework/scheduling/TriggerContext;)Ljava/time/Instant;
org/springframework/scheduling/support/CronTrigger$3.class	15	scheduler	6Lorg/springframework/scheduling/support/CronTrigger$3;
org/springframework/scheduling/support/CronTrigger$3.class	20	scheduler	/Lorg/springframework/scheduling/TriggerContext;
org/springframework/scheduling/support/CronTrigger$3.class	21	scheduler	scheduled
org/springframework/scheduling/support/CronTrigger$3.class	29	scheduler	[(Ljava/lang/String;Ljava/time/Instant;)Lorg/springframework/scheduling/support/CronTrigger;
org/springframework/scheduling/support/PeriodicTrigger.class	1	scheduler	6org/springframework/scheduling/support/PeriodicTrigger
org/springframework/scheduling/support/PeriodicTrigger.class	34	scheduler	-org/springframework/scheduling/TriggerContext
org/springframework/scheduling/support/PeriodicTrigger.class	50	scheduler	&org/springframework/scheduling/Trigger
org/springframework/scheduling/support/PeriodicTrigger.class	55	scheduler	8Lorg/springframework/scheduling/support/PeriodicTrigger;
org/springframework/scheduling/support/PeriodicTrigger.class	76	scheduler	D(Lorg/springframework/scheduling/TriggerContext;)Ljava/time/Instant;
org/springframework/scheduling/support/PeriodicTrigger.class	79	scheduler	/Lorg/springframework/scheduling/TriggerContext;
org/springframework/scheduling/support/ScheduledTaskObservationDocumentation$LowCardinalityKeyNames$4.class	1	scheduler	corg/springframework/scheduling/support/ScheduledTaskObservationDocumentation$LowCardinalityKeyNames
org/springframework/scheduling/support/ScheduledTaskObservationDocumentation$LowCardinalityKeyNames$4.class	5	scheduler	eorg/springframework/scheduling/support/ScheduledTaskObservationDocumentation$LowCardinalityKeyNames$4
org/springframework/scheduling/support/ScheduledTaskObservationDocumentation$LowCardinalityKeyNames$4.class	8	scheduler	gLorg/springframework/scheduling/support/ScheduledTaskObservationDocumentation$LowCardinalityKeyNames$4;
org/springframework/scheduling/support/ScheduledTaskObservationDocumentation$LowCardinalityKeyNames$4.class	18	scheduler	Lorg/springframework/scheduling/support/ScheduledTaskObservationDocumentation
org/springframework/scheduling/support/CronTrigger$2.class	1	scheduler	2org/springframework/scheduling/support/CronTrigger
org/springframework/scheduling/support/CronTrigger$2.class	4	scheduler	-org/springframework/scheduling/TriggerContext
org/springframework/scheduling/support/CronTrigger$2.class	8	scheduler	D(Lorg/springframework/scheduling/TriggerContext;)Ljava/time/Instant;
org/springframework/scheduling/support/CronTrigger$2.class	9	scheduler	4org/springframework/scheduling/support/CronTrigger$2
org/springframework/scheduling/support/CronTrigger$2.class	12	scheduler	6Lorg/springframework/scheduling/support/CronTrigger$2;
org/springframework/scheduling/support/CronTrigger$2.class	18	scheduler	/Lorg/springframework/scheduling/TriggerContext;
org/springframework/scheduling/support/CronTrigger$2.class	19	scheduler	scheduled
org/springframework/scheduling/support/CronTrigger$2.class	27	scheduler	H(Ljava/lang/String;)Lorg/springframework/scheduling/support/CronTrigger;
org/springframework/scheduling/SchedulingAwareRunnable.class	1	scheduler	6org/springframework/scheduling/SchedulingAwareRunnable
org/springframework/scheduling/SchedulingAwareRunnable.class	7	scheduler	8Lorg/springframework/scheduling/SchedulingAwareRunnable;
org/springframework/scheduling/annotation/AsyncAnnotationBeanPostProcessor.class	1	scheduler	Morg/springframework/scheduling/annotation/AnnotationAsyncExecutionInterceptor
org/springframework/scheduling/annotation/AsyncAnnotationBeanPostProcessor.class	10	scheduler	Jorg/springframework/scheduling/annotation/AsyncAnnotationBeanPostProcessor
org/springframework/scheduling/annotation/AsyncAnnotationBeanPostProcessor.class	27	scheduler	@org/springframework/scheduling/annotation/AsyncAnnotationAdvisor
org/springframework/scheduling/annotation/AsyncAnnotationBeanPostProcessor.class	45	scheduler	LLorg/springframework/scheduling/annotation/AsyncAnnotationBeanPostProcessor;
org/springframework/scheduling/annotation/AsyncAnnotationBeanPostProcessor.class	60	scheduler	BLorg/springframework/scheduling/annotation/AsyncAnnotationAdvisor;
org/springframework/scheduling/annotation/SchedulingConfiguration.class	3	scheduler	Norg/springframework/scheduling/annotation/ScheduledAnnotationBeanPostProcessor
org/springframework/scheduling/annotation/SchedulingConfiguration.class	4	scheduler	Aorg/springframework/scheduling/annotation/SchedulingConfiguration
org/springframework/scheduling/annotation/SchedulingConfiguration.class	7	scheduler	CLorg/springframework/scheduling/annotation/SchedulingConfiguration;
org/springframework/scheduling/annotation/SchedulingConfiguration.class	9	scheduler	R()Lorg/springframework/scheduling/annotation/ScheduledAnnotationBeanPostProcessor;
org/springframework/scheduling/annotation/EnableAsync.class	1	scheduler	5org/springframework/scheduling/annotation/EnableAsync
org/springframework/scheduling/annotation/EnableAsync.class	26	scheduler	FLorg/springframework/scheduling/annotation/AsyncConfigurationSelector;&
org/springframework/scheduling/annotation/AsyncAnnotationAdvisor.class	2	scheduler	@org/springframework/scheduling/annotation/AsyncAnnotationAdvisor
org/springframework/scheduling/annotation/AsyncAnnotationAdvisor.class	10	scheduler	/org/springframework/scheduling/annotation/Async
org/springframework/scheduling/annotation/AsyncAnnotationAdvisor.class	38	scheduler	Morg/springframework/scheduling/annotation/AnnotationAsyncExecutionInterceptor
org/springframework/scheduling/annotation/AsyncAnnotationAdvisor.class	56	scheduler	BLorg/springframework/scheduling/annotation/AsyncAnnotationAdvisor;
org/springframework/scheduling/annotation/AsyncAnnotationAdvisor.class	93	scheduler	OLorg/springframework/scheduling/annotation/AnnotationAsyncExecutionInterceptor;
org/springframework/scheduling/annotation/ScheduledAnnotationBeanPostProcessor.class	1	scheduler	9org/springframework/scheduling/config/TaskSchedulerRouter
org/springframework/scheduling/annotation/ScheduledAnnotationBeanPostProcessor.class	9	scheduler	Norg/springframework/scheduling/annotation/ScheduledAnnotationBeanPostProcessor
org/springframework/scheduling/annotation/ScheduledAnnotationBeanPostProcessor.class	23	scheduler	<org/springframework/scheduling/config/ScheduledTaskRegistrar
org/springframework/scheduling/annotation/ScheduledAnnotationBeanPostProcessor.class	25	scheduler	>Lorg/springframework/scheduling/config/ScheduledTaskRegistrar;
org/springframework/scheduling/annotation/ScheduledAnnotationBeanPostProcessor.class	31	scheduler	scheduler
org/springframework/scheduling/annotation/ScheduledAnnotationBeanPostProcessor.class	47	scheduler	;Lorg/springframework/scheduling/config/TaskSchedulerRouter;
org/springframework/scheduling/annotation/ScheduledAnnotationBeanPostProcessor.class	53	scheduler	1(Lorg/springframework/scheduling/TaskScheduler;)V
org/springframework/scheduling/annotation/ScheduledAnnotationBeanPostProcessor.class	55	scheduler	>org/springframework/scheduling/annotation/SchedulingConfigurer
org/springframework/scheduling/annotation/ScheduledAnnotationBeanPostProcessor.class	72	scheduler	A(Lorg/springframework/scheduling/config/ScheduledTaskRegistrar;)V
org/springframework/scheduling/annotation/ScheduledAnnotationBeanPostProcessor.class	75	scheduler	,org/springframework/scheduling/TaskScheduler
org/springframework/scheduling/annotation/ScheduledAnnotationBeanPostProcessor.class	82	scheduler	3org/springframework/scheduling/annotation/Scheduled
org/springframework/scheduling/annotation/ScheduledAnnotationBeanPostProcessor.class	83	scheduler	3org/springframework/scheduling/annotation/Schedules
org/springframework/scheduling/annotation/ScheduledAnnotationBeanPostProcessor.class	98	trace-or-step	trace
org/springframework/scheduling/annotation/ScheduledAnnotationBeanPostProcessor.class	100	scheduler	(Lorg/springframework/scheduling/annotation/ScheduledAnnotationBeanPostProcessor;Ljava/lang/Object;)Ljava/util/function/BiConsumer;
org/springframework/scheduling/annotation/ScheduledAnnotationBeanPostProcessor.class	111	scheduler	Lorg/springframework/scheduling/annotation/ScheduledAnnotationReactiveSupport
org/springframework/scheduling/annotation/ScheduledAnnotationBeanPostProcessor.class	115	scheduler	d(Lorg/springframework/scheduling/annotation/Scheduled;Ljava/lang/reflect/Method;Ljava/lang/Object;)V
org/springframework/scheduling/annotation/ScheduledAnnotationBeanPostProcessor.class	127	scheduler	x(Lorg/springframework/scheduling/annotation/Scheduled;Ljava/lang/Runnable;Ljava/lang/reflect/Method;Ljava/lang/Object;)V
org/springframework/scheduling/annotation/ScheduledAnnotationBeanPostProcessor.class	131	scheduler	](Lorg/springframework/scheduling/config/ScheduledTaskRegistrar;)Ljava/util/function/Supplier;
org/springframework/scheduling/annotation/ScheduledAnnotationBeanPostProcessor.class	137	scheduler	(Ljava/lang/reflect/Method;Ljava/lang/Object;Lorg/springframework/scheduling/annotation/Scheduled;Ljava/util/function/Supplier;Ljava/util/List;)Ljava/lang/Runnable;
org/springframework/scheduling/annotation/ScheduledAnnotationBeanPostProcessor.class	163	scheduler	2org/springframework/scheduling/support/CronTrigger
org/springframework/scheduling/annotation/ScheduledAnnotationBeanPostProcessor.class	167	scheduler	.org/springframework/scheduling/config/CronTask
org/springframework/scheduling/annotation/ScheduledAnnotationBeanPostProcessor.class	168	scheduler	K(Ljava/lang/Runnable;Lorg/springframework/scheduling/support/CronTrigger;)V
org/springframework/scheduling/annotation/ScheduledAnnotationBeanPostProcessor.class	170	scheduler	g(Lorg/springframework/scheduling/config/CronTask;)Lorg/springframework/scheduling/config/ScheduledTask;
org/springframework/scheduling/annotation/ScheduledAnnotationBeanPostProcessor.class	173	scheduler	4org/springframework/scheduling/config/FixedDelayTask
org/springframework/scheduling/annotation/ScheduledAnnotationBeanPostProcessor.class	176	scheduler	m(Lorg/springframework/scheduling/config/FixedDelayTask;)Lorg/springframework/scheduling/config/ScheduledTask;
org/springframework/scheduling/annotation/ScheduledAnnotationBeanPostProcessor.class	179	scheduler	3org/springframework/scheduling/config/FixedRateTask
org/springframework/scheduling/annotation/ScheduledAnnotationBeanPostProcessor.class	181	scheduler	l(Lorg/springframework/scheduling/config/FixedRateTask;)Lorg/springframework/scheduling/config/ScheduledTask;
org/springframework/scheduling/annotation/ScheduledAnnotationBeanPostProcessor.class	184	scheduler	1org/springframework/scheduling/config/OneTimeTask
org/springframework/scheduling/annotation/ScheduledAnnotationBeanPostProcessor.class	187	scheduler	j(Lorg/springframework/scheduling/config/OneTimeTask;)Lorg/springframework/scheduling/config/ScheduledTask;
org/springframework/scheduling/annotation/ScheduledAnnotationBeanPostProcessor.class	192	scheduler	4Only no-arg methods may be annotated with @Scheduled
org/springframework/scheduling/annotation/ScheduledAnnotationBeanPostProcessor.class	196	scheduler	>org/springframework/scheduling/support/ScheduledMethodRunnable
org/springframework/scheduling/annotation/ScheduledAnnotationBeanPostProcessor.class	218	scheduler	3org/springframework/scheduling/config/ScheduledTask
org/springframework/scheduling/annotation/ScheduledAnnotationBeanPostProcessor.class	230	scheduler	(Lorg/springframework/scheduling/annotation/ScheduledAnnotationBeanPostProcessor;Ljava/lang/reflect/Method;Ljava/lang/Object;)Ljava/util/function/Consumer;
org/springframework/scheduling/annotation/ScheduledAnnotationBeanPostProcessor.class	243	scheduler	9org/springframework/scheduling/config/ScheduledTaskHolder
org/springframework/scheduling/annotation/ScheduledAnnotationBeanPostProcessor.class	260	scheduler	iLjava/util/Map<Ljava/lang/Object;Ljava/util/Set<Lorg/springframework/scheduling/config/ScheduledTask;>;>;
org/springframework/scheduling/annotation/ScheduledAnnotationBeanPostProcessor.class	265	scheduler	PLorg/springframework/scheduling/annotation/ScheduledAnnotationBeanPostProcessor;
org/springframework/scheduling/annotation/ScheduledAnnotationBeanPostProcessor.class	276	scheduler	@Lorg/springframework/scheduling/annotation/SchedulingConfigurer;
org/springframework/scheduling/annotation/ScheduledAnnotationBeanPostProcessor.class	282	scheduler	cLjava/util/Map<Ljava/lang/String;Lorg/springframework/scheduling/annotation/SchedulingConfigurer;>;
org/springframework/scheduling/annotation/ScheduledAnnotationBeanPostProcessor.class	283	scheduler	RLjava/util/List<Lorg/springframework/scheduling/annotation/SchedulingConfigurer;>;
org/springframework/scheduling/annotation/ScheduledAnnotationBeanPostProcessor.class	298	scheduler	qLjava/util/Map<Ljava/lang/reflect/Method;Ljava/util/Set<Lorg/springframework/scheduling/annotation/Scheduled;>;>;
org/springframework/scheduling/annotation/ScheduledAnnotationBeanPostProcessor.class	299	scheduler	scheduled
org/springframework/scheduling/annotation/ScheduledAnnotationBeanPostProcessor.class	300	scheduler	5Lorg/springframework/scheduling/annotation/Scheduled;
org/springframework/scheduling/annotation/ScheduledAnnotationBeanPostProcessor.class	307	scheduler	4Lorg/springframework/scheduling/support/CronTrigger;
org/springframework/scheduling/annotation/ScheduledAnnotationBeanPostProcessor.class	314	scheduler	FLjava/util/Set<Lorg/springframework/scheduling/config/ScheduledTask;>;
org/springframework/scheduling/annotation/ScheduledAnnotationBeanPostProcessor.class	329	scheduler	^Ljava/util/Collection<Ljava/util/Set<Lorg/springframework/scheduling/config/ScheduledTask;>;>;
org/springframework/scheduling/annotation/ScheduledAnnotationBeanPostProcessor.class	330	scheduler	H()Ljava/util/Set<Lorg/springframework/scheduling/config/ScheduledTask;>;
org/springframework/scheduling/annotation/ScheduledAnnotationBeanPostProcessor.class	334	scheduler	5Lorg/springframework/scheduling/config/ScheduledTask;
org/springframework/scheduling/annotation/ScheduledAnnotationBeanPostProcessor.class	351	scheduler	d(Ljava/lang/reflect/Method;Ljava/lang/Object;Lorg/springframework/scheduling/annotation/Scheduled;)V
org/springframework/scheduling/annotation/ScheduledAnnotationBeanPostProcessor.class	354	scheduler	FLjava/util/Set<Lorg/springframework/scheduling/annotation/Scheduled;>;
org/springframework/scheduling/annotation/ScheduledAnnotationBeanPostProcessor.class	356	scheduler	Ljava/lang/Object;Lorg/springframework/scheduling/config/ScheduledTaskHolder;Lorg/springframework/beans/factory/support/MergedBeanDefinitionPostProcessor;Lorg/springframework/beans/factory/config/DestructionAwareBeanPostProcessor;Lorg/springframework/core/Ordered;Lorg/springframework/context/EmbeddedValueResolverAware;Lorg/springframework/beans/factory/BeanNameAware;Lorg/springframework/beans/factory/BeanFactoryAware;Lorg/springframework/context/ApplicationContextAware;Lorg/springframework/beans/factory/SmartInitializingSingleton;Lorg/springframework/beans/factory/DisposableBean;Lorg/springframework/context/ApplicationListener<Lorg/springframework/context/event/ApplicationContextEvent;>;
org/springframework/scheduling/annotation/ScheduledAnnotationBeanPostProcessor.class	366	scheduler	0No @Scheduled annotations found on bean class:
org/springframework/scheduling/annotation/ScheduledAnnotationBeanPostProcessor.class	369	scheduler	@Scheduled methods processed on bean '
org/springframework/scheduling/annotation/ScheduledAnnotationBeanPostProcessor.class	370	scheduler	<Could not create recurring task for @Scheduled method '
org/springframework/scheduling/annotation/ScheduledAnnotationBeanPostProcessor.class	376	scheduler	,Encountered invalid @Scheduled method '
org/springframework/scheduling/annotation/ScheduledAnnotationBeanPostProcessor.class	379	scheduler	8(Lorg/springframework/scheduling/annotation/Scheduled;)V
org/springframework/scheduling/annotation/AnnotationAsyncExecutionInterceptor.class	5	scheduler	/org/springframework/scheduling/annotation/Async
org/springframework/scheduling/annotation/AnnotationAsyncExecutionInterceptor.class	14	scheduler	Morg/springframework/scheduling/annotation/AnnotationAsyncExecutionInterceptor
org/springframework/scheduling/annotation/AnnotationAsyncExecutionInterceptor.class	17	scheduler	OLorg/springframework/scheduling/annotation/AnnotationAsyncExecutionInterceptor;
org/springframework/scheduling/annotation/AnnotationAsyncExecutionInterceptor.class	30	scheduler	1Lorg/springframework/scheduling/annotation/Async;
org/springframework/scheduling/annotation/EnableScheduling.class	1	scheduler	:org/springframework/scheduling/annotation/EnableScheduling
org/springframework/scheduling/annotation/EnableScheduling.class	14	scheduler	CLorg/springframework/scheduling/annotation/SchedulingConfiguration;
org/springframework/scheduling/annotation/AsyncConfigurationSelector$1.class	4	scheduler	Forg/springframework/scheduling/annotation/AsyncConfigurationSelector$1
org/springframework/scheduling/annotation/AsyncConfigurationSelector$1.class	19	scheduler	Dorg/springframework/scheduling/annotation/AsyncConfigurationSelector
org/springframework/scheduling/annotation/AsyncConfigurer.class	1	scheduler	9org/springframework/scheduling/annotation/AsyncConfigurer
org/springframework/scheduling/annotation/AsyncConfigurer.class	7	scheduler	;Lorg/springframework/scheduling/annotation/AsyncConfigurer;
org/springframework/scheduling/annotation/AsyncResult.class	1	scheduler	5org/springframework/scheduling/annotation/AsyncResult
org/springframework/scheduling/annotation/AsyncResult.class	35	scheduler	7Lorg/springframework/scheduling/annotation/AsyncResult;
org/springframework/scheduling/annotation/AsyncResult.class	37	scheduler	<Lorg/springframework/scheduling/annotation/AsyncResult<TV;>;
org/springframework/scheduling/annotation/AsyncConfigurerSupport.class	3	scheduler	@org/springframework/scheduling/annotation/AsyncConfigurerSupport
org/springframework/scheduling/annotation/AsyncConfigurerSupport.class	4	scheduler	9org/springframework/scheduling/annotation/AsyncConfigurer
org/springframework/scheduling/annotation/AsyncConfigurerSupport.class	7	scheduler	BLorg/springframework/scheduling/annotation/AsyncConfigurerSupport;
org/springframework/scheduling/annotation/ProxyAsyncConfiguration.class	1	scheduler	Dorg/springframework/scheduling/annotation/AbstractAsyncConfiguration
org/springframework/scheduling/annotation/ProxyAsyncConfiguration.class	3	scheduler	Aorg/springframework/scheduling/annotation/ProxyAsyncConfiguration
org/springframework/scheduling/annotation/ProxyAsyncConfiguration.class	10	scheduler	Jorg/springframework/scheduling/annotation/AsyncAnnotationBeanPostProcessor
org/springframework/scheduling/annotation/ProxyAsyncConfiguration.class	20	scheduler	5org/springframework/scheduling/annotation/EnableAsync
org/springframework/scheduling/annotation/ProxyAsyncConfiguration.class	38	scheduler	CLorg/springframework/scheduling/annotation/ProxyAsyncConfiguration;
org/springframework/scheduling/annotation/ProxyAsyncConfiguration.class	40	scheduler	N()Lorg/springframework/scheduling/annotation/AsyncAnnotationBeanPostProcessor;
org/springframework/scheduling/annotation/ProxyAsyncConfiguration.class	41	scheduler	LLorg/springframework/scheduling/annotation/AsyncAnnotationBeanPostProcessor;
org/springframework/scheduling/annotation/ScheduledAnnotationReactiveSupport$TrackingSubscriber.class	1	scheduler	_org/springframework/scheduling/annotation/ScheduledAnnotationReactiveSupport$TrackingSubscriber
org/springframework/scheduling/annotation/ScheduledAnnotationReactiveSupport$TrackingSubscriber.class	23	scheduler	Lorg/springframework/scheduling/annotation/ScheduledAnnotationReactiveSupport
org/springframework/scheduling/annotation/ScheduledAnnotationReactiveSupport$TrackingSubscriber.class	26	scheduler	4Unexpected error occurred in scheduled reactive task
org/springframework/scheduling/annotation/ScheduledAnnotationReactiveSupport$TrackingSubscriber.class	33	scheduler	Forg/springframework/scheduling/support/ScheduledTaskObservationContext
org/springframework/scheduling/annotation/ScheduledAnnotationReactiveSupport$TrackingSubscriber.class	44	scheduler	aLorg/springframework/scheduling/annotation/ScheduledAnnotationReactiveSupport$TrackingSubscriber;
org/springframework/scheduling/annotation/ScheduledAnnotationReactiveSupport$TrackingSubscriber.class	62	scheduler	HLorg/springframework/scheduling/support/ScheduledTaskObservationContext;
org/springframework/scheduling/annotation/SchedulingConfigurer.class	1	scheduler	>org/springframework/scheduling/annotation/SchedulingConfigurer
org/springframework/scheduling/annotation/SchedulingConfigurer.class	4	scheduler	A(Lorg/springframework/scheduling/config/ScheduledTaskRegistrar;)V
org/springframework/scheduling/annotation/ScheduledAnnotationReactiveSupport$SubscribingRunnable.class	3	scheduler	`org/springframework/scheduling/annotation/ScheduledAnnotationReactiveSupport$SubscribingRunnable
org/springframework/scheduling/annotation/ScheduledAnnotationReactiveSupport$SubscribingRunnable.class	14	scheduler	Lorg/springframework/scheduling/support/ScheduledTaskObservationDocumentation
org/springframework/scheduling/annotation/ScheduledAnnotationReactiveSupport$SubscribingRunnable.class	16	scheduler	NLorg/springframework/scheduling/support/ScheduledTaskObservationDocumentation;
org/springframework/scheduling/annotation/ScheduledAnnotationReactiveSupport$SubscribingRunnable.class	18	scheduler	KLorg/springframework/scheduling/support/ScheduledTaskObservationConvention;
org/springframework/scheduling/annotation/ScheduledAnnotationReactiveSupport$SubscribingRunnable.class	25	scheduler	_org/springframework/scheduling/annotation/ScheduledAnnotationReactiveSupport$TrackingSubscriber
org/springframework/scheduling/annotation/ScheduledAnnotationReactiveSupport$SubscribingRunnable.class	28	scheduler	(Lorg/springframework/scheduling/annotation/ScheduledAnnotationReactiveSupport$TrackingSubscriber;Lio/micrometer/observation/Observation;)V
org/springframework/scheduling/annotation/ScheduledAnnotationReactiveSupport$SubscribingRunnable.class	36	scheduler	Lorg/springframework/scheduling/annotation/ScheduledAnnotationReactiveSupport
org/springframework/scheduling/annotation/ScheduledAnnotationReactiveSupport$SubscribingRunnable.class	53	scheduler	Porg/springframework/scheduling/support/DefaultScheduledTaskObservationConvention
org/springframework/scheduling/annotation/ScheduledAnnotationReactiveSupport$SubscribingRunnable.class	54	scheduler	6org/springframework/scheduling/SchedulingAwareRunnable
org/springframework/scheduling/annotation/ScheduledAnnotationReactiveSupport$SubscribingRunnable.class	61	scheduler	gLjava/util/function/Supplier<Lorg/springframework/scheduling/support/ScheduledTaskObservationContext;>;
org/springframework/scheduling/annotation/ScheduledAnnotationReactiveSupport$SubscribingRunnable.class	65	scheduler	bLorg/springframework/scheduling/annotation/ScheduledAnnotationReactiveSupport$SubscribingRunnable;
org/springframework/scheduling/annotation/ScheduledAnnotationReactiveSupport$SubscribingRunnable.class	68	scheduler	(Lorg/reactivestreams/Publisher<*>;ZLjava/lang/String;Ljava/util/List<Ljava/lang/Runnable;>;Ljava/util/function/Supplier<Lio/micrometer/observation/ObservationRegistry;>;Ljava/util/function/Supplier<Lorg/springframework/scheduling/support/ScheduledTaskObservationContext;>;)V
org/springframework/scheduling/annotation/ScheduledAnnotationReactiveSupport$SubscribingRunnable.class	76	scheduler	aLorg/springframework/scheduling/annotation/ScheduledAnnotationReactiveSupport$TrackingSubscriber;
org/springframework/scheduling/annotation/Async.class	1	scheduler	/org/springframework/scheduling/annotation/Async
org/springframework/scheduling/annotation/Scheduled.class	1	scheduler	<org/springframework/scheduling/config/ScheduledTaskRegistrar
org/springframework/scheduling/annotation/Scheduled.class	2	scheduler	3org/springframework/scheduling/annotation/Scheduled
org/springframework/scheduling/annotation/Scheduled.class	20	scheduler	scheduler
org/springframework/scheduling/annotation/Scheduled.class	22	scheduler	Scheduled.java
org/springframework/scheduling/annotation/Scheduled.class	34	scheduler	5Lorg/springframework/scheduling/annotation/Schedules;
org/springframework/scheduling/annotation/AsyncConfigurationSelector.class	3	scheduler	Forg/springframework/scheduling/annotation/AsyncConfigurationSelector$1
org/springframework/scheduling/annotation/AsyncConfigurationSelector.class	9	scheduler	Aorg/springframework/scheduling/annotation/ProxyAsyncConfiguration
org/springframework/scheduling/annotation/AsyncConfigurationSelector.class	13	scheduler	Dorg/springframework/scheduling/annotation/AsyncConfigurationSelector
org/springframework/scheduling/annotation/AsyncConfigurationSelector.class	14	scheduler	@org.springframework.scheduling.aspectj.AspectJAsyncConfiguration
org/springframework/scheduling/annotation/AsyncConfigurationSelector.class	20	scheduler	FLorg/springframework/scheduling/annotation/AsyncConfigurationSelector;
org/springframework/scheduling/annotation/AsyncConfigurationSelector.class	31	scheduler	zLorg/springframework/context/annotation/AdviceModeImportSelector<Lorg/springframework/scheduling/annotation/EnableAsync;>;
org/springframework/scheduling/annotation/package-info.class	1	scheduler	6org/springframework/scheduling/annotation/package-info
org/springframework/scheduling/annotation/Schedules.class	1	scheduler	3org/springframework/scheduling/annotation/Schedules
org/springframework/scheduling/annotation/Schedules.class	5	scheduler	8()[Lorg/springframework/scheduling/annotation/Scheduled;
org/springframework/scheduling/annotation/AbstractAsyncConfiguration.class	3	scheduler	5org/springframework/scheduling/annotation/EnableAsync
org/springframework/scheduling/annotation/AbstractAsyncConfiguration.class	13	scheduler	Dorg/springframework/scheduling/annotation/AbstractAsyncConfiguration
org/springframework/scheduling/annotation/AbstractAsyncConfiguration.class	33	scheduler	9org/springframework/scheduling/annotation/AsyncConfigurer
org/springframework/scheduling/annotation/AbstractAsyncConfiguration.class	57	scheduler	FLorg/springframework/scheduling/annotation/AbstractAsyncConfiguration;
org/springframework/scheduling/annotation/AbstractAsyncConfiguration.class	70	scheduler	oLorg/springframework/beans/factory/ObjectProvider<Lorg/springframework/scheduling/annotation/AsyncConfigurer;>;
org/springframework/scheduling/annotation/AbstractAsyncConfiguration.class	71	scheduler	ZLjava/util/function/Supplier<Lorg/springframework/scheduling/annotation/AsyncConfigurer;>;
org/springframework/scheduling/annotation/AbstractAsyncConfiguration.class	72	scheduler	r(Lorg/springframework/beans/factory/ObjectProvider<Lorg/springframework/scheduling/annotation/AsyncConfigurer;>;)V
org/springframework/scheduling/annotation/AbstractAsyncConfiguration.class	77	scheduler	]Ljava/util/function/Function<Lorg/springframework/scheduling/annotation/AsyncConfigurer;TT;>;
org/springframework/scheduling/annotation/AbstractAsyncConfiguration.class	78	scheduler	<T:Ljava/lang/Object;>(Ljava/util/function/Supplier<Lorg/springframework/scheduling/annotation/AsyncConfigurer;>;Ljava/util/function/Function<Lorg/springframework/scheduling/annotation/AsyncConfigurer;TT;>;)Ljava/util/function/Supplier<TT;>;
org/springframework/scheduling/annotation/AbstractAsyncConfiguration.class	81	scheduler	;Lorg/springframework/scheduling/annotation/AsyncConfigurer;
org/springframework/scheduling/annotation/AbstractAsyncConfiguration.class	83	scheduler	o(Lorg/springframework/beans/factory/ObjectProvider;)Lorg/springframework/scheduling/annotation/AsyncConfigurer;
org/springframework/scheduling/annotation/AbstractAsyncConfiguration.class	86	scheduler	MLjava/util/List<Lorg/springframework/scheduling/annotation/AsyncConfigurer;>;
org/springframework/scheduling/annotation/AbstractAsyncConfiguration.class	98	scheduler	=()Lorg/springframework/scheduling/annotation/AsyncConfigurer;
org/springframework/scheduling/annotation/AbstractAsyncConfiguration.class	101	scheduler	\(Lorg/springframework/scheduling/annotation/AsyncConfigurer;)Ljava/util/concurrent/Executor;
org/springframework/scheduling/annotation/AbstractAsyncConfiguration.class	104	scheduler	(Lorg/springframework/scheduling/annotation/AsyncConfigurer;)Lorg/springframework/aop/interceptor/AsyncUncaughtExceptionHandler;
org/springframework/scheduling/annotation/ScheduledAnnotationReactiveSupport.class	9	scheduler	_Kotlin suspending functions may only be annotated with @Scheduled if declared without arguments
org/springframework/scheduling/annotation/ScheduledAnnotationReactiveSupport.class	13	scheduler	Lorg/springframework/scheduling/annotation/ScheduledAnnotationReactiveSupport
org/springframework/scheduling/annotation/ScheduledAnnotationReactiveSupport.class	15	scheduler	Kotlin suspending functions may only be annotated with @Scheduled if the Coroutine-Reactor bridge (kotlinx.coroutines.reactor) is present at runtime
org/springframework/scheduling/annotation/ScheduledAnnotationReactiveSupport.class	24	scheduler	TReactive methods may only be annotated with @Scheduled if declared without arguments
org/springframework/scheduling/annotation/ScheduledAnnotationReactiveSupport.class	30	scheduler	eReactive methods may only be annotated with @Scheduled if the return type supports deferred execution
org/springframework/scheduling/annotation/ScheduledAnnotationReactiveSupport.class	31	scheduler	3org/springframework/scheduling/annotation/Scheduled
org/springframework/scheduling/annotation/ScheduledAnnotationReactiveSupport.class	41	scheduler	`org/springframework/scheduling/annotation/ScheduledAnnotationReactiveSupport$SubscribingRunnable
org/springframework/scheduling/annotation/ScheduledAnnotationReactiveSupport.class	42	scheduler	scheduler
org/springframework/scheduling/annotation/ScheduledAnnotationReactiveSupport.class	51	scheduler	BCannot convert @Scheduled reactive method return type to Publisher
org/springframework/scheduling/annotation/ScheduledAnnotationReactiveSupport.class	77	scheduler	OCannot obtain a Publisher-convertible value from the @Scheduled reactive method
org/springframework/scheduling/annotation/ScheduledAnnotationReactiveSupport.class	82	scheduler	Forg/springframework/scheduling/support/ScheduledTaskObservationContext
org/springframework/scheduling/annotation/ScheduledAnnotationReactiveSupport.class	98	scheduler	NLorg/springframework/scheduling/annotation/ScheduledAnnotationReactiveSupport;
org/springframework/scheduling/annotation/ScheduledAnnotationReactiveSupport.class	113	scheduler	(Ljava/lang/reflect/Method;Ljava/lang/Object;Lorg/springframework/scheduling/annotation/Scheduled;Ljava/util/function/Supplier;Ljava/util/List;)Ljava/lang/Runnable;
org/springframework/scheduling/annotation/ScheduledAnnotationReactiveSupport.class	116	scheduler	scheduled
org/springframework/scheduling/annotation/ScheduledAnnotationReactiveSupport.class	117	scheduler	5Lorg/springframework/scheduling/annotation/Scheduled;
org/springframework/scheduling/annotation/ScheduledAnnotationReactiveSupport.class	129	scheduler	gLjava/util/function/Supplier<Lorg/springframework/scheduling/support/ScheduledTaskObservationContext;>;
org/springframework/scheduling/annotation/ScheduledAnnotationReactiveSupport.class	131	scheduler	(Ljava/lang/reflect/Method;Ljava/lang/Object;Lorg/springframework/scheduling/annotation/Scheduled;Ljava/util/function/Supplier<Lio/micrometer/observation/ObservationRegistry;>;Ljava/util/List<Ljava/lang/Runnable;>;)Ljava/lang/Runnable;
org/springframework/scheduling/annotation/ScheduledAnnotationReactiveSupport.class	140	scheduler	v(Ljava/lang/Object;Ljava/lang/reflect/Method;)Lorg/springframework/scheduling/support/ScheduledTaskObservationContext;
org/springframework/scheduling/annotation/ScheduledAnnotationReactiveSupport.class	145	scheduler	_org/springframework/scheduling/annotation/ScheduledAnnotationReactiveSupport$TrackingSubscriber
org/springframework/scheduling/annotation/ScheduledAnnotationReactiveSupport.class	151	scheduler	J()Lorg/springframework/scheduling/support/ScheduledTaskObservationContext;
org/springframework/scheduling/annotation/ScheduledAnnotationReactiveSupport.class	154	scheduler	eCannot convert @Scheduled reactive method return type to Publisher:
org/springframework/scheduling/annotation/ScheduledAnnotationReactiveSupport.class	156	scheduler	@Scheduled '
org/springframework/scheduling/config/AnnotationDrivenBeanDefinitionParser.class	21	scheduler	Jorg/springframework/scheduling/config/AnnotationDrivenBeanDefinitionParser
org/springframework/scheduling/config/AnnotationDrivenBeanDefinitionParser.class	24	scheduler	?org/springframework/scheduling/config/TaskManagementConfigUtils
org/springframework/scheduling/config/AnnotationDrivenBeanDefinitionParser.class	34	scheduler	Jorg.springframework.scheduling.annotation.AsyncAnnotationBeanPostProcessor
org/springframework/scheduling/config/AnnotationDrivenBeanDefinitionParser.class	63	scheduler	Norg.springframework.scheduling.annotation.ScheduledAnnotationBeanPostProcessor
org/springframework/scheduling/config/AnnotationDrivenBeanDefinitionParser.class	64	scheduler	scheduler
org/springframework/scheduling/config/AnnotationDrivenBeanDefinitionParser.class	66	scheduler	Borg.springframework.scheduling.config.internalAsyncExecutionAspect
org/springframework/scheduling/config/AnnotationDrivenBeanDefinitionParser.class	67	scheduler	Eorg.springframework.scheduling.aspectj.AnnotationAsyncExecutionAspect
org/springframework/scheduling/config/AnnotationDrivenBeanDefinitionParser.class	90	scheduler	LLorg/springframework/scheduling/config/AnnotationDrivenBeanDefinitionParser;
org/springframework/scheduling/config/TaskNamespaceHandler.class	4	scheduler	Jorg/springframework/scheduling/config/AnnotationDrivenBeanDefinitionParser
org/springframework/scheduling/config/TaskNamespaceHandler.class	5	scheduler	:org/springframework/scheduling/config/TaskNamespaceHandler
org/springframework/scheduling/config/TaskNamespaceHandler.class	9	scheduler	Borg/springframework/scheduling/config/ExecutorBeanDefinitionParser
org/springframework/scheduling/config/TaskNamespaceHandler.class	10	scheduler	scheduled-tasks
org/springframework/scheduling/config/TaskNamespaceHandler.class	11	scheduler	Horg/springframework/scheduling/config/ScheduledTasksBeanDefinitionParser
org/springframework/scheduling/config/TaskNamespaceHandler.class	12	scheduler	scheduler
org/springframework/scheduling/config/TaskNamespaceHandler.class	13	scheduler	Corg/springframework/scheduling/config/SchedulerBeanDefinitionParser
org/springframework/scheduling/config/TaskNamespaceHandler.class	16	scheduler	<Lorg/springframework/scheduling/config/TaskNamespaceHandler;
org/springframework/scheduling/config/ExecutorBeanDefinitionParser.class	3	scheduler	=org.springframework.scheduling.config.TaskExecutorFactoryBean
org/springframework/scheduling/config/ExecutorBeanDefinitionParser.class	17	scheduler	Borg/springframework/scheduling/config/ExecutorBeanDefinitionParser
org/springframework/scheduling/config/ExecutorBeanDefinitionParser.class	38	scheduler	DLorg/springframework/scheduling/config/ExecutorBeanDefinitionParser;
org/springframework/scheduling/config/TaskSchedulerRouter.class	3	scheduler	Z(Lorg/springframework/scheduling/config/TaskSchedulerRouter;)Ljava/util/function/Supplier;
org/springframework/scheduling/config/TaskSchedulerRouter.class	6	scheduler	9org/springframework/scheduling/config/TaskSchedulerRouter
org/springframework/scheduling/config/TaskSchedulerRouter.class	19	scheduler	D(Ljava/lang/Runnable;)Lorg/springframework/scheduling/TaskScheduler;
org/springframework/scheduling/config/TaskSchedulerRouter.class	20	scheduler	,org/springframework/scheduling/TaskScheduler
org/springframework/scheduling/config/TaskSchedulerRouter.class	21	scheduler	schedule
org/springframework/scheduling/config/TaskSchedulerRouter.class	22	scheduler	d(Ljava/lang/Runnable;Lorg/springframework/scheduling/Trigger;)Ljava/util/concurrent/ScheduledFuture;
org/springframework/scheduling/config/TaskSchedulerRouter.class	37	scheduler	B(Ljava/lang/String;)Lorg/springframework/scheduling/TaskScheduler;
org/springframework/scheduling/config/TaskSchedulerRouter.class	40	scheduler	6org/springframework/scheduling/SchedulingAwareRunnable
org/springframework/scheduling/config/TaskSchedulerRouter.class	43	scheduler	3BeanFactory must be set to find qualified scheduler
org/springframework/scheduling/config/TaskSchedulerRouter.class	52	scheduler	Aorg/springframework/scheduling/concurrent/ConcurrentTaskScheduler
org/springframework/scheduling/config/TaskSchedulerRouter.class	55	scheduler	1BeanFactory must be set to find default scheduler
org/springframework/scheduling/config/TaskSchedulerRouter.class	65	trace-or-step	trace
org/springframework/scheduling/config/TaskSchedulerRouter.class	71	scheduler	MNo TaskScheduler/ScheduledExecutorService bean found for scheduled processing
org/springframework/scheduling/config/TaskSchedulerRouter.class	103	scheduler	MLjava/util/function/Supplier<Lorg/springframework/scheduling/TaskScheduler;>;
org/springframework/scheduling/config/TaskSchedulerRouter.class	106	scheduler	;Lorg/springframework/scheduling/config/TaskSchedulerRouter;
org/springframework/scheduling/config/TaskSchedulerRouter.class	118	scheduler	(Lorg/springframework/scheduling/Trigger;
org/springframework/scheduling/config/TaskSchedulerRouter.class	119	scheduler	g(Ljava/lang/Runnable;Lorg/springframework/scheduling/Trigger;)Ljava/util/concurrent/ScheduledFuture<*>;
org/springframework/scheduling/config/TaskSchedulerRouter.class	130	scheduler	8Lorg/springframework/scheduling/SchedulingAwareRunnable;
org/springframework/scheduling/config/TaskSchedulerRouter.class	134	scheduler	0()Lorg/springframework/scheduling/TaskScheduler;
org/springframework/scheduling/config/TaskSchedulerRouter.class	137	scheduler	scheduler
org/springframework/scheduling/config/DelayedTask.class	1	scheduler	*org/springframework/scheduling/config/Task
org/springframework/scheduling/config/DelayedTask.class	8	scheduler	1org/springframework/scheduling/config/DelayedTask
org/springframework/scheduling/config/DelayedTask.class	19	scheduler	3Lorg/springframework/scheduling/config/DelayedTask;
org/springframework/scheduling/config/DelayedTask.class	23	scheduler	6(Lorg/springframework/scheduling/config/DelayedTask;)V
org/springframework/scheduling/config/FixedRateTask.class	1	scheduler	2org/springframework/scheduling/config/IntervalTask
org/springframework/scheduling/config/FixedRateTask.class	5	scheduler	7(Lorg/springframework/scheduling/config/IntervalTask;)V
org/springframework/scheduling/config/FixedRateTask.class	6	scheduler	3org/springframework/scheduling/config/FixedRateTask
org/springframework/scheduling/config/FixedRateTask.class	9	scheduler	5Lorg/springframework/scheduling/config/FixedRateTask;
org/springframework/scheduling/config/FixedRateTask.class	20	scheduler	4Lorg/springframework/scheduling/config/IntervalTask;
org/springframework/scheduling/config/TriggerTask.class	1	scheduler	*org/springframework/scheduling/config/Task
org/springframework/scheduling/config/TriggerTask.class	8	scheduler	1org/springframework/scheduling/config/TriggerTask
org/springframework/scheduling/config/TriggerTask.class	10	scheduler	(Lorg/springframework/scheduling/Trigger;
org/springframework/scheduling/config/TriggerTask.class	11	scheduler	?(Ljava/lang/Runnable;Lorg/springframework/scheduling/Trigger;)V
org/springframework/scheduling/config/TriggerTask.class	14	scheduler	3Lorg/springframework/scheduling/config/TriggerTask;
org/springframework/scheduling/config/TriggerTask.class	19	scheduler	*()Lorg/springframework/scheduling/Trigger;
org/springframework/scheduling/config/SchedulerBeanDefinitionParser.class	3	scheduler	Aorg.springframework.scheduling.concurrent.ThreadPoolTaskScheduler
org/springframework/scheduling/config/SchedulerBeanDefinitionParser.class	15	scheduler	Corg/springframework/scheduling/config/SchedulerBeanDefinitionParser
org/springframework/scheduling/config/SchedulerBeanDefinitionParser.class	18	scheduler	ELorg/springframework/scheduling/config/SchedulerBeanDefinitionParser;
org/springframework/scheduling/config/ScheduledTaskHolder.class	1	scheduler	9org/springframework/scheduling/config/ScheduledTaskHolder
org/springframework/scheduling/config/ScheduledTaskHolder.class	6	scheduler	H()Ljava/util/Set<Lorg/springframework/scheduling/config/ScheduledTask;>;
org/springframework/scheduling/config/FixedDelayTask.class	1	scheduler	2org/springframework/scheduling/config/IntervalTask
org/springframework/scheduling/config/FixedDelayTask.class	5	scheduler	7(Lorg/springframework/scheduling/config/IntervalTask;)V
org/springframework/scheduling/config/FixedDelayTask.class	6	scheduler	4org/springframework/scheduling/config/FixedDelayTask
org/springframework/scheduling/config/FixedDelayTask.class	9	scheduler	6Lorg/springframework/scheduling/config/FixedDelayTask;
org/springframework/scheduling/config/FixedDelayTask.class	20	scheduler	4Lorg/springframework/scheduling/config/IntervalTask;
org/springframework/scheduling/config/TaskExecutorFactoryBean.class	3	scheduler	=org/springframework/scheduling/config/TaskExecutorFactoryBean
org/springframework/scheduling/config/TaskExecutorFactoryBean.class	15	scheduler	@org/springframework/scheduling/concurrent/ThreadPoolTaskExecutor
org/springframework/scheduling/config/TaskExecutorFactoryBean.class	17	scheduler	E(Lorg/springframework/scheduling/concurrent/ThreadPoolTaskExecutor;)V
org/springframework/scheduling/config/TaskExecutorFactoryBean.class	29	scheduler	BLorg/springframework/scheduling/concurrent/ThreadPoolTaskExecutor;
org/springframework/scheduling/config/TaskExecutorFactoryBean.class	60	scheduler	?Lorg/springframework/scheduling/config/TaskExecutorFactoryBean;
org/springframework/scheduling/config/OneTimeTask.class	1	scheduler	1org/springframework/scheduling/config/DelayedTask
org/springframework/scheduling/config/OneTimeTask.class	4	scheduler	6(Lorg/springframework/scheduling/config/DelayedTask;)V
org/springframework/scheduling/config/OneTimeTask.class	5	scheduler	1org/springframework/scheduling/config/OneTimeTask
org/springframework/scheduling/config/OneTimeTask.class	8	scheduler	3Lorg/springframework/scheduling/config/OneTimeTask;
org/springframework/scheduling/config/OneTimeTask.class	14	scheduler	3Lorg/springframework/scheduling/config/DelayedTask;
org/springframework/scheduling/config/TaskManagementConfigUtils.class	3	scheduler	?org/springframework/scheduling/config/TaskManagementConfigUtils
org/springframework/scheduling/config/TaskManagementConfigUtils.class	11	scheduler	Borg.springframework.scheduling.config.internalAsyncExecutionAspect
org/springframework/scheduling/config/TaskManagementConfigUtils.class	14	scheduler	ALorg/springframework/scheduling/config/TaskManagementConfigUtils;
org/springframework/scheduling/config/IntervalTask.class	4	scheduler	2org/springframework/scheduling/config/IntervalTask
org/springframework/scheduling/config/IntervalTask.class	8	scheduler	1org/springframework/scheduling/config/DelayedTask
org/springframework/scheduling/config/IntervalTask.class	15	scheduler	6(Lorg/springframework/scheduling/config/DelayedTask;)V
org/springframework/scheduling/config/IntervalTask.class	23	scheduler	4Lorg/springframework/scheduling/config/IntervalTask;
org/springframework/scheduling/config/IntervalTask.class	33	scheduler	7(Lorg/springframework/scheduling/config/IntervalTask;)V
org/springframework/scheduling/config/Task.class	7	scheduler	*org/springframework/scheduling/config/Task
org/springframework/scheduling/config/Task.class	15	scheduler	,Lorg/springframework/scheduling/config/Task;
org/springframework/scheduling/config/ScheduledTasksBeanDefinitionParser.class	3	scheduler	Lorg.springframework.scheduling.config.ContextLifecycleScheduledTaskRegistrar
org/springframework/scheduling/config/ScheduledTasksBeanDefinitionParser.class	14	scheduler	Horg/springframework/scheduling/config/ScheduledTasksBeanDefinitionParser
org/springframework/scheduling/config/ScheduledTasksBeanDefinitionParser.class	47	scheduler	scheduler
org/springframework/scheduling/config/ScheduledTasksBeanDefinitionParser.class	59	scheduler	scheduled
org/springframework/scheduling/config/ScheduledTasksBeanDefinitionParser.class	67	scheduler	>org.springframework.scheduling.support.ScheduledMethodRunnable
org/springframework/scheduling/config/ScheduledTasksBeanDefinitionParser.class	75	scheduler	2org.springframework.scheduling.config.IntervalTask
org/springframework/scheduling/config/ScheduledTasksBeanDefinitionParser.class	80	scheduler	.org.springframework.scheduling.config.CronTask
org/springframework/scheduling/config/ScheduledTasksBeanDefinitionParser.class	81	scheduler	1org.springframework.scheduling.config.TriggerTask
org/springframework/scheduling/config/ScheduledTasksBeanDefinitionParser.class	102	scheduler	JLorg/springframework/scheduling/config/ScheduledTasksBeanDefinitionParser;
org/springframework/scheduling/config/ScheduledTask.class	3	scheduler	3org/springframework/scheduling/config/ScheduledTask
org/springframework/scheduling/config/ScheduledTask.class	4	scheduler	,Lorg/springframework/scheduling/config/Task;
org/springframework/scheduling/config/ScheduledTask.class	9	scheduler	*org/springframework/scheduling/config/Task
org/springframework/scheduling/config/ScheduledTask.class	16	scheduler	/(Lorg/springframework/scheduling/config/Task;)V
org/springframework/scheduling/config/ScheduledTask.class	19	scheduler	5Lorg/springframework/scheduling/config/ScheduledTask;
org/springframework/scheduling/config/ScheduledTask.class	22	scheduler	.()Lorg/springframework/scheduling/config/Task;
org/springframework/scheduling/config/ContextLifecycleScheduledTaskRegistrar.class	1	scheduler	<org/springframework/scheduling/config/ScheduledTaskRegistrar
org/springframework/scheduling/config/ContextLifecycleScheduledTaskRegistrar.class	3	scheduler	Lorg/springframework/scheduling/config/ContextLifecycleScheduledTaskRegistrar
org/springframework/scheduling/config/ContextLifecycleScheduledTaskRegistrar.class	8	scheduler	NLorg/springframework/scheduling/config/ContextLifecycleScheduledTaskRegistrar;
org/springframework/scheduling/config/package-info.class	1	scheduler	2org/springframework/scheduling/config/package-info
org/springframework/scheduling/config/CronTask.class	1	scheduler	2org/springframework/scheduling/support/CronTrigger
org/springframework/scheduling/config/CronTask.class	4	scheduler	.org/springframework/scheduling/config/CronTask
org/springframework/scheduling/config/CronTask.class	5	scheduler	K(Ljava/lang/Runnable;Lorg/springframework/scheduling/support/CronTrigger;)V
org/springframework/scheduling/config/CronTask.class	6	scheduler	1org/springframework/scheduling/config/TriggerTask
org/springframework/scheduling/config/CronTask.class	7	scheduler	?(Ljava/lang/Runnable;Lorg/springframework/scheduling/Trigger;)V
org/springframework/scheduling/config/CronTask.class	15	scheduler	0Lorg/springframework/scheduling/config/CronTask;
org/springframework/scheduling/config/CronTask.class	20	scheduler	4Lorg/springframework/scheduling/support/CronTrigger;
org/springframework/scheduling/config/ScheduledTaskRegistrar.class	4	scheduler	<org/springframework/scheduling/config/ScheduledTaskRegistrar
org/springframework/scheduling/config/ScheduledTaskRegistrar.class	15	scheduler	.Lorg/springframework/scheduling/TaskScheduler;
org/springframework/scheduling/config/ScheduledTaskRegistrar.class	16	scheduler	,org/springframework/scheduling/TaskScheduler
org/springframework/scheduling/config/ScheduledTaskRegistrar.class	18	scheduler	Aorg/springframework/scheduling/concurrent/ConcurrentTaskScheduler
org/springframework/scheduling/config/ScheduledTaskRegistrar.class	32	scheduler	_(Lorg/springframework/scheduling/config/ScheduledTaskRegistrar;)Ljava/util/function/BiConsumer;
org/springframework/scheduling/config/ScheduledTaskRegistrar.class	44	scheduler	1org/springframework/scheduling/config/TriggerTask
org/springframework/scheduling/config/ScheduledTaskRegistrar.class	45	scheduler	?(Ljava/lang/Runnable;Lorg/springframework/scheduling/Trigger;)V
org/springframework/scheduling/config/ScheduledTaskRegistrar.class	47	scheduler	6(Lorg/springframework/scheduling/config/TriggerTask;)V
org/springframework/scheduling/config/ScheduledTaskRegistrar.class	52	scheduler	.org/springframework/scheduling/config/CronTask
org/springframework/scheduling/config/ScheduledTaskRegistrar.class	55	scheduler	3(Lorg/springframework/scheduling/config/CronTask;)V
org/springframework/scheduling/config/ScheduledTaskRegistrar.class	56	scheduler	2org/springframework/scheduling/config/IntervalTask
org/springframework/scheduling/config/ScheduledTaskRegistrar.class	59	scheduler	7(Lorg/springframework/scheduling/config/IntervalTask;)V
org/springframework/scheduling/config/ScheduledTaskRegistrar.class	62	scheduler	1org/springframework/scheduling/config/OneTimeTask
org/springframework/scheduling/config/ScheduledTaskRegistrar.class	64	scheduler	6(Lorg/springframework/scheduling/config/DelayedTask;)V
org/springframework/scheduling/config/ScheduledTaskRegistrar.class	81	scheduler	j(Lorg/springframework/scheduling/config/TriggerTask;)Lorg/springframework/scheduling/config/ScheduledTask;
org/springframework/scheduling/config/ScheduledTaskRegistrar.class	83	scheduler	8(Lorg/springframework/scheduling/config/ScheduledTask;)V
org/springframework/scheduling/config/ScheduledTaskRegistrar.class	85	scheduler	g(Lorg/springframework/scheduling/config/CronTask;)Lorg/springframework/scheduling/config/ScheduledTask;
org/springframework/scheduling/config/ScheduledTaskRegistrar.class	86	scheduler	3org/springframework/scheduling/config/FixedRateTask
org/springframework/scheduling/config/ScheduledTaskRegistrar.class	88	scheduler	l(Lorg/springframework/scheduling/config/FixedRateTask;)Lorg/springframework/scheduling/config/ScheduledTask;
org/springframework/scheduling/config/ScheduledTaskRegistrar.class	89	scheduler	4org/springframework/scheduling/config/FixedDelayTask
org/springframework/scheduling/config/ScheduledTaskRegistrar.class	91	scheduler	m(Lorg/springframework/scheduling/config/FixedDelayTask;)Lorg/springframework/scheduling/config/ScheduledTask;
org/springframework/scheduling/config/ScheduledTaskRegistrar.class	92	scheduler	1org/springframework/scheduling/config/DelayedTask
org/springframework/scheduling/config/ScheduledTaskRegistrar.class	94	scheduler	j(Lorg/springframework/scheduling/config/OneTimeTask;)Lorg/springframework/scheduling/config/ScheduledTask;
org/springframework/scheduling/config/ScheduledTaskRegistrar.class	98	scheduler	3org/springframework/scheduling/config/ScheduledTask
org/springframework/scheduling/config/ScheduledTaskRegistrar.class	99	scheduler	/(Lorg/springframework/scheduling/config/Task;)V
org/springframework/scheduling/config/ScheduledTaskRegistrar.class	103	scheduler	*()Lorg/springframework/scheduling/Trigger;
org/springframework/scheduling/config/ScheduledTaskRegistrar.class	104	scheduler	schedule
org/springframework/scheduling/config/ScheduledTaskRegistrar.class	105	scheduler	d(Ljava/lang/Runnable;Lorg/springframework/scheduling/Trigger;)Ljava/util/concurrent/ScheduledFuture;
org/springframework/scheduling/config/ScheduledTaskRegistrar.class	135	scheduler	9org/springframework/scheduling/config/ScheduledTaskHolder
org/springframework/scheduling/config/ScheduledTaskRegistrar.class	144	scheduler	ELjava/util/List<Lorg/springframework/scheduling/config/TriggerTask;>;
org/springframework/scheduling/config/ScheduledTaskRegistrar.class	145	scheduler	BLjava/util/List<Lorg/springframework/scheduling/config/CronTask;>;
org/springframework/scheduling/config/ScheduledTaskRegistrar.class	146	scheduler	FLjava/util/List<Lorg/springframework/scheduling/config/IntervalTask;>;
org/springframework/scheduling/config/ScheduledTaskRegistrar.class	147	scheduler	ELjava/util/List<Lorg/springframework/scheduling/config/DelayedTask;>;
org/springframework/scheduling/config/ScheduledTaskRegistrar.class	148	scheduler	rLjava/util/Map<Lorg/springframework/scheduling/config/Task;Lorg/springframework/scheduling/config/ScheduledTask;>;
org/springframework/scheduling/config/ScheduledTaskRegistrar.class	149	scheduler	FLjava/util/Set<Lorg/springframework/scheduling/config/ScheduledTask;>;
org/springframework/scheduling/config/ScheduledTaskRegistrar.class	152	scheduler	>Lorg/springframework/scheduling/config/ScheduledTaskRegistrar;
org/springframework/scheduling/config/ScheduledTaskRegistrar.class	154	scheduler	1(Lorg/springframework/scheduling/TaskScheduler;)V
org/springframework/scheduling/config/ScheduledTaskRegistrar.class	158	scheduler	scheduler
org/springframework/scheduling/config/ScheduledTaskRegistrar.class	163	scheduler	0()Lorg/springframework/scheduling/TaskScheduler;
org/springframework/scheduling/config/ScheduledTaskRegistrar.class	171	scheduler	MLjava/util/Map<Ljava/lang/Runnable;Lorg/springframework/scheduling/Trigger;>;
org/springframework/scheduling/config/ScheduledTaskRegistrar.class	172	scheduler	P(Ljava/util/Map<Ljava/lang/Runnable;Lorg/springframework/scheduling/Trigger;>;)V
org/springframework/scheduling/config/ScheduledTaskRegistrar.class	175	scheduler	H(Ljava/util/List<Lorg/springframework/scheduling/config/TriggerTask;>;)V
org/springframework/scheduling/config/ScheduledTaskRegistrar.class	177	scheduler	G()Ljava/util/List<Lorg/springframework/scheduling/config/TriggerTask;>;
org/springframework/scheduling/config/ScheduledTaskRegistrar.class	182	scheduler	E(Ljava/util/List<Lorg/springframework/scheduling/config/CronTask;>;)V
org/springframework/scheduling/config/ScheduledTaskRegistrar.class	184	scheduler	D()Ljava/util/List<Lorg/springframework/scheduling/config/CronTask;>;
org/springframework/scheduling/config/ScheduledTaskRegistrar.class	189	scheduler	I(Ljava/util/List<Lorg/springframework/scheduling/config/IntervalTask;>;)V
org/springframework/scheduling/config/ScheduledTaskRegistrar.class	191	scheduler	H()Ljava/util/List<Lorg/springframework/scheduling/config/IntervalTask;>;
org/springframework/scheduling/config/ScheduledTaskRegistrar.class	197	scheduler	(Lorg/springframework/scheduling/Trigger;
org/springframework/scheduling/config/ScheduledTaskRegistrar.class	198	scheduler	3Lorg/springframework/scheduling/config/TriggerTask;
org/springframework/scheduling/config/ScheduledTaskRegistrar.class	200	scheduler	0Lorg/springframework/scheduling/config/CronTask;
org/springframework/scheduling/config/ScheduledTaskRegistrar.class	206	scheduler	4Lorg/springframework/scheduling/config/IntervalTask;
org/springframework/scheduling/config/ScheduledTaskRegistrar.class	208	scheduler	3Lorg/springframework/scheduling/config/DelayedTask;
org/springframework/scheduling/config/ScheduledTaskRegistrar.class	212	scheduler	5Lorg/springframework/scheduling/config/FixedRateTask;
org/springframework/scheduling/config/ScheduledTaskRegistrar.class	214	scheduler	6Lorg/springframework/scheduling/config/FixedDelayTask;
org/springframework/scheduling/config/ScheduledTaskRegistrar.class	216	scheduler	3Lorg/springframework/scheduling/config/OneTimeTask;
org/springframework/scheduling/config/ScheduledTaskRegistrar.class	217	scheduler	5Lorg/springframework/scheduling/config/ScheduledTask;
org/springframework/scheduling/config/ScheduledTaskRegistrar.class	224	scheduler	H()Ljava/util/Set<Lorg/springframework/scheduling/config/ScheduledTask;>;
org/springframework/scheduling/config/ScheduledTaskRegistrar.class	237	scheduler	Unsupported scheduler type:
org/springframework/scheduling/SchedulingTaskExecutor.class	1	scheduler	5org/springframework/scheduling/SchedulingTaskExecutor
org/springframework/scheduling/SchedulingTaskExecutor.class	7	scheduler	7Lorg/springframework/scheduling/SchedulingTaskExecutor;
org/springframework/scheduling/Trigger.class	1	scheduler	&org/springframework/scheduling/Trigger
org/springframework/scheduling/Trigger.class	3	scheduler	D(Lorg/springframework/scheduling/TriggerContext;)Ljava/time/Instant;
org/springframework/scheduling/Trigger.class	8	scheduler	A(Lorg/springframework/scheduling/TriggerContext;)Ljava/util/Date;
org/springframework/scheduling/Trigger.class	11	scheduler	(Lorg/springframework/scheduling/Trigger;
org/springframework/scheduling/Trigger.class	13	scheduler	/Lorg/springframework/scheduling/TriggerContext;
org/springframework/scheduling/SchedulingException.class	5	scheduler	2org/springframework/scheduling/SchedulingException
org/springframework/scheduling/SchedulingException.class	8	scheduler	4Lorg/springframework/scheduling/SchedulingException;
org/springframework/scheduling/concurrent/ThreadPoolTaskScheduler.class	1	scheduler	Forg/springframework/scheduling/concurrent/ExecutorConfigurationSupport
org/springframework/scheduling/concurrent/ThreadPoolTaskScheduler.class	3	scheduler	Aorg/springframework/scheduling/concurrent/ThreadPoolTaskScheduler
org/springframework/scheduling/concurrent/ThreadPoolTaskScheduler.class	37	scheduler	Corg/springframework/scheduling/concurrent/ThreadPoolTaskScheduler$1
org/springframework/scheduling/concurrent/ThreadPoolTaskScheduler.class	38	scheduler	(Lorg/springframework/scheduling/concurrent/ThreadPoolTaskScheduler;ILjava/util/concurrent/ThreadFactory;Ljava/util/concurrent/RejectedExecutionHandler;)V
org/springframework/scheduling/concurrent/ThreadPoolTaskScheduler.class	60	scheduler	aorg/springframework/scheduling/concurrent/ThreadPoolTaskScheduler$DelegatingErrorHandlingCallable
org/springframework/scheduling/concurrent/ThreadPoolTaskScheduler.class	71	scheduler	(Lorg/springframework/scheduling/concurrent/ThreadPoolTaskScheduler;Ljava/util/concurrent/Future;)Lorg/springframework/util/concurrent/SuccessCallback;
org/springframework/scheduling/concurrent/ThreadPoolTaskScheduler.class	73	scheduler	(Lorg/springframework/scheduling/concurrent/ThreadPoolTaskScheduler;Ljava/util/concurrent/Future;)Lorg/springframework/util/concurrent/FailureCallback;
org/springframework/scheduling/concurrent/ThreadPoolTaskScheduler.class	80	scheduler	0org/springframework/scheduling/support/TaskUtils
org/springframework/scheduling/concurrent/ThreadPoolTaskScheduler.class	83	scheduler	>org/springframework/scheduling/concurrent/ReschedulingRunnable
org/springframework/scheduling/concurrent/ThreadPoolTaskScheduler.class	84	scheduler	(Ljava/lang/Runnable;Lorg/springframework/scheduling/Trigger;Ljava/time/Clock;Ljava/util/concurrent/ScheduledExecutorService;Lorg/springframework/util/ErrorHandler;)V
org/springframework/scheduling/concurrent/ThreadPoolTaskScheduler.class	85	scheduler	schedule
org/springframework/scheduling/concurrent/ThreadPoolTaskScheduler.class	102	scheduler	(Ljava/lang/Runnable;Lorg/springframework/util/ErrorHandler;Z)Lorg/springframework/scheduling/support/DelegatingErrorHandlingRunnable;
org/springframework/scheduling/concurrent/ThreadPoolTaskScheduler.class	106	scheduler	5org/springframework/scheduling/SchedulingTaskExecutor
org/springframework/scheduling/concurrent/ThreadPoolTaskScheduler.class	107	scheduler	,org/springframework/scheduling/TaskScheduler
org/springframework/scheduling/concurrent/ThreadPoolTaskScheduler.class	114	scheduler	CLorg/springframework/scheduling/concurrent/ThreadPoolTaskScheduler;
org/springframework/scheduling/concurrent/ThreadPoolTaskScheduler.class	166	scheduler	d(Ljava/lang/Runnable;Lorg/springframework/scheduling/Trigger;)Ljava/util/concurrent/ScheduledFuture;
org/springframework/scheduling/concurrent/ThreadPoolTaskScheduler.class	168	scheduler	(Lorg/springframework/scheduling/Trigger;
org/springframework/scheduling/concurrent/ThreadPoolTaskScheduler.class	169	scheduler	&org/springframework/scheduling/Trigger
org/springframework/scheduling/concurrent/ThreadPoolTaskScheduler.class	170	scheduler	g(Ljava/lang/Runnable;Lorg/springframework/scheduling/Trigger;)Ljava/util/concurrent/ScheduledFuture<*>;
org/springframework/scheduling/concurrent/ConcurrentTaskScheduler.class	1	scheduler	@org/springframework/scheduling/concurrent/ConcurrentTaskExecutor
org/springframework/scheduling/concurrent/ConcurrentTaskScheduler.class	3	scheduler	Aorg/springframework/scheduling/concurrent/ConcurrentTaskScheduler
org/springframework/scheduling/concurrent/ConcurrentTaskScheduler.class	34	scheduler	forg/springframework/scheduling/concurrent/ConcurrentTaskScheduler$EnterpriseConcurrentTriggerScheduler
org/springframework/scheduling/concurrent/ConcurrentTaskScheduler.class	35	scheduler	F(Lorg/springframework/scheduling/concurrent/ConcurrentTaskScheduler;)V
org/springframework/scheduling/concurrent/ConcurrentTaskScheduler.class	38	scheduler	schedule
org/springframework/scheduling/concurrent/ConcurrentTaskScheduler.class	39	scheduler	d(Ljava/lang/Runnable;Lorg/springframework/scheduling/Trigger;)Ljava/util/concurrent/ScheduledFuture;
org/springframework/scheduling/concurrent/ConcurrentTaskScheduler.class	40	scheduler	0org/springframework/scheduling/support/TaskUtils
org/springframework/scheduling/concurrent/ConcurrentTaskScheduler.class	43	scheduler	>org/springframework/scheduling/concurrent/ReschedulingRunnable
org/springframework/scheduling/concurrent/ConcurrentTaskScheduler.class	44	scheduler	(Ljava/lang/Runnable;Lorg/springframework/scheduling/Trigger;Ljava/time/Clock;Ljava/util/concurrent/ScheduledExecutorService;Lorg/springframework/util/ErrorHandler;)V
org/springframework/scheduling/concurrent/ConcurrentTaskScheduler.class	64	scheduler	(Ljava/lang/Runnable;Lorg/springframework/util/ErrorHandler;Z)Lorg/springframework/scheduling/support/DelegatingErrorHandlingRunnable;
org/springframework/scheduling/concurrent/ConcurrentTaskScheduler.class	68	scheduler	Sorg/springframework/scheduling/concurrent/ConcurrentTaskExecutor$ManagedTaskBuilder
org/springframework/scheduling/concurrent/ConcurrentTaskScheduler.class	79	scheduler	,org/springframework/scheduling/TaskScheduler
org/springframework/scheduling/concurrent/ConcurrentTaskScheduler.class	86	scheduler	CLorg/springframework/scheduling/concurrent/ConcurrentTaskScheduler;
org/springframework/scheduling/concurrent/ConcurrentTaskScheduler.class	105	scheduler	(Lorg/springframework/scheduling/Trigger;
org/springframework/scheduling/concurrent/ConcurrentTaskScheduler.class	108	scheduler	g(Ljava/lang/Runnable;Lorg/springframework/scheduling/Trigger;)Ljava/util/concurrent/ScheduledFuture<*>;
org/springframework/scheduling/concurrent/ConcurrentTaskScheduler.class	130	scheduler	uorg/springframework/scheduling/concurrent/ConcurrentTaskScheduler$EnterpriseConcurrentTriggerScheduler$TriggerAdapter
org/springframework/scheduling/concurrent/ConcurrentTaskScheduler.class	131	scheduler	org/springframework/scheduling/concurrent/ConcurrentTaskScheduler$EnterpriseConcurrentTriggerScheduler$TriggerAdapter$LastExecutionAdapter
org/springframework/scheduling/concurrent/ScheduledExecutorTask.class	3	scheduler	?org/springframework/scheduling/concurrent/ScheduledExecutorTask
org/springframework/scheduling/concurrent/ScheduledExecutorTask.class	21	scheduler	ALorg/springframework/scheduling/concurrent/ScheduledExecutorTask;
org/springframework/scheduling/concurrent/ConcurrentTaskExecutor.class	3	scheduler	@org/springframework/scheduling/concurrent/ConcurrentTaskExecutor
org/springframework/scheduling/concurrent/ConcurrentTaskExecutor.class	35	scheduler	[org/springframework/scheduling/concurrent/ConcurrentTaskExecutor$ManagedTaskExecutorAdapter
org/springframework/scheduling/concurrent/ConcurrentTaskExecutor.class	41	scheduler	Aorg/springframework/scheduling/concurrent/ConcurrentTaskScheduler
org/springframework/scheduling/concurrent/ConcurrentTaskExecutor.class	49	scheduler	5org/springframework/scheduling/SchedulingTaskExecutor
org/springframework/scheduling/concurrent/ConcurrentTaskExecutor.class	56	scheduler	BLorg/springframework/scheduling/concurrent/ConcurrentTaskExecutor;
org/springframework/scheduling/concurrent/ConcurrentTaskExecutor.class	83	scheduler	Sorg/springframework/scheduling/concurrent/ConcurrentTaskExecutor$ManagedTaskBuilder
org/springframework/scheduling/concurrent/SimpleAsyncTaskScheduler$1.class	1	scheduler	Dorg/springframework/scheduling/concurrent/SimpleAsyncTaskScheduler$1
org/springframework/scheduling/concurrent/SimpleAsyncTaskScheduler$1.class	3	scheduler	DLorg/springframework/scheduling/concurrent/SimpleAsyncTaskScheduler;
org/springframework/scheduling/concurrent/SimpleAsyncTaskScheduler$1.class	7	scheduler	Borg/springframework/scheduling/concurrent/SimpleAsyncTaskScheduler
org/springframework/scheduling/concurrent/SimpleAsyncTaskScheduler$1.class	9	scheduler	ELorg/springframework/scheduling/concurrent/ExecutorLifecycleDelegate;
org/springframework/scheduling/concurrent/SimpleAsyncTaskScheduler$1.class	10	scheduler	Corg/springframework/scheduling/concurrent/ExecutorLifecycleDelegate
org/springframework/scheduling/concurrent/SimpleAsyncTaskScheduler$1.class	14	scheduler	l(Lorg/springframework/scheduling/concurrent/SimpleAsyncTaskScheduler;ILjava/util/concurrent/ThreadFactory;)V
org/springframework/scheduling/concurrent/SimpleAsyncTaskScheduler$1.class	17	scheduler	FLorg/springframework/scheduling/concurrent/SimpleAsyncTaskScheduler$1;
org/springframework/scheduling/concurrent/ScheduledExecutorFactoryBean$1.class	1	scheduler	Horg/springframework/scheduling/concurrent/ScheduledExecutorFactoryBean$1
org/springframework/scheduling/concurrent/ScheduledExecutorFactoryBean$1.class	3	scheduler	HLorg/springframework/scheduling/concurrent/ScheduledExecutorFactoryBean;
org/springframework/scheduling/concurrent/ScheduledExecutorFactoryBean$1.class	7	scheduler	Forg/springframework/scheduling/concurrent/ScheduledExecutorFactoryBean
org/springframework/scheduling/concurrent/ScheduledExecutorFactoryBean$1.class	12	scheduler	(Lorg/springframework/scheduling/concurrent/ScheduledExecutorFactoryBean;ILjava/util/concurrent/ThreadFactory;Ljava/util/concurrent/RejectedExecutionHandler;)V
org/springframework/scheduling/concurrent/ScheduledExecutorFactoryBean$1.class	15	scheduler	JLorg/springframework/scheduling/concurrent/ScheduledExecutorFactoryBean$1;
org/springframework/scheduling/concurrent/ConcurrentTaskScheduler$EnterpriseConcurrentTriggerScheduler$TriggerAdapter$LastExecutionAdapter.class	3	scheduler	org/springframework/scheduling/concurrent/ConcurrentTaskScheduler$EnterpriseConcurrentTriggerScheduler$TriggerAdapter$LastExecutionAdapter
org/springframework/scheduling/concurrent/ConcurrentTaskScheduler$EnterpriseConcurrentTriggerScheduler$TriggerAdapter$LastExecutionAdapter.class	14	scheduler	-org/springframework/scheduling/TriggerContext
org/springframework/scheduling/concurrent/ConcurrentTaskScheduler$EnterpriseConcurrentTriggerScheduler$TriggerAdapter$LastExecutionAdapter.class	20	scheduler	Lorg/springframework/scheduling/concurrent/ConcurrentTaskScheduler$EnterpriseConcurrentTriggerScheduler$TriggerAdapter$LastExecutionAdapter;
org/springframework/scheduling/concurrent/ConcurrentTaskScheduler$EnterpriseConcurrentTriggerScheduler$TriggerAdapter$LastExecutionAdapter.class	32	scheduler	Aorg/springframework/scheduling/concurrent/ConcurrentTaskScheduler
org/springframework/scheduling/concurrent/ConcurrentTaskScheduler$EnterpriseConcurrentTriggerScheduler$TriggerAdapter$LastExecutionAdapter.class	34	scheduler	forg/springframework/scheduling/concurrent/ConcurrentTaskScheduler$EnterpriseConcurrentTriggerScheduler
org/springframework/scheduling/concurrent/ConcurrentTaskScheduler$EnterpriseConcurrentTriggerScheduler$TriggerAdapter$LastExecutionAdapter.class	36	scheduler	uorg/springframework/scheduling/concurrent/ConcurrentTaskScheduler$EnterpriseConcurrentTriggerScheduler$TriggerAdapter
org/springframework/scheduling/concurrent/ReschedulingRunnable.class	1	scheduler	Forg/springframework/scheduling/support/DelegatingErrorHandlingRunnable
org/springframework/scheduling/concurrent/ReschedulingRunnable.class	5	scheduler	>org/springframework/scheduling/concurrent/ReschedulingRunnable
org/springframework/scheduling/concurrent/ReschedulingRunnable.class	9	scheduler	(Lorg/springframework/scheduling/Trigger;
org/springframework/scheduling/concurrent/ReschedulingRunnable.class	10	scheduler	;org/springframework/scheduling/support/SimpleTriggerContext
org/springframework/scheduling/concurrent/ReschedulingRunnable.class	13	scheduler	=Lorg/springframework/scheduling/support/SimpleTriggerContext;
org/springframework/scheduling/concurrent/ReschedulingRunnable.class	16	scheduler	&org/springframework/scheduling/Trigger
org/springframework/scheduling/concurrent/ReschedulingRunnable.class	18	scheduler	D(Lorg/springframework/scheduling/TriggerContext;)Ljava/time/Instant;
org/springframework/scheduling/concurrent/ReschedulingRunnable.class	34	scheduler	schedule
org/springframework/scheduling/concurrent/ReschedulingRunnable.class	38	scheduler	No scheduled future
org/springframework/scheduling/concurrent/ReschedulingRunnable.class	42	scheduler	No scheduled execution
org/springframework/scheduling/concurrent/ReschedulingRunnable.class	62	scheduler	(Ljava/lang/Runnable;Lorg/springframework/scheduling/Trigger;Ljava/time/Clock;Ljava/util/concurrent/ScheduledExecutorService;Lorg/springframework/util/ErrorHandler;)V
org/springframework/scheduling/concurrent/ReschedulingRunnable.class	65	scheduler	@Lorg/springframework/scheduling/concurrent/ReschedulingRunnable;
org/springframework/scheduling/concurrent/ReschedulingRunnable.class	91	scheduler	Lorg/springframework/scheduling/support/DelegatingErrorHandlingRunnable;Ljava/util/concurrent/ScheduledFuture<Ljava/lang/Object;>;
org/springframework/scheduling/concurrent/DefaultManagedAwareThreadFactory.class	1	scheduler	Corg/springframework/scheduling/concurrent/CustomizableThreadFactory
org/springframework/scheduling/concurrent/DefaultManagedAwareThreadFactory.class	9	scheduler	Jorg/springframework/scheduling/concurrent/DefaultManagedAwareThreadFactory
org/springframework/scheduling/concurrent/DefaultManagedAwareThreadFactory.class	33	trace-or-step	trace
org/springframework/scheduling/concurrent/DefaultManagedAwareThreadFactory.class	44	scheduler	LLorg/springframework/scheduling/concurrent/DefaultManagedAwareThreadFactory;
org/springframework/scheduling/concurrent/ConcurrentTaskScheduler$EnterpriseConcurrentTriggerScheduler$TriggerAdapter.class	3	scheduler	uorg/springframework/scheduling/concurrent/ConcurrentTaskScheduler$EnterpriseConcurrentTriggerScheduler$TriggerAdapter
org/springframework/scheduling/concurrent/ConcurrentTaskScheduler$EnterpriseConcurrentTriggerScheduler$TriggerAdapter.class	5	scheduler	(Lorg/springframework/scheduling/Trigger;
org/springframework/scheduling/concurrent/ConcurrentTaskScheduler$EnterpriseConcurrentTriggerScheduler$TriggerAdapter.class	6	scheduler	org/springframework/scheduling/concurrent/ConcurrentTaskScheduler$EnterpriseConcurrentTriggerScheduler$TriggerAdapter$LastExecutionAdapter
org/springframework/scheduling/concurrent/ConcurrentTaskScheduler$EnterpriseConcurrentTriggerScheduler$TriggerAdapter.class	8	scheduler	&org/springframework/scheduling/Trigger
org/springframework/scheduling/concurrent/ConcurrentTaskScheduler$EnterpriseConcurrentTriggerScheduler$TriggerAdapter.class	10	scheduler	D(Lorg/springframework/scheduling/TriggerContext;)Ljava/time/Instant;
org/springframework/scheduling/concurrent/ConcurrentTaskScheduler$EnterpriseConcurrentTriggerScheduler$TriggerAdapter.class	14	scheduler	+(Lorg/springframework/scheduling/Trigger;)V
org/springframework/scheduling/concurrent/ConcurrentTaskScheduler$EnterpriseConcurrentTriggerScheduler$TriggerAdapter.class	17	scheduler	wLorg/springframework/scheduling/concurrent/ConcurrentTaskScheduler$EnterpriseConcurrentTriggerScheduler$TriggerAdapter;
org/springframework/scheduling/concurrent/ConcurrentTaskScheduler$EnterpriseConcurrentTriggerScheduler$TriggerAdapter.class	38	scheduler	Aorg/springframework/scheduling/concurrent/ConcurrentTaskScheduler
org/springframework/scheduling/concurrent/ConcurrentTaskScheduler$EnterpriseConcurrentTriggerScheduler$TriggerAdapter.class	40	scheduler	forg/springframework/scheduling/concurrent/ConcurrentTaskScheduler$EnterpriseConcurrentTriggerScheduler
org/springframework/scheduling/concurrent/ExecutorConfigurationSupport.class	1	scheduler	Corg/springframework/scheduling/concurrent/CustomizableThreadFactory
org/springframework/scheduling/concurrent/ExecutorConfigurationSupport.class	9	scheduler	Forg/springframework/scheduling/concurrent/ExecutorConfigurationSupport
org/springframework/scheduling/concurrent/ExecutorConfigurationSupport.class	40	scheduler	Corg/springframework/scheduling/concurrent/ExecutorLifecycleDelegate
org/springframework/scheduling/concurrent/ExecutorConfigurationSupport.class	43	scheduler	ELorg/springframework/scheduling/concurrent/ExecutorLifecycleDelegate;
org/springframework/scheduling/concurrent/ExecutorConfigurationSupport.class	94	scheduler	HLorg/springframework/scheduling/concurrent/ExecutorConfigurationSupport;
org/springframework/scheduling/concurrent/ExecutorConfigurationSupport.class	136	scheduler	Lorg/springframework/scheduling/concurrent/CustomizableThreadFactory;Lorg/springframework/beans/factory/BeanNameAware;Lorg/springframework/context/ApplicationContextAware;Lorg/springframework/beans/factory/InitializingBean;Lorg/springframework/beans/factory/DisposableBean;Lorg/springframework/context/SmartLifecycle;Lorg/springframework/context/ApplicationListener<Lorg/springframework/context/event/ContextClosedEvent;>;
org/springframework/scheduling/concurrent/ThreadPoolExecutorFactoryBean$1.class	1	scheduler	Iorg/springframework/scheduling/concurrent/ThreadPoolExecutorFactoryBean$1
org/springframework/scheduling/concurrent/ThreadPoolExecutorFactoryBean$1.class	3	scheduler	ILorg/springframework/scheduling/concurrent/ThreadPoolExecutorFactoryBean;
org/springframework/scheduling/concurrent/ThreadPoolExecutorFactoryBean$1.class	7	scheduler	Gorg/springframework/scheduling/concurrent/ThreadPoolExecutorFactoryBean
org/springframework/scheduling/concurrent/ThreadPoolExecutorFactoryBean$1.class	12	scheduler	(Lorg/springframework/scheduling/concurrent/ThreadPoolExecutorFactoryBean;IIJLjava/util/concurrent/TimeUnit;Ljava/util/concurrent/BlockingQueue;Ljava/util/concurrent/ThreadFactory;Ljava/util/concurrent/RejectedExecutionHandler;)V
org/springframework/scheduling/concurrent/ThreadPoolExecutorFactoryBean$1.class	15	scheduler	KLorg/springframework/scheduling/concurrent/ThreadPoolExecutorFactoryBean$1;
org/springframework/scheduling/concurrent/ThreadPoolExecutorFactoryBean.class	1	scheduler	Forg/springframework/scheduling/concurrent/ExecutorConfigurationSupport
org/springframework/scheduling/concurrent/ThreadPoolExecutorFactoryBean.class	3	scheduler	Gorg/springframework/scheduling/concurrent/ThreadPoolExecutorFactoryBean
org/springframework/scheduling/concurrent/ThreadPoolExecutorFactoryBean.class	23	scheduler	Iorg/springframework/scheduling/concurrent/ThreadPoolExecutorFactoryBean$1
org/springframework/scheduling/concurrent/ThreadPoolExecutorFactoryBean.class	27	scheduler	(Lorg/springframework/scheduling/concurrent/ThreadPoolExecutorFactoryBean;IIJLjava/util/concurrent/TimeUnit;Ljava/util/concurrent/BlockingQueue;Ljava/util/concurrent/ThreadFactory;Ljava/util/concurrent/RejectedExecutionHandler;)V
org/springframework/scheduling/concurrent/ThreadPoolExecutorFactoryBean.class	42	scheduler	ILorg/springframework/scheduling/concurrent/ThreadPoolExecutorFactoryBean;
org/springframework/scheduling/concurrent/ThreadPoolExecutorFactoryBean.class	79	scheduler	Lorg/springframework/scheduling/concurrent/ExecutorConfigurationSupport;Lorg/springframework/beans/factory/FactoryBean<Ljava/util/concurrent/ExecutorService;>;
org/springframework/scheduling/concurrent/CustomizableThreadFactory.class	4	scheduler	Corg/springframework/scheduling/concurrent/CustomizableThreadFactory
org/springframework/scheduling/concurrent/CustomizableThreadFactory.class	10	scheduler	ELorg/springframework/scheduling/concurrent/CustomizableThreadFactory;
org/springframework/scheduling/concurrent/ExecutorLifecycleDelegate.class	4	scheduler	Corg/springframework/scheduling/concurrent/ExecutorLifecycleDelegate
org/springframework/scheduling/concurrent/ExecutorLifecycleDelegate.class	36	scheduler	ELorg/springframework/scheduling/concurrent/ExecutorLifecycleDelegate;
org/springframework/scheduling/concurrent/DefaultManagedTaskScheduler.class	1	scheduler	Aorg/springframework/scheduling/concurrent/ConcurrentTaskScheduler
org/springframework/scheduling/concurrent/DefaultManagedTaskScheduler.class	5	scheduler	Eorg/springframework/scheduling/concurrent/DefaultManagedTaskScheduler
org/springframework/scheduling/concurrent/DefaultManagedTaskScheduler.class	25	scheduler	GLorg/springframework/scheduling/concurrent/DefaultManagedTaskScheduler;
org/springframework/scheduling/concurrent/DefaultManagedTaskExecutor.class	1	scheduler	@org/springframework/scheduling/concurrent/ConcurrentTaskExecutor
org/springframework/scheduling/concurrent/DefaultManagedTaskExecutor.class	5	scheduler	Dorg/springframework/scheduling/concurrent/DefaultManagedTaskExecutor
org/springframework/scheduling/concurrent/DefaultManagedTaskExecutor.class	23	scheduler	FLorg/springframework/scheduling/concurrent/DefaultManagedTaskExecutor;
org/springframework/scheduling/concurrent/ConcurrentTaskExecutor$ManagedTaskBuilder.class	3	scheduler	6org/springframework/scheduling/SchedulingAwareRunnable
org/springframework/scheduling/concurrent/ConcurrentTaskExecutor$ManagedTaskBuilder.class	18	scheduler	Sorg/springframework/scheduling/concurrent/ConcurrentTaskExecutor$ManagedTaskBuilder
org/springframework/scheduling/concurrent/ConcurrentTaskExecutor$ManagedTaskBuilder.class	21	scheduler	ULorg/springframework/scheduling/concurrent/ConcurrentTaskExecutor$ManagedTaskBuilder;
org/springframework/scheduling/concurrent/ConcurrentTaskExecutor$ManagedTaskBuilder.class	27	scheduler	8Lorg/springframework/scheduling/SchedulingAwareRunnable;
org/springframework/scheduling/concurrent/ConcurrentTaskExecutor$ManagedTaskBuilder.class	43	scheduler	@org/springframework/scheduling/concurrent/ConcurrentTaskExecutor
org/springframework/scheduling/concurrent/ConcurrentTaskScheduler$EnterpriseConcurrentTriggerScheduler.class	1	scheduler	forg/springframework/scheduling/concurrent/ConcurrentTaskScheduler$EnterpriseConcurrentTriggerScheduler
org/springframework/scheduling/concurrent/ConcurrentTaskScheduler$EnterpriseConcurrentTriggerScheduler.class	3	scheduler	CLorg/springframework/scheduling/concurrent/ConcurrentTaskScheduler;
org/springframework/scheduling/concurrent/ConcurrentTaskScheduler$EnterpriseConcurrentTriggerScheduler.class	6	scheduler	Aorg/springframework/scheduling/concurrent/ConcurrentTaskScheduler
org/springframework/scheduling/concurrent/ConcurrentTaskScheduler$EnterpriseConcurrentTriggerScheduler.class	10	scheduler	uorg/springframework/scheduling/concurrent/ConcurrentTaskScheduler$EnterpriseConcurrentTriggerScheduler$TriggerAdapter
org/springframework/scheduling/concurrent/ConcurrentTaskScheduler$EnterpriseConcurrentTriggerScheduler.class	11	scheduler	+(Lorg/springframework/scheduling/Trigger;)V
org/springframework/scheduling/concurrent/ConcurrentTaskScheduler$EnterpriseConcurrentTriggerScheduler.class	12	scheduler	schedule
org/springframework/scheduling/concurrent/ConcurrentTaskScheduler$EnterpriseConcurrentTriggerScheduler.class	14	scheduler	F(Lorg/springframework/scheduling/concurrent/ConcurrentTaskScheduler;)V
org/springframework/scheduling/concurrent/ConcurrentTaskScheduler$EnterpriseConcurrentTriggerScheduler.class	17	scheduler	hLorg/springframework/scheduling/concurrent/ConcurrentTaskScheduler$EnterpriseConcurrentTriggerScheduler;
org/springframework/scheduling/concurrent/ConcurrentTaskScheduler$EnterpriseConcurrentTriggerScheduler.class	19	scheduler	d(Ljava/lang/Runnable;Lorg/springframework/scheduling/Trigger;)Ljava/util/concurrent/ScheduledFuture;
org/springframework/scheduling/concurrent/ConcurrentTaskScheduler$EnterpriseConcurrentTriggerScheduler.class	22	scheduler	(Lorg/springframework/scheduling/Trigger;
org/springframework/scheduling/concurrent/ConcurrentTaskScheduler$EnterpriseConcurrentTriggerScheduler.class	26	scheduler	g(Ljava/lang/Runnable;Lorg/springframework/scheduling/Trigger;)Ljava/util/concurrent/ScheduledFuture<*>;
org/springframework/scheduling/concurrent/ThreadPoolTaskScheduler$DelegatingErrorHandlingCallable.class	3	scheduler	aorg/springframework/scheduling/concurrent/ThreadPoolTaskScheduler$DelegatingErrorHandlingCallable
org/springframework/scheduling/concurrent/ThreadPoolTaskScheduler$DelegatingErrorHandlingCallable.class	19	scheduler	cLorg/springframework/scheduling/concurrent/ThreadPoolTaskScheduler$DelegatingErrorHandlingCallable;
org/springframework/scheduling/concurrent/ThreadPoolTaskScheduler$DelegatingErrorHandlingCallable.class	21	scheduler	hLorg/springframework/scheduling/concurrent/ThreadPoolTaskScheduler$DelegatingErrorHandlingCallable<TV;>;
org/springframework/scheduling/concurrent/ThreadPoolTaskScheduler$DelegatingErrorHandlingCallable.class	35	scheduler	Aorg/springframework/scheduling/concurrent/ThreadPoolTaskScheduler
org/springframework/scheduling/concurrent/ScheduledExecutorFactoryBean.class	1	scheduler	Forg/springframework/scheduling/concurrent/ExecutorConfigurationSupport
org/springframework/scheduling/concurrent/ScheduledExecutorFactoryBean.class	3	scheduler	Forg/springframework/scheduling/concurrent/ScheduledExecutorFactoryBean
org/springframework/scheduling/concurrent/ScheduledExecutorFactoryBean.class	13	scheduler	B[Lorg/springframework/scheduling/concurrent/ScheduledExecutorTask;
org/springframework/scheduling/concurrent/ScheduledExecutorFactoryBean.class	28	scheduler	t([Lorg/springframework/scheduling/concurrent/ScheduledExecutorTask;Ljava/util/concurrent/ScheduledExecutorService;)V
org/springframework/scheduling/concurrent/ScheduledExecutorFactoryBean.class	34	scheduler	Horg/springframework/scheduling/concurrent/ScheduledExecutorFactoryBean$1
org/springframework/scheduling/concurrent/ScheduledExecutorFactoryBean.class	35	scheduler	(Lorg/springframework/scheduling/concurrent/ScheduledExecutorFactoryBean;ILjava/util/concurrent/ThreadFactory;Ljava/util/concurrent/RejectedExecutionHandler;)V
org/springframework/scheduling/concurrent/ScheduledExecutorFactoryBean.class	37	scheduler	W(Lorg/springframework/scheduling/concurrent/ScheduledExecutorTask;)Ljava/lang/Runnable;
org/springframework/scheduling/concurrent/ScheduledExecutorFactoryBean.class	38	scheduler	?org/springframework/scheduling/concurrent/ScheduledExecutorTask
org/springframework/scheduling/concurrent/ScheduledExecutorFactoryBean.class	44	scheduler	schedule
org/springframework/scheduling/concurrent/ScheduledExecutorFactoryBean.class	51	scheduler	Forg/springframework/scheduling/support/DelegatingErrorHandlingRunnable
org/springframework/scheduling/concurrent/ScheduledExecutorFactoryBean.class	54	scheduler	0org/springframework/scheduling/support/TaskUtils
org/springframework/scheduling/concurrent/ScheduledExecutorFactoryBean.class	69	scheduler	HLorg/springframework/scheduling/concurrent/ScheduledExecutorFactoryBean;
org/springframework/scheduling/concurrent/ScheduledExecutorFactoryBean.class	74	scheduler	E([Lorg/springframework/scheduling/concurrent/ScheduledExecutorTask;)V
org/springframework/scheduling/concurrent/ScheduledExecutorFactoryBean.class	90	scheduler	ALorg/springframework/scheduling/concurrent/ScheduledExecutorTask;
org/springframework/scheduling/concurrent/ScheduledExecutorFactoryBean.class	101	scheduler	Lorg/springframework/scheduling/concurrent/ExecutorConfigurationSupport;Lorg/springframework/beans/factory/FactoryBean<Ljava/util/concurrent/ScheduledExecutorService;>;
org/springframework/scheduling/concurrent/package-info.class	1	scheduler	6org/springframework/scheduling/concurrent/package-info
org/springframework/scheduling/concurrent/ThreadPoolTaskScheduler$1.class	1	scheduler	Corg/springframework/scheduling/concurrent/ThreadPoolTaskScheduler$1
org/springframework/scheduling/concurrent/ThreadPoolTaskScheduler$1.class	3	scheduler	CLorg/springframework/scheduling/concurrent/ThreadPoolTaskScheduler;
org/springframework/scheduling/concurrent/ThreadPoolTaskScheduler$1.class	7	scheduler	Aorg/springframework/scheduling/concurrent/ThreadPoolTaskScheduler
org/springframework/scheduling/concurrent/ThreadPoolTaskScheduler$1.class	12	scheduler	(Lorg/springframework/scheduling/concurrent/ThreadPoolTaskScheduler;ILjava/util/concurrent/ThreadFactory;Ljava/util/concurrent/RejectedExecutionHandler;)V
org/springframework/scheduling/concurrent/ThreadPoolTaskScheduler$1.class	15	scheduler	ELorg/springframework/scheduling/concurrent/ThreadPoolTaskScheduler$1;
org/springframework/scheduling/concurrent/ThreadPoolTaskExecutor$1.class	1	scheduler	Borg/springframework/scheduling/concurrent/ThreadPoolTaskExecutor$1
org/springframework/scheduling/concurrent/ThreadPoolTaskExecutor$1.class	3	scheduler	BLorg/springframework/scheduling/concurrent/ThreadPoolTaskExecutor;
org/springframework/scheduling/concurrent/ThreadPoolTaskExecutor$1.class	7	scheduler	@org/springframework/scheduling/concurrent/ThreadPoolTaskExecutor
org/springframework/scheduling/concurrent/ThreadPoolTaskExecutor$1.class	23	scheduler	(Lorg/springframework/scheduling/concurrent/ThreadPoolTaskExecutor;IIJLjava/util/concurrent/TimeUnit;Ljava/util/concurrent/BlockingQueue;Ljava/util/concurrent/ThreadFactory;Ljava/util/concurrent/RejectedExecutionHandler;)V
org/springframework/scheduling/concurrent/ThreadPoolTaskExecutor$1.class	26	scheduler	DLorg/springframework/scheduling/concurrent/ThreadPoolTaskExecutor$1;
org/springframework/scheduling/concurrent/SimpleAsyncTaskScheduler.class	3	scheduler	Borg/springframework/scheduling/concurrent/SimpleAsyncTaskScheduler
org/springframework/scheduling/concurrent/SimpleAsyncTaskScheduler.class	8	scheduler	Corg/springframework/scheduling/concurrent/ExecutorLifecycleDelegate
org/springframework/scheduling/concurrent/SimpleAsyncTaskScheduler.class	11	scheduler	ELorg/springframework/scheduling/concurrent/ExecutorLifecycleDelegate;
org/springframework/scheduling/concurrent/SimpleAsyncTaskScheduler.class	27	scheduler	Dorg/springframework/scheduling/concurrent/SimpleAsyncTaskScheduler$1
org/springframework/scheduling/concurrent/SimpleAsyncTaskScheduler.class	29	scheduler	j(Lorg/springframework/scheduling/concurrent/SimpleAsyncTaskScheduler;)Ljava/util/concurrent/ThreadFactory;
org/springframework/scheduling/concurrent/SimpleAsyncTaskScheduler.class	30	scheduler	l(Lorg/springframework/scheduling/concurrent/SimpleAsyncTaskScheduler;ILjava/util/concurrent/ThreadFactory;)V
org/springframework/scheduling/concurrent/SimpleAsyncTaskScheduler.class	35	scheduler	Forg/springframework/scheduling/support/DelegatingErrorHandlingRunnable
org/springframework/scheduling/concurrent/SimpleAsyncTaskScheduler.class	36	scheduler	0org/springframework/scheduling/support/TaskUtils
org/springframework/scheduling/concurrent/SimpleAsyncTaskScheduler.class	40	scheduler	n(Lorg/springframework/scheduling/concurrent/SimpleAsyncTaskScheduler;Ljava/lang/Runnable;)Ljava/lang/Runnable;
org/springframework/scheduling/concurrent/SimpleAsyncTaskScheduler.class	49	scheduler	0Ignoring scheduled task exception after shutdown
org/springframework/scheduling/concurrent/SimpleAsyncTaskScheduler.class	58	scheduler	>org/springframework/scheduling/concurrent/ReschedulingRunnable
org/springframework/scheduling/concurrent/SimpleAsyncTaskScheduler.class	59	scheduler	(Ljava/lang/Runnable;Lorg/springframework/scheduling/Trigger;Ljava/time/Clock;Ljava/util/concurrent/ScheduledExecutorService;Lorg/springframework/util/ErrorHandler;)V
org/springframework/scheduling/concurrent/SimpleAsyncTaskScheduler.class	60	scheduler	schedule
org/springframework/scheduling/concurrent/SimpleAsyncTaskScheduler.class	99	scheduler	m(Lorg/springframework/scheduling/concurrent/SimpleAsyncTaskScheduler;)Lorg/springframework/util/ErrorHandler;
org/springframework/scheduling/concurrent/SimpleAsyncTaskScheduler.class	102	scheduler	,org/springframework/scheduling/TaskScheduler
org/springframework/scheduling/concurrent/SimpleAsyncTaskScheduler.class	109	scheduler	DLorg/springframework/scheduling/concurrent/SimpleAsyncTaskScheduler;
org/springframework/scheduling/concurrent/SimpleAsyncTaskScheduler.class	124	scheduler	d(Ljava/lang/Runnable;Lorg/springframework/scheduling/Trigger;)Ljava/util/concurrent/ScheduledFuture;
org/springframework/scheduling/concurrent/SimpleAsyncTaskScheduler.class	130	scheduler	(Lorg/springframework/scheduling/Trigger;
org/springframework/scheduling/concurrent/SimpleAsyncTaskScheduler.class	132	scheduler	g(Ljava/lang/Runnable;Lorg/springframework/scheduling/Trigger;)Ljava/util/concurrent/ScheduledFuture<*>;
org/springframework/scheduling/concurrent/SimpleAsyncTaskScheduler.class	157	scheduler	l(Lorg/springframework/scheduling/concurrent/SimpleAsyncTaskScheduler;Ljava/lang/Runnable;)Ljava/lang/Thread;
org/springframework/scheduling/concurrent/SimpleAsyncTaskScheduler.class	159	scheduler	/Lorg/springframework/core/task/SimpleAsyncTaskExecutor;Lorg/springframework/scheduling/TaskScheduler;Lorg/springframework/context/ApplicationContextAware;Lorg/springframework/context/SmartLifecycle;Lorg/springframework/context/ApplicationListener<Lorg/springframework/context/event/ContextClosedEvent;>;
org/springframework/scheduling/concurrent/ThreadPoolTaskExecutor.class	1	scheduler	Forg/springframework/scheduling/concurrent/ExecutorConfigurationSupport
org/springframework/scheduling/concurrent/ThreadPoolTaskExecutor.class	4	scheduler	@org/springframework/scheduling/concurrent/ThreadPoolTaskExecutor
org/springframework/scheduling/concurrent/ThreadPoolTaskExecutor.class	35	scheduler	Borg/springframework/scheduling/concurrent/ThreadPoolTaskExecutor$1
org/springframework/scheduling/concurrent/ThreadPoolTaskExecutor.class	36	scheduler	(Lorg/springframework/scheduling/concurrent/ThreadPoolTaskExecutor;IIJLjava/util/concurrent/TimeUnit;Ljava/util/concurrent/BlockingQueue;Ljava/util/concurrent/ThreadFactory;Ljava/util/concurrent/RejectedExecutionHandler;)V
org/springframework/scheduling/concurrent/ThreadPoolTaskExecutor.class	70	scheduler	5org/springframework/scheduling/SchedulingTaskExecutor
org/springframework/scheduling/concurrent/ThreadPoolTaskExecutor.class	77	scheduler	BLorg/springframework/scheduling/concurrent/ThreadPoolTaskExecutor;
org/springframework/scheduling/concurrent/ConcurrentTaskExecutor$ManagedTaskExecutorAdapter.class	7	scheduler	Sorg/springframework/scheduling/concurrent/ConcurrentTaskExecutor$ManagedTaskBuilder
org/springframework/scheduling/concurrent/ConcurrentTaskExecutor$ManagedTaskExecutorAdapter.class	19	scheduler	[org/springframework/scheduling/concurrent/ConcurrentTaskExecutor$ManagedTaskExecutorAdapter
org/springframework/scheduling/concurrent/ConcurrentTaskExecutor$ManagedTaskExecutorAdapter.class	22	scheduler	]Lorg/springframework/scheduling/concurrent/ConcurrentTaskExecutor$ManagedTaskExecutorAdapter;
org/springframework/scheduling/concurrent/ConcurrentTaskExecutor$ManagedTaskExecutorAdapter.class	38	scheduler	@org/springframework/scheduling/concurrent/ConcurrentTaskExecutor
org/springframework/scheduling/concurrent/ForkJoinPoolFactoryBean.class	3	scheduler	Aorg/springframework/scheduling/concurrent/ForkJoinPoolFactoryBean
org/springframework/scheduling/concurrent/ForkJoinPoolFactoryBean.class	41	scheduler	CLorg/springframework/scheduling/concurrent/ForkJoinPoolFactoryBean;
org/springframework/scheduling/package-info.class	1	scheduler	+org/springframework/scheduling/package-info
org/springframework/scheduling/TaskScheduler.class	7	scheduler	,org/springframework/scheduling/TaskScheduler
org/springframework/scheduling/TaskScheduler.class	8	scheduler	schedule
org/springframework/scheduling/TaskScheduler.class	21	scheduler	.Lorg/springframework/scheduling/TaskScheduler;
org/springframework/scheduling/TaskScheduler.class	22	scheduler	d(Ljava/lang/Runnable;Lorg/springframework/scheduling/Trigger;)Ljava/util/concurrent/ScheduledFuture;
org/springframework/scheduling/TaskScheduler.class	26	scheduler	g(Ljava/lang/Runnable;Lorg/springframework/scheduling/Trigger;)Ljava/util/concurrent/ScheduledFuture<*>;
org/springframework/scheduling/TriggerContext.class	4	scheduler	-org/springframework/scheduling/TriggerContext
org/springframework/scheduling/TriggerContext.class	15	scheduler	/Lorg/springframework/scheduling/TriggerContext;
org/springframework/scripting/support/ScriptFactoryPostProcessor.class	85	trace-or-step	trace
org/springframework/aop/framework/CglibAopProxy.class	39	trace-or-step	trace
org/springframework/aop/framework/autoproxy/BeanFactoryAdvisorRetrievalHelper.class	27	trace-or-step	trace
org/springframework/aop/framework/autoproxy/AbstractAutoProxyCreator.class	88	trace-or-step	trace
org/springframework/aop/framework/JdkDynamicAopProxy.class	30	trace-or-step	trace
org/springframework/aop/framework/adapter/ThrowsAdviceInterceptor.class	57	trace-or-step	trace
org/springframework/aop/framework/CglibAopProxy$ProxyCallbackFilter.class	17	trace-or-step	trace
org/springframework/aop/interceptor/AbstractTraceInterceptor.class	38	trace-or-step	trace
org/springframework/aop/target/AbstractBeanFactoryBasedTargetSource.class	32	trace-or-step	trace
org/springframework/beans/TypeConverterDelegate.class	85	trace-or-step	trace
org/springframework/beans/CachedIntrospectionResults.class	58	trace-or-step	trace
org/springframework/beans/AbstractNestablePropertyAccessor.class	229	trace-or-step	trace
org/springframework/beans/factory/support/DisposableBeanAdapter.class	79	trace-or-step	trace
org/springframework/beans/factory/support/DefaultSingletonBeanRegistry.class	90	trace-or-step	trace
org/springframework/beans/factory/support/PropertiesBeanDefinitionReader.class	22	trace-or-step	trace
org/springframework/beans/factory/support/ConstructorResolver.class	80	trace-or-step	trace
org/springframework/beans/factory/support/AbstractAutowireCapableBeanFactory.class	128	trace-or-step	trace
org/springframework/beans/factory/support/DefaultListableBeanFactory.class	145	trace-or-step	trace
org/springframework/beans/factory/support/DefaultListableBeanFactory.class	840	priority	EMultiple beans found with the same priority ('
org/springframework/beans/factory/support/AbstractBeanFactory.class	54	trace-or-step	trace
org/springframework/beans/factory/support/CglibSubclassingInstantiationStrategy$MethodOverrideCallbackFilter.class	20	trace-or-step	trace
org/springframework/beans/factory/support/AbstractBeanDefinitionReader.class	55	trace-or-step	trace
org/springframework/beans/factory/annotation/AutowiredAnnotationBeanPostProcessor.class	41	trace-or-step	trace
org/springframework/beans/factory/annotation/InitDestroyAnnotationBeanPostProcessor.class	125	trace-or-step	trace
org/springframework/beans/factory/annotation/InitDestroyAnnotationBeanPostProcessor$LifecycleMetadata.class	37	trace-or-step	trace
org/springframework/beans/factory/groovy/GroovyBeanDefinitionReader.class	47	trace-or-step	trace
org/springframework/beans/factory/aot/BeanDefinitionMethodGeneratorFactory.class	59	trace-or-step	trace
org/springframework/beans/factory/aot/AutowiredElementResolver.class	28	trace-or-step	trace
org/springframework/beans/factory/xml/DefaultNamespaceHandlerResolver.class	54	trace-or-step	trace
org/springframework/beans/factory/xml/ResourceEntityResolver.class	47	trace-or-step	trace
org/springframework/beans/factory/xml/PluggableSchemaResolver.class	19	trace-or-step	trace
org/springframework/beans/factory/xml/DefaultDocumentLoader.class	17	trace-or-step	trace
org/springframework/beans/factory/xml/BeansDtdResolver.class	10	trace-or-step	trace
org/springframework/beans/factory/xml/BeanDefinitionParserDelegate.class	101	trace-or-step	trace
org/springframework/beans/factory/xml/XmlBeanDefinitionReader.class	79	trace-or-step	trace
org/springframework/beans/factory/xml/DefaultBeanDefinitionDocumentReader.class	99	trace-or-step	trace
io/micrometer/observation/SimpleObservation$SimpleScope.class	36	trace-or-step	trace
io/micrometer/observation/contextpropagation/ObservationThreadLocalAccessor.class	24	trace-or-step	trace
io/micrometer/common/util/internal/logging/AbstractInternalLogger$1.class	6	trace-or-step	TRACE
io/micrometer/common/util/internal/logging/AbstractInternalLogger.class	19	trace-or-step	trace
io/micrometer/common/util/internal/logging/InternalLogLevel.class	2	trace-or-step	TRACE
io/micrometer/common/util/internal/logging/InternalLogger.class	5	trace-or-step	trace
io/micrometer/common/util/internal/logging/JdkLogger.class	57	trace-or-step	trace
io/micrometer/common/util/internal/logging/LocationAwareSlf4JLogger.class	45	trace-or-step	trace
io/micrometer/common/util/internal/logging/Slf4JLogger.class	11	trace-or-step	trace
org/apache/velocity/runtime/resource/loader/ClasspathResourceLoader.class	10	trace-or-step	trace
org/apache/velocity/runtime/resource/loader/DataSourceResourceLoader.class	41	trace-or-step	trace
org/apache/velocity/runtime/resource/ResourceManagerImpl.class	37	trace-or-step	trace
org/apache/velocity/runtime/RuntimeInstance.class	67	trace-or-step	trace
org/apache/velocity/runtime/parser/StandardParser.class	59	trace-or-step	trace
org/apache/velocity/runtime/resource/loader/FileResourceLoader.class	21	trace-or-step	trace
org/apache/velocity/runtime/resource/loader/URLResourceLoader.class	16	trace-or-step	trace
org/apache/velocity/runtime/VelocimacroFactory.class	37	trace-or-step	trace
org/apache/velocity/runtime/resource/loader/JarHolder.class	47	trace-or-step	trace
org/apache/velocity/runtime/resource/loader/JarResourceLoader.class	16	trace-or-step	trace
org/apache/velocity/runtime/resource/loader/StringResourceLoader.class	40	trace-or-step	trace
org/apache/velocity/runtime/parser/StandardParserTokenManager.class	47	trace-or-step	trace
org/apache/commons/lang3/concurrent/BasicThreadFactory$Builder.class	9	priority	priority
org/apache/commons/lang3/concurrent/BasicThreadFactory.class	12	priority	priority
org/apache/commons/lang3/exception/ExceptionUtils.class	38	trace-or-step	trace
org/slf4j/event/EventRecodingLogger.class	20	trace-or-step	trace
org/slf4j/event/EventRecodingLogger.class	72	trace-or-step	TRACE
org/slf4j/event/Level.class	4	trace-or-step	TRACE
org/slf4j/helpers/MarkerIgnoringBase.class	11	trace-or-step	trace
org/slf4j/helpers/NOPLogger.class	11	trace-or-step	trace
org/slf4j/helpers/SubstituteLogger.class	25	trace-or-step	trace
org/slf4j/helpers/Util.class	24	trace-or-step	trace
org/slf4j/Logger.class	7	trace-or-step	trace
org/rebecalang/compiler/modelcompiler/hybridrebeca/compiler/HybridRebecaCompleteLexer.class	4	priority	PRIORITIES
org/rebecalang/compiler/modelcompiler/hybridrebeca/compiler/HybridRebecaCompleteLexer.class	85	priority	'priorities'
org/rebecalang/compiler/modelcompiler/hybridrebeca/compiler/HybridRebecaCompleteParser.class	65	priority	'priorities'
org/rebecalang/compiler/modelcompiler/hybridrebeca/compiler/HybridRebecaCompleteParser.class	107	priority	PRIORITIES
org/rebecalang/compiler/modelcompiler/timedrebeca/TimedRebecaCompleteCompilerFacade.class	89	priority	priority
org/rebecalang/compiler/modelcompiler/timedrebeca/TimedRebecaCompleteCompilerFacade.class	113	priority	6Conflict between local and global priority definitions
org/rebecalang/compiler/modelcompiler/timedrebeca/TimedRebecaCompleteCompilerFacade.class	138	priority	/Value of priority must be an integer expression
org/rebecalang/compiler/modelcompiler/corerebeca/statementsemanticchecker/expression/NondetExpressionSemanticCheck.class	32	determinism	4Non-deterministic terms must be constant expressions
org/rebecalang/compiler/modelcompiler/corerebeca/statementsemanticchecker/expression/NondetExpressionSemanticCheck.class	51	determinism	ENon-deterministic expression must have at least two different choices
org/rebecalang/compiler/modelcompiler/corerebeca/statementsemanticchecker/expression/NondetExpressionSemanticCheck.class	60	determinism	EOnly message servers are allowed to have non-deterministic expression
org/rebecalang/compiler/modelcompiler/corerebeca/CoreRebecaCompleteCompilerFacade.class	266	priority	priority
org/rebecalang/compiler/modelcompiler/corerebeca/CoreRebecaCompleteCompilerFacade.class	270	priority	%Core Rebeca does not support priority
com/sun/xml/bind/Util.class	7	trace-or-step	trace
org/antlr/v4/automata/ATNVisitor.class	10	trace-or-step	%Lorg/antlr/v4/runtime/atn/Transition;
org/antlr/v4/automata/ATNVisitor.class	32	trace-or-step	transition
org/antlr/v4/automata/ATNVisitor.class	33	trace-or-step	((I)Lorg/antlr/v4/runtime/atn/Transition;
org/antlr/v4/automata/ATNVisitor.class	34	trace-or-step	#org/antlr/v4/runtime/atn/Transition
org/antlr/v4/parse/ANTLRLexer$DFA2.class	57	trace-or-step	transition
org/antlr/v4/codegen/model/InvokeRule.class	55	trace-or-step	transition
org/antlr/v4/codegen/model/InvokeRule.class	56	trace-or-step	((I)Lorg/antlr/v4/runtime/atn/Transition;
org/antlr/v4/automata/ATNPrinter.class	22	trace-or-step	%Lorg/antlr/v4/runtime/atn/Transition;
org/antlr/v4/automata/ATNPrinter.class	60	trace-or-step	#org/antlr/v4/runtime/atn/Transition
org/antlr/v4/automata/ATNPrinter.class	70	trace-or-step	transition
org/antlr/v4/automata/ATNPrinter.class	71	trace-or-step	((I)Lorg/antlr/v4/runtime/atn/Transition;
org/antlr/v4/parse/GrammarTreeVisitor$DFA38.class	30	trace-or-step	transition
org/antlr/v4/tool/GrammarParserInterpreter.class	136	trace-or-step	transition
org/antlr/v4/tool/GrammarParserInterpreter.class	137	trace-or-step	((I)Lorg/antlr/v4/runtime/atn/Transition;
org/antlr/v4/tool/GrammarParserInterpreter.class	138	trace-or-step	#org/antlr/v4/runtime/atn/Transition
org/antlr/v4/tool/GrammarParserInterpreter.class	174	trace-or-step	(()[Lorg/antlr/v4/runtime/atn/Transition;
org/antlr/v4/automata/LexerATNFactory.class	82	trace-or-step	transition
org/antlr/v4/automata/LexerATNFactory.class	83	trace-or-step	%Lorg/antlr/v4/runtime/atn/Transition;
org/antlr/v4/automata/LexerATNFactory.class	200	trace-or-step	#org/antlr/v4/runtime/atn/Transition
org/antlr/v4/automata/LexerATNFactory.class	274	trace-or-step	((Lorg/antlr/v4/runtime/atn/Transition;)V
org/antlr/v4/automata/LexerATNFactory.class	306	trace-or-step	L(Lorg/antlr/v4/runtime/atn/ATNState;II)Lorg/antlr/v4/runtime/atn/Transition;
org/antlr/v4/automata/LexerATNFactory.class	330	trace-or-step	K(Lorg/antlr/v4/runtime/atn/ATNState;I)Lorg/antlr/v4/runtime/atn/Transition;
org/antlr/v4/parse/BlockSetTransformer$DFA10.class	43	trace-or-step	transition
org/antlr/v4/analysis/LeftRecursionDetector.class	24	trace-or-step	%Lorg/antlr/v4/runtime/atn/Transition;
org/antlr/v4/analysis/LeftRecursionDetector.class	51	trace-or-step	#org/antlr/v4/runtime/atn/Transition
org/antlr/v4/analysis/LeftRecursionDetector.class	76	trace-or-step	transition
org/antlr/v4/analysis/LeftRecursionDetector.class	77	trace-or-step	((I)Lorg/antlr/v4/runtime/atn/Transition;
org/antlr/v4/parse/ATNBuilder$DFA10.class	30	trace-or-step	transition
org/antlr/v4/parse/ANTLRLexer$DFA35.class	43	trace-or-step	transition
org/antlr/v4/codegen/model/SemPred.class	39	trace-or-step	transition
org/antlr/v4/codegen/model/SemPred.class	40	trace-or-step	((I)Lorg/antlr/v4/runtime/atn/Transition;
org/antlr/v4/parse/LeftRecursiveRuleWalker$DFA14.class	30	trace-or-step	transition
org/antlr/v4/Tool.class	285	trace-or-step	3generate rule augmented transition network diagrams
org/antlr/v4/automata/TailEpsilonRemover.class	11	trace-or-step	%Lorg/antlr/v4/runtime/atn/Transition;
org/antlr/v4/automata/TailEpsilonRemover.class	23	trace-or-step	#org/antlr/v4/runtime/atn/Transition
org/antlr/v4/automata/TailEpsilonRemover.class	26	trace-or-step	transition
org/antlr/v4/automata/TailEpsilonRemover.class	27	trace-or-step	((I)Lorg/antlr/v4/runtime/atn/Transition;
org/antlr/v4/automata/ATNOptimizer.class	10	trace-or-step	%Lorg/antlr/v4/runtime/atn/Transition;
org/antlr/v4/automata/ATNOptimizer.class	11	trace-or-step	transition
org/antlr/v4/automata/ATNOptimizer.class	60	trace-or-step	#org/antlr/v4/runtime/atn/Transition
org/antlr/v4/automata/ATNOptimizer.class	80	trace-or-step	((I)Lorg/antlr/v4/runtime/atn/Transition;
org/antlr/v4/automata/ATNOptimizer.class	111	trace-or-step	K(Lorg/antlr/v4/runtime/atn/ATNState;I)Lorg/antlr/v4/runtime/atn/Transition;
org/antlr/v4/automata/ATNOptimizer.class	113	trace-or-step	L(Lorg/antlr/v4/runtime/atn/ATNState;II)Lorg/antlr/v4/runtime/atn/Transition;
org/antlr/v4/automata/ATNOptimizer.class	116	trace-or-step	)(ILorg/antlr/v4/runtime/atn/Transition;)V
org/antlr/v4/codegen/SourceGenTriggers$DFA7.class	29	trace-or-step	transition
org/antlr/v4/codegen/target/SwiftTarget.class	56	trace-or-step	%Lorg/antlr/v4/runtime/atn/Transition;
org/antlr/v4/codegen/target/SwiftTarget.class	160	trace-or-step	1Cannot serialize a transition to a removed state.
org/antlr/v4/codegen/target/SwiftTarget.class	252	trace-or-step	#org/antlr/v4/runtime/atn/Transition
org/antlr/v4/codegen/target/SwiftTarget.class	334	trace-or-step	transition
org/antlr/v4/codegen/target/SwiftTarget.class	335	trace-or-step	((I)Lorg/antlr/v4/runtime/atn/Transition;
org/antlr/v4/codegen/model/MatchSet.class	29	trace-or-step	transition
org/antlr/v4/codegen/model/MatchSet.class	30	trace-or-step	((I)Lorg/antlr/v4/runtime/atn/Transition;
org/antlr/v4/gui/TestRig.class	13	trace-or-step	trace
org/antlr/v4/gui/TestRig.class	67	trace-or-step	[-trace] [-diagnostics] [-SLL]
org/antlr/v4/gui/TestRig.class	73	trace-or-step	-trace
org/antlr/v4/automata/ParserATNFactory.class	118	trace-or-step	%Lorg/antlr/v4/runtime/atn/Transition;
org/antlr/v4/automata/ParserATNFactory.class	252	trace-or-step	#org/antlr/v4/runtime/atn/Transition
org/antlr/v4/automata/ParserATNFactory.class	290	trace-or-step	transition
org/antlr/v4/automata/ParserATNFactory.class	291	trace-or-step	((I)Lorg/antlr/v4/runtime/atn/Transition;
org/antlr/v4/automata/ParserATNFactory.class	312	trace-or-step	((Lorg/antlr/v4/runtime/atn/Transition;)V
org/antlr/v4/automata/ParserATNFactory.class	357	trace-or-step	)(ILorg/antlr/v4/runtime/atn/Transition;)V
org/antlr/v4/parse/LeftRecursiveRuleWalker$DFA11.class	30	trace-or-step	transition
org/antlr/v4/tool/DOTGenerator.class	60	trace-or-step	%Lorg/antlr/v4/runtime/atn/Transition;
org/antlr/v4/tool/DOTGenerator.class	114	trace-or-step	#org/antlr/v4/runtime/atn/Transition
org/antlr/v4/tool/DOTGenerator.class	165	trace-or-step	transition
org/antlr/v4/tool/DOTGenerator.class	166	trace-or-step	((I)Lorg/antlr/v4/runtime/atn/Transition;
org/antlr/v4/tool/DOTGenerator.class	185	trace-or-step	(()[Lorg/antlr/v4/runtime/atn/Transition;
org/antlr/v4/runtime/atn/RuleTransition.class	26	trace-or-step	#org/antlr/v4/runtime/atn/Transition
org/antlr/v4/runtime/atn/StarLoopbackState.class	13	trace-or-step	transition
org/antlr/v4/runtime/atn/StarLoopbackState.class	14	trace-or-step	((I)Lorg/antlr/v4/runtime/atn/Transition;
org/antlr/v4/runtime/atn/StarLoopbackState.class	15	trace-or-step	#org/antlr/v4/runtime/atn/Transition
org/antlr/v4/runtime/atn/ATNDeserializer.class	53	trace-or-step	%Lorg/antlr/v4/runtime/atn/Transition;
org/antlr/v4/runtime/atn/ATNDeserializer.class	72	trace-or-step	transition
org/antlr/v4/runtime/atn/ATNDeserializer.class	137	trace-or-step	[(Lorg/antlr/v4/runtime/atn/ATN;IIIIIILjava/util/List;)Lorg/antlr/v4/runtime/atn/Transition;
org/antlr/v4/runtime/atn/ATNDeserializer.class	140	trace-or-step	(Lorg/antlr/v4/runtime/atn/ATN;IIIIIILjava/util/List<Lorg/antlr/v4/runtime/misc/IntervalSet;>;)Lorg/antlr/v4/runtime/atn/Transition;
org/antlr/v4/runtime/atn/ATNDeserializer.class	180	trace-or-step	#org/antlr/v4/runtime/atn/Transition
org/antlr/v4/runtime/atn/ATNDeserializer.class	193	trace-or-step	+The specified transition type is not valid.
org/antlr/v4/runtime/atn/ATNDeserializer.class	260	trace-or-step	((Lorg/antlr/v4/runtime/atn/Transition;)V
org/antlr/v4/runtime/atn/ATNDeserializer.class	262	trace-or-step	((I)Lorg/antlr/v4/runtime/atn/Transition;
org/antlr/v4/runtime/atn/ATNDeserializer.class	274	trace-or-step	)(ILorg/antlr/v4/runtime/atn/Transition;)V
org/antlr/v4/runtime/atn/AbstractPredicateTransition.class	11	trace-or-step	#org/antlr/v4/runtime/atn/Transition
org/antlr/v4/runtime/atn/ActionTransition.class	26	trace-or-step	#org/antlr/v4/runtime/atn/Transition
org/antlr/v4/runtime/atn/EpsilonTransition.class	23	trace-or-step	#org/antlr/v4/runtime/atn/Transition
org/antlr/v4/runtime/atn/ATNState.class	26	trace-or-step	7Ljava/util/List<Lorg/antlr/v4/runtime/atn/Transition;>;
org/antlr/v4/runtime/atn/ATNState.class	42	trace-or-step	(()[Lorg/antlr/v4/runtime/atn/Transition;
org/antlr/v4/runtime/atn/ATNState.class	45	trace-or-step	((Lorg/antlr/v4/runtime/atn/Transition;)V
org/antlr/v4/runtime/atn/ATNState.class	46	trace-or-step	%Lorg/antlr/v4/runtime/atn/Transition;
org/antlr/v4/runtime/atn/ATNState.class	47	trace-or-step	)(ILorg/antlr/v4/runtime/atn/Transition;)V
org/antlr/v4/runtime/atn/ATNState.class	51	trace-or-step	transition
org/antlr/v4/runtime/atn/ATNState.class	52	trace-or-step	((I)Lorg/antlr/v4/runtime/atn/Transition;
org/antlr/v4/runtime/atn/ATNState.class	63	trace-or-step	#org/antlr/v4/runtime/atn/Transition
org/antlr/v4/runtime/atn/ATNState.class	64	trace-or-step	&[Lorg/antlr/v4/runtime/atn/Transition;
org/antlr/v4/runtime/atn/Transition$1.class	5	trace-or-step	'Lorg/antlr/v4/runtime/atn/Transition$1;
org/antlr/v4/runtime/atn/Transition$1.class	7	trace-or-step	aLjava/util/HashMap<Ljava/lang/Class<+Lorg/antlr/v4/runtime/atn/Transition;>;Ljava/lang/Integer;>;
org/antlr/v4/runtime/atn/Transition$1.class	9	trace-or-step	Transition.java
org/antlr/v4/runtime/atn/Transition$1.class	21	trace-or-step	%org/antlr/v4/runtime/atn/Transition$1
org/antlr/v4/runtime/atn/Transition$1.class	23	trace-or-step	#org/antlr/v4/runtime/atn/Transition
org/antlr/v4/runtime/Parser.class	190	trace-or-step	trace
org/antlr/v4/runtime/Parser.class	311	trace-or-step	transition
org/antlr/v4/runtime/Parser.class	312	trace-or-step	((I)Lorg/antlr/v4/runtime/atn/Transition;
org/antlr/v4/runtime/atn/WildcardTransition.class	20	trace-or-step	#org/antlr/v4/runtime/atn/Transition
org/antlr/v4/runtime/atn/CodePointTransitions.class	6	trace-or-step	K(Lorg/antlr/v4/runtime/atn/ATNState;I)Lorg/antlr/v4/runtime/atn/Transition;
org/antlr/v4/runtime/atn/CodePointTransitions.class	12	trace-or-step	L(Lorg/antlr/v4/runtime/atn/ATNState;II)Lorg/antlr/v4/runtime/atn/Transition;
org/antlr/v4/runtime/atn/ParserATNSimulator.class	82	trace-or-step	%Lorg/antlr/v4/runtime/atn/Transition;
org/antlr/v4/runtime/atn/ParserATNSimulator.class	120	trace-or-step	K(Lorg/antlr/v4/runtime/atn/Transition;I)Lorg/antlr/v4/runtime/atn/ATNState;
org/antlr/v4/runtime/atn/ParserATNSimulator.class	183	trace-or-step	s(Lorg/antlr/v4/runtime/atn/ATNConfig;Lorg/antlr/v4/runtime/atn/Transition;ZZZZ)Lorg/antlr/v4/runtime/atn/ATNConfig;
org/antlr/v4/runtime/atn/ParserATNSimulator.class	289	trace-or-step	#org/antlr/v4/runtime/atn/Transition
org/antlr/v4/runtime/atn/ParserATNSimulator.class	341	trace-or-step	transition
org/antlr/v4/runtime/atn/ParserATNSimulator.class	342	trace-or-step	((I)Lorg/antlr/v4/runtime/atn/Transition;
org/antlr/v4/runtime/atn/ATNSimulator.class	46	trace-or-step	[(Lorg/antlr/v4/runtime/atn/ATN;IIIIIILjava/util/List;)Lorg/antlr/v4/runtime/atn/Transition;
org/antlr/v4/runtime/atn/ATNSimulator.class	50	trace-or-step	(Lorg/antlr/v4/runtime/atn/ATN;IIIIIILjava/util/List<Lorg/antlr/v4/runtime/misc/IntervalSet;>;)Lorg/antlr/v4/runtime/atn/Transition;
org/antlr/v4/runtime/FailedPredicateException.class	50	trace-or-step	transition
org/antlr/v4/runtime/FailedPredicateException.class	51	trace-or-step	((I)Lorg/antlr/v4/runtime/atn/Transition;
org/antlr/v4/runtime/atn/SetTransition.class	23	trace-or-step	#org/antlr/v4/runtime/atn/Transition
org/antlr/v4/runtime/atn/LL1Analyzer.class	31	trace-or-step	%Lorg/antlr/v4/runtime/atn/Transition;
org/antlr/v4/runtime/atn/LL1Analyzer.class	55	trace-or-step	#org/antlr/v4/runtime/atn/Transition
org/antlr/v4/runtime/atn/LL1Analyzer.class	58	trace-or-step	transition
org/antlr/v4/runtime/atn/LL1Analyzer.class	59	trace-or-step	((I)Lorg/antlr/v4/runtime/atn/Transition;
org/antlr/v4/runtime/atn/ATN.class	84	trace-or-step	transition
org/antlr/v4/runtime/atn/ATN.class	85	trace-or-step	((I)Lorg/antlr/v4/runtime/atn/Transition;
org/antlr/v4/runtime/atn/ATNSerializer.class	21	trace-or-step	%Lorg/antlr/v4/runtime/atn/Transition;
org/antlr/v4/runtime/atn/ATNSerializer.class	140	trace-or-step	1Cannot serialize a transition to a removed state.
org/antlr/v4/runtime/atn/ATNSerializer.class	175	trace-or-step	#org/antlr/v4/runtime/atn/Transition
org/antlr/v4/runtime/atn/ATNSerializer.class	201	trace-or-step	transition
org/antlr/v4/runtime/atn/ATNSerializer.class	202	trace-or-step	((I)Lorg/antlr/v4/runtime/atn/Transition;
org/antlr/v4/runtime/atn/RangeTransition.class	23	trace-or-step	#org/antlr/v4/runtime/atn/Transition
org/antlr/v4/runtime/atn/Transition.class	16	trace-or-step	]Ljava/util/Map<Ljava/lang/Class<+Lorg/antlr/v4/runtime/atn/Transition;>;Ljava/lang/Integer;>;
org/antlr/v4/runtime/atn/Transition.class	23	trace-or-step	%Lorg/antlr/v4/runtime/atn/Transition;
org/antlr/v4/runtime/atn/Transition.class	33	trace-or-step	Transition.java
org/antlr/v4/runtime/atn/Transition.class	38	trace-or-step	%org/antlr/v4/runtime/atn/Transition$1
org/antlr/v4/runtime/atn/Transition.class	39	trace-or-step	#org/antlr/v4/runtime/atn/Transition
org/antlr/v4/runtime/atn/LexerATNSimulator.class	63	trace-or-step	%Lorg/antlr/v4/runtime/atn/Transition;
org/antlr/v4/runtime/atn/LexerATNSimulator.class	74	trace-or-step	K(Lorg/antlr/v4/runtime/atn/Transition;I)Lorg/antlr/v4/runtime/atn/ATNState;
org/antlr/v4/runtime/atn/LexerATNSimulator.class	87	trace-or-step	(Lorg/antlr/v4/runtime/CharStream;Lorg/antlr/v4/runtime/atn/LexerATNConfig;Lorg/antlr/v4/runtime/atn/Transition;Lorg/antlr/v4/runtime/atn/ATNConfigSet;ZZ)Lorg/antlr/v4/runtime/atn/LexerATNConfig;
org/antlr/v4/runtime/atn/LexerATNSimulator.class	149	trace-or-step	#org/antlr/v4/runtime/atn/Transition
org/antlr/v4/runtime/atn/LexerATNSimulator.class	178	trace-or-step	transition
org/antlr/v4/runtime/atn/LexerATNSimulator.class	179	trace-or-step	((I)Lorg/antlr/v4/runtime/atn/Transition;
org/antlr/v4/runtime/DefaultErrorStrategy.class	170	trace-or-step	transition
org/antlr/v4/runtime/DefaultErrorStrategy.class	171	trace-or-step	((I)Lorg/antlr/v4/runtime/atn/Transition;
org/antlr/v4/runtime/DefaultErrorStrategy.class	172	trace-or-step	#org/antlr/v4/runtime/atn/Transition
org/antlr/v4/runtime/ParserInterpreter.class	83	trace-or-step	transition
org/antlr/v4/runtime/ParserInterpreter.class	84	trace-or-step	%Lorg/antlr/v4/runtime/atn/Transition;
org/antlr/v4/runtime/ParserInterpreter.class	135	trace-or-step	!Unrecognized ATN transition type.
org/antlr/v4/runtime/ParserInterpreter.class	144	trace-or-step	#org/antlr/v4/runtime/atn/Transition
org/antlr/v4/runtime/ParserInterpreter.class	198	trace-or-step	((I)Lorg/antlr/v4/runtime/atn/Transition;
org/antlr/v4/runtime/atn/PredictionContext.class	22	trace-or-step	transition
org/antlr/v4/runtime/atn/PredictionContext.class	161	trace-or-step	((I)Lorg/antlr/v4/runtime/atn/Transition;
org/antlr/v4/runtime/atn/AtomTransition.class	22	trace-or-step	#org/antlr/v4/runtime/atn/Transition
org/antlr/runtime/debug/RemoteDebugEventSocketListener.class	41	trace-or-step	dispatch
org/antlr/runtime/DFA.class	3	trace-or-step	transition
org/stringtemplate/v4/Interpreter.class	20	trace-or-step	trace
org/stringtemplate/v4/gui/STViewFrame.class	26	trace-or-step	trace
org/stringtemplate/v4/gui/STViz.class	21	trace-or-step	trace
org/stringtemplate/v4/compiler/GroupLexer$DFA8.class	29	trace-or-step	transition
org/stringtemplate/v4/debug/ConstructionEvent.class	14	trace-or-step	trace
org/glassfish/json/JsonStructureParser.class	36	trace-or-step	transition
com/ibm/icu/impl/OlsonTimeZone.class	105	trace-or-step	transition
com/ibm/icu/impl/duration/impl/PeriodFormatterData.class	4	trace-or-step	trace
com/ibm/icu/number/FractionPrecision.class	11	priority	priority
com/ibm/icu/number/NumberSkeletonImpl$BlueprintHelpers.class	65	priority	priority
com/ibm/icu/number/NumberSkeletonImpl$BlueprintHelpers.class	135	priority	RInvalid digits option: Wildcard character not allowed with the priority annotation
com/ibm/icu/number/NumberSkeletonImpl$BlueprintHelpers.class	137	priority	3Invalid digits option: Priority annotation required
com/ibm/icu/number/NumberSkeletonImpl$GeneratorHelpers.class	143	priority	priority
com/ibm/icu/number/Precision$FracSigRounderImpl.class	5	priority	priority
com/ibm/icu/number/Precision.class	92	priority	priority
com/ibm/icu/text/CurrencyMetaInfo$CurrencyInfo.class	3	priority	priority
com/ibm/icu/text/RuleBasedBreakIterator.class	28	trace-or-step	TRACE
com/ibm/icu/text/RuleBasedBreakIterator.class	171	trace-or-step	trace
com/ibm/icu/util/Calendar.class	346	trace-or-step	transition
com/ibm/icu/util/Calendar.class	551	trace-or-step	/Could not locate a time zone transition before
com/ibm/icu/util/Calendar.class	568	trace-or-step	Not weekend transition day
com/ibm/icu/util/Calendar.class	585	trace-or-step	JThe specified wall time does not exist due to time zone offset transition.
com/ibm/icu/util/RuleBasedTimeZone.class	110	trace-or-step	Rule must be a transition rule
com/ibm/icu/impl/ICUCurrencyMetaInfo$CurrencyCollector.class	17	priority	priority
com/ibm/icu/impl/ICUCurrencyMetaInfo$InfoCollector.class	17	priority	priority
com/ibm/icu/impl/ICUCurrencyMetaInfo$RegionCollector.class	17	priority	priority
com/sun/tools/xjc/MessageBundle.properties	152	trace-or-step	doesn'''t solve the problem, please use the -debug option to obtain the stack trace and \
com/sun/tools/xjc/MessageBundle_de.properties	120	trace-or-step	Driver.StackOverflow = Stack-\u00dcberlauf. Entweder kompilieren Sie ein gro\u00dfes Schema, das mehr Ressourcen erfordert, oder XJC enth\u00e4lt einen Bug. Erweitern Sie zuerst die Stack-Gr\u00f6\u00dfe mit der Option -Xss JVM. Wenn das Problem dadurch nicht gel\u00f6st wird, verwenden Sie die Option -debug, um den Stack Trace abzurufen, und wenden Sie sich an Sun.
com/sun/tools/xjc/MessageBundle_fr.properties	122	trace-or-step	Driver.StackOverflow = D\u00e9bordement de pile. Vous compilez un sch\u00e9ma volumineux qui exige davantage de ressources ou XJC pr\u00e9sente un bug. Etendez d'abord la taille de pile \u00e0 l'aide de l'option JVM -Xss. Si le probl\u00e8me persiste, utilisez l'option -debug pour obtenir la trace de pile et contactez Sun.
com/sun/tools/xjc/MessageBundle_it.properties	120	trace-or-step	Driver.StackOverflow = Overflow dello stack. Si sta compilando uno schema grande che richiede pi\u00f9 risorse oppure XJC contiene un bug. Per prima cosa, estendere la dimensione dello stack usando l'opzione -Xss JVM. Se questo non risolve il problema, usare l'opzione -debug per ottenere lo stack trace e contattare Sun.
com/sun/xml/xsom/impl/parser/state/NGCCRuntime.class	93	trace-or-step	trace
org/eclipse/angus/activation/nativeimage/AngusActivationFeature.class	82	trace-or-step	#angus.activation.native-image.trace
com/oracle/truffle/js/runtime/ExitExceptionGen$InteropLibraryExports$Cached.class	36	trace-or-step	WInvalid library export. Exported receiver with dynamic dispatch found but not expected.
com/oracle/truffle/js/runtime/ExitExceptionGen$InteropLibraryExports$Cached.class	51	trace-or-step	dispatch
com/oracle/truffle/js/runtime/SafeIntegerGen$InteropLibraryExports$Cached.class	51	trace-or-step	WInvalid library export. Exported receiver with dynamic dispatch found but not expected.
com/oracle/truffle/js/runtime/SafeIntegerGen$InteropLibraryExports$Cached.class	74	trace-or-step	dispatch
com/oracle/truffle/js/runtime/SafeIntegerGen$InteropLibraryExports$Uncached.class	49	trace-or-step	WInvalid library export. Exported receiver with dynamic dispatch found but not expected.
com/oracle/truffle/js/runtime/SafeIntegerGen$InteropLibraryExports$Uncached.class	70	trace-or-step	dispatch
com/oracle/truffle/js/runtime/GraalJSExceptionGen$InteropLibraryExports$Uncached.class	54	trace-or-step	WInvalid library export. Exported receiver with dynamic dispatch found but not expected.
com/oracle/truffle/js/runtime/GraalJSExceptionGen$InteropLibraryExports$Uncached.class	72	trace-or-step	dispatch
com/oracle/truffle/js/runtime/JSAgent.class	156	correspondence	#org/graalvm/collections/Equivalence
com/oracle/truffle/js/runtime/JSAgent.class	158	correspondence	%Lorg/graalvm/collections/Equivalence;
com/oracle/truffle/js/runtime/JSAgent.class	160	correspondence	L(Lorg/graalvm/collections/Equivalence;)Lorg/graalvm/collections/EconomicSet;
com/oracle/truffle/js/runtime/GraalJSExceptionGen$InteropLibraryExports$Cached.class	71	trace-or-step	WInvalid library export. Exported receiver with dynamic dispatch found but not expected.
com/oracle/truffle/js/runtime/GraalJSExceptionGen$InteropLibraryExports$Cached.class	95	trace-or-step	dispatch
com/oracle/truffle/js/runtime/JSContext.class	556	trace-or-step	#prepare stack trace callback unused
com/oracle/truffle/js/runtime/JSContextOptionsOptionDescriptors.class	81	trace-or-step	js.stack-trace-limit
com/oracle/truffle/js/runtime/JSContextOptionsOptionDescriptors.class	150	trace-or-step	.Trace the execution of automata in JSON files.
com/oracle/truffle/js/runtime/ExitExceptionGen$InteropLibraryExports$Uncached.class	40	trace-or-step	WInvalid library export. Exported receiver with dynamic dispatch found but not expected.
com/oracle/truffle/js/runtime/ExitExceptionGen$InteropLibraryExports$Uncached.class	56	trace-or-step	dispatch
com/oracle/truffle/js/runtime/UserScriptExceptionGen$InteropLibraryExports$Cached.class	84	trace-or-step	WInvalid library export. Exported receiver with dynamic dispatch found but not expected.
com/oracle/truffle/js/runtime/UserScriptExceptionGen$InteropLibraryExports$Cached.class	115	trace-or-step	dispatch
com/oracle/truffle/js/runtime/BigIntGen$InteropLibraryExports$Cached.class	57	trace-or-step	WInvalid library export. Exported receiver with dynamic dispatch found but not expected.
com/oracle/truffle/js/runtime/BigIntGen$InteropLibraryExports$Cached.class	69	trace-or-step	dispatch
com/oracle/truffle/js/runtime/SymbolGen$InteropLibraryExports$Uncached.class	50	trace-or-step	WInvalid library export. Exported receiver with dynamic dispatch found but not expected.
com/oracle/truffle/js/runtime/SymbolGen$InteropLibraryExports$Uncached.class	63	trace-or-step	dispatch
com/oracle/truffle/js/runtime/SymbolGen$InteropLibraryExports$Cached.class	55	trace-or-step	WInvalid library export. Exported receiver with dynamic dispatch found but not expected.
com/oracle/truffle/js/runtime/SymbolGen$InteropLibraryExports$Cached.class	68	trace-or-step	dispatch
com/oracle/truffle/js/runtime/BigIntGen$InteropLibraryExports$Uncached.class	61	trace-or-step	WInvalid library export. Exported receiver with dynamic dispatch found but not expected.
com/oracle/truffle/js/runtime/BigIntGen$InteropLibraryExports$Uncached.class	74	trace-or-step	dispatch
com/oracle/truffle/js/runtime/JSContextOptions.class	111	trace-or-step	js.stack-trace-limit
com/oracle/truffle/js/runtime/JSContextOptions.class	251	trace-or-step	.Trace the execution of automata in JSON files.
com/oracle/truffle/js/runtime/UserScriptExceptionGen$InteropLibraryExports$Uncached.class	64	trace-or-step	WInvalid library export. Exported receiver with dynamic dispatch found but not expected.
com/oracle/truffle/js/runtime/UserScriptExceptionGen$InteropLibraryExports$Uncached.class	87	trace-or-step	dispatch
com/oracle/truffle/js/runtime/interop/InteropListGen$InteropLibraryExports$Uncached.class	39	trace-or-step	WInvalid library export. Exported receiver with dynamic dispatch found but not expected.
com/oracle/truffle/js/runtime/interop/InteropListGen$InteropLibraryExports$Uncached.class	53	trace-or-step	dispatch
com/oracle/truffle/js/runtime/interop/TopScopeObjectGen$InteropLibraryExports$Uncached.class	63	trace-or-step	WInvalid library export. Exported receiver with dynamic dispatch found but not expected.
com/oracle/truffle/js/runtime/interop/TopScopeObjectGen$InteropLibraryExports$Uncached.class	78	trace-or-step	dispatch
com/oracle/truffle/js/runtime/interop/MergedPropertyNamesGen$InteropLibraryExports$Uncached.class	42	trace-or-step	WInvalid library export. Exported receiver with dynamic dispatch found but not expected.
com/oracle/truffle/js/runtime/interop/MergedPropertyNamesGen$InteropLibraryExports$Uncached.class	57	trace-or-step	dispatch
com/oracle/truffle/js/runtime/interop/DynamicScopeWrapperGen$InteropLibraryExports$Uncached.class	48	trace-or-step	WInvalid library export. Exported receiver with dynamic dispatch found but not expected.
com/oracle/truffle/js/runtime/interop/DynamicScopeWrapperGen$InteropLibraryExports$Uncached.class	63	trace-or-step	dispatch
com/oracle/truffle/js/runtime/interop/InteropArrayGen$InteropLibraryExports$Uncached.class	39	trace-or-step	WInvalid library export. Exported receiver with dynamic dispatch found but not expected.
com/oracle/truffle/js/runtime/interop/InteropArrayGen$InteropLibraryExports$Uncached.class	53	trace-or-step	dispatch
com/oracle/truffle/js/runtime/interop/InteropBoundFunctionGen$InteropLibraryExports$Uncached.class	61	trace-or-step	WInvalid library export. Exported receiver with dynamic dispatch found but not expected.
com/oracle/truffle/js/runtime/interop/InteropBoundFunctionGen$InteropLibraryExports$Uncached.class	89	trace-or-step	dispatch
com/oracle/truffle/js/runtime/interop/InteropBoundFunctionGen$InteropLibraryExports$Cached.class	89	trace-or-step	WInvalid library export. Exported receiver with dynamic dispatch found but not expected.
com/oracle/truffle/js/runtime/interop/InteropBoundFunctionGen$InteropLibraryExports$Cached.class	126	trace-or-step	dispatch
com/oracle/truffle/js/runtime/interop/ScopeVariablesGen$InteropLibraryExports$Uncached.class	64	trace-or-step	WInvalid library export. Exported receiver with dynamic dispatch found but not expected.
com/oracle/truffle/js/runtime/interop/ScopeVariablesGen$InteropLibraryExports$Uncached.class	81	trace-or-step	dispatch
com/oracle/truffle/js/runtime/interop/InteropMemberIteratorGen$InteropLibraryExports$Cached.class	44	trace-or-step	WInvalid library export. Exported receiver with dynamic dispatch found but not expected.
com/oracle/truffle/js/runtime/interop/InteropMemberIteratorGen$InteropLibraryExports$Cached.class	64	trace-or-step	dispatch
com/oracle/truffle/js/runtime/interop/MergedPropertyNamesGen$InteropLibraryExports$Cached.class	53	trace-or-step	WInvalid library export. Exported receiver with dynamic dispatch found but not expected.
com/oracle/truffle/js/runtime/interop/MergedPropertyNamesGen$InteropLibraryExports$Cached.class	73	trace-or-step	dispatch
com/oracle/truffle/js/runtime/interop/InteropAsyncFunctionGen$InteropLibraryExports$Uncached.class	61	trace-or-step	WInvalid library export. Exported receiver with dynamic dispatch found but not expected.
com/oracle/truffle/js/runtime/interop/InteropAsyncFunctionGen$InteropLibraryExports$Uncached.class	89	trace-or-step	dispatch
com/oracle/truffle/js/runtime/interop/InteropArrayGen$InteropLibraryExports$Cached.class	35	trace-or-step	WInvalid library export. Exported receiver with dynamic dispatch found but not expected.
com/oracle/truffle/js/runtime/interop/InteropArrayGen$InteropLibraryExports$Cached.class	48	trace-or-step	dispatch
com/oracle/truffle/js/runtime/interop/InteropArrayIndexIteratorGen$InteropLibraryExports$Uncached.class	37	trace-or-step	WInvalid library export. Exported receiver with dynamic dispatch found but not expected.
com/oracle/truffle/js/runtime/interop/InteropArrayIndexIteratorGen$InteropLibraryExports$Uncached.class	50	trace-or-step	dispatch
com/oracle/truffle/js/runtime/interop/JavaScriptLanguageViewGen$InteropLibraryExports$Uncached.class	51	trace-or-step	WInvalid library export. Exported receiver with dynamic dispatch found but not expected.
com/oracle/truffle/js/runtime/interop/JavaScriptLanguageViewGen$InteropLibraryExports$Uncached.class	70	trace-or-step	dispatch
com/oracle/truffle/js/runtime/interop/InteropAsyncFunctionGen$InteropLibraryExports$Cached.class	91	trace-or-step	WInvalid library export. Exported receiver with dynamic dispatch found but not expected.
com/oracle/truffle/js/runtime/interop/InteropAsyncFunctionGen$InteropLibraryExports$Cached.class	129	trace-or-step	dispatch
com/oracle/truffle/js/runtime/interop/ScopeMembersGen$InteropLibraryExports$Cached.class	35	trace-or-step	WInvalid library export. Exported receiver with dynamic dispatch found but not expected.
com/oracle/truffle/js/runtime/interop/ScopeMembersGen$InteropLibraryExports$Cached.class	48	trace-or-step	dispatch
com/oracle/truffle/js/runtime/interop/TopScopeObjectGen$InteropLibraryExports$Cached.class	85	trace-or-step	WInvalid library export. Exported receiver with dynamic dispatch found but not expected.
com/oracle/truffle/js/runtime/interop/TopScopeObjectGen$InteropLibraryExports$Cached.class	106	trace-or-step	dispatch
com/oracle/truffle/js/runtime/interop/KeyGen$InteropLibraryExports$Cached.class	33	trace-or-step	WInvalid library export. Exported receiver with dynamic dispatch found but not expected.
com/oracle/truffle/js/runtime/interop/KeyGen$InteropLibraryExports$Cached.class	46	trace-or-step	dispatch
com/oracle/truffle/js/runtime/interop/JavaScriptLanguageViewGen$InteropLibraryExports$Cached.class	57	trace-or-step	WInvalid library export. Exported receiver with dynamic dispatch found but not expected.
com/oracle/truffle/js/runtime/interop/JavaScriptLanguageViewGen$InteropLibraryExports$Cached.class	77	trace-or-step	dispatch
com/oracle/truffle/js/runtime/interop/EmptyIteratorGen$InteropLibraryExports$Cached.class	31	trace-or-step	WInvalid library export. Exported receiver with dynamic dispatch found but not expected.
com/oracle/truffle/js/runtime/interop/EmptyIteratorGen$InteropLibraryExports$Cached.class	44	trace-or-step	dispatch
com/oracle/truffle/js/runtime/interop/KeyGen$InteropLibraryExports$Uncached.class	37	trace-or-step	WInvalid library export. Exported receiver with dynamic dispatch found but not expected.
com/oracle/truffle/js/runtime/interop/KeyGen$InteropLibraryExports$Uncached.class	51	trace-or-step	dispatch
com/oracle/truffle/js/runtime/interop/JSIteratorWrapperGen$InteropLibraryExports$Cached.class	80	trace-or-step	WInvalid library export. Exported receiver with dynamic dispatch found but not expected.
com/oracle/truffle/js/runtime/interop/JSIteratorWrapperGen$InteropLibraryExports$Cached.class	112	trace-or-step	dispatch
com/oracle/truffle/js/runtime/interop/InteropMemberIteratorGen$InteropLibraryExports$Uncached.class	37	trace-or-step	WInvalid library export. Exported receiver with dynamic dispatch found but not expected.
com/oracle/truffle/js/runtime/interop/InteropMemberIteratorGen$InteropLibraryExports$Uncached.class	51	trace-or-step	dispatch
com/oracle/truffle/js/runtime/interop/InteropFunctionGen$InteropLibraryExports$Uncached.class	43	trace-or-step	WInvalid library export. Exported receiver with dynamic dispatch found but not expected.
com/oracle/truffle/js/runtime/interop/InteropFunctionGen$InteropLibraryExports$Uncached.class	59	trace-or-step	dispatch
com/oracle/truffle/js/runtime/interop/JSMetaTypeGen$InteropLibraryExports$Uncached.class	48	trace-or-step	WInvalid library export. Exported receiver with dynamic dispatch found but not expected.
com/oracle/truffle/js/runtime/interop/JSMetaTypeGen$InteropLibraryExports$Uncached.class	61	trace-or-step	dispatch
com/oracle/truffle/js/runtime/interop/InteropArrayIndexIteratorGen$InteropLibraryExports$Cached.class	43	trace-or-step	WInvalid library export. Exported receiver with dynamic dispatch found but not expected.
com/oracle/truffle/js/runtime/interop/InteropArrayIndexIteratorGen$InteropLibraryExports$Cached.class	62	trace-or-step	dispatch
com/oracle/truffle/js/runtime/interop/ScopeMembersGen$InteropLibraryExports$Uncached.class	39	trace-or-step	WInvalid library export. Exported receiver with dynamic dispatch found but not expected.
com/oracle/truffle/js/runtime/interop/ScopeMembersGen$InteropLibraryExports$Uncached.class	53	trace-or-step	dispatch
com/oracle/truffle/js/runtime/interop/ScopeVariablesGen$InteropLibraryExports$Cached.class	101	trace-or-step	WInvalid library export. Exported receiver with dynamic dispatch found but not expected.
com/oracle/truffle/js/runtime/interop/ScopeVariablesGen$InteropLibraryExports$Cached.class	131	trace-or-step	dispatch
com/oracle/truffle/js/runtime/interop/JSMetaTypeGen$InteropLibraryExports$Cached.class	62	trace-or-step	WInvalid library export. Exported receiver with dynamic dispatch found but not expected.
com/oracle/truffle/js/runtime/interop/JSMetaTypeGen$InteropLibraryExports$Cached.class	80	trace-or-step	dispatch
com/oracle/truffle/js/runtime/interop/DynamicScopeWrapperGen$InteropLibraryExports$Cached.class	67	trace-or-step	WInvalid library export. Exported receiver with dynamic dispatch found but not expected.
com/oracle/truffle/js/runtime/interop/DynamicScopeWrapperGen$InteropLibraryExports$Cached.class	95	trace-or-step	dispatch
com/oracle/truffle/js/runtime/interop/InteropListGen$InteropLibraryExports$Cached.class	35	trace-or-step	WInvalid library export. Exported receiver with dynamic dispatch found but not expected.
com/oracle/truffle/js/runtime/interop/InteropListGen$InteropLibraryExports$Cached.class	48	trace-or-step	dispatch
com/oracle/truffle/js/runtime/interop/EmptyIteratorGen$InteropLibraryExports$Uncached.class	35	trace-or-step	WInvalid library export. Exported receiver with dynamic dispatch found but not expected.
com/oracle/truffle/js/runtime/interop/EmptyIteratorGen$InteropLibraryExports$Uncached.class	49	trace-or-step	dispatch
com/oracle/truffle/js/runtime/interop/InteropFunctionGen$InteropLibraryExports$Cached.class	54	trace-or-step	WInvalid library export. Exported receiver with dynamic dispatch found but not expected.
com/oracle/truffle/js/runtime/interop/InteropFunctionGen$InteropLibraryExports$Cached.class	75	trace-or-step	dispatch
com/oracle/truffle/js/runtime/interop/JSIteratorWrapperGen$InteropLibraryExports$Uncached.class	54	trace-or-step	WInvalid library export. Exported receiver with dynamic dispatch found but not expected.
com/oracle/truffle/js/runtime/interop/JSIteratorWrapperGen$InteropLibraryExports$Uncached.class	81	trace-or-step	dispatch
com/oracle/truffle/js/runtime/objects/JSLazyStringGen$InteropLibraryExports$Cached.class	38	trace-or-step	WInvalid library export. Exported receiver with dynamic dispatch found but not expected.
com/oracle/truffle/js/runtime/objects/JSLazyStringGen$InteropLibraryExports$Cached.class	50	trace-or-step	dispatch
com/oracle/truffle/js/runtime/objects/JSDynamicObjectGen$InteropLibraryExports$Uncached.class	44	trace-or-step	WInvalid library export. Exported receiver with dynamic dispatch found but not expected.
com/oracle/truffle/js/runtime/objects/JSDynamicObjectGen$InteropLibraryExports$Uncached.class	60	trace-or-step	dispatch
com/oracle/truffle/js/runtime/objects/JSDynamicObjectGen$InteropLibraryExports$Cached.class	50	trace-or-step	WInvalid library export. Exported receiver with dynamic dispatch found but not expected.
com/oracle/truffle/js/runtime/objects/JSDynamicObjectGen$InteropLibraryExports$Cached.class	66	trace-or-step	dispatch
com/oracle/truffle/js/runtime/objects/JSLazyStringGen$InteropLibraryExports$Uncached.class	42	trace-or-step	WInvalid library export. Exported receiver with dynamic dispatch found but not expected.
com/oracle/truffle/js/runtime/objects/JSLazyStringGen$InteropLibraryExports$Uncached.class	55	trace-or-step	dispatch
com/oracle/truffle/js/runtime/array/ScriptArray.class	183	trace-or-step	E[js] array transition %-48s |index %5s |value %-20s |caller %5s
com/oracle/truffle/js/runtime/builtins/JSNumberObjectGen$InteropLibraryExports$Uncached.class	92	trace-or-step	WInvalid library export. Exported receiver with dynamic dispatch found but not expected.
com/oracle/truffle/js/runtime/builtins/JSNumberObjectGen$InteropLibraryExports$Uncached.class	123	trace-or-step	dispatch
com/oracle/truffle/js/runtime/builtins/EntriesIteratorGen$InteropLibraryExports$Cached.class	32	trace-or-step	WInvalid library export. Exported receiver with dynamic dispatch found but not expected.
com/oracle/truffle/js/runtime/builtins/EntriesIteratorGen$InteropLibraryExports$Cached.class	46	trace-or-step	dispatch
com/oracle/truffle/js/runtime/builtins/JSNumberObjectGen$InteropLibraryExports$Cached.class	163	trace-or-step	WInvalid library export. Exported receiver with dynamic dispatch found but not expected.
com/oracle/truffle/js/runtime/builtins/JSNumberObjectGen$InteropLibraryExports$Cached.class	208	trace-or-step	dispatch
com/oracle/truffle/js/runtime/builtins/EntriesIteratorGen$InteropLibraryExports$Uncached.class	36	trace-or-step	WInvalid library export. Exported receiver with dynamic dispatch found but not expected.
com/oracle/truffle/js/runtime/builtins/EntriesIteratorGen$InteropLibraryExports$Uncached.class	51	trace-or-step	dispatch
com/oracle/truffle/js/nodes/JavaScriptNodeGen$NodeLibraryExports$Uncached.class	52	trace-or-step	WInvalid library export. Exported receiver with dynamic dispatch found but not expected.
com/oracle/truffle/js/nodes/JavaScriptNodeGen$NodeLibraryExports$Uncached.class	68	trace-or-step	dispatch
com/oracle/truffle/js/nodes/JavaScriptNodeGen$NodeLibraryExports$Cached.class	61	trace-or-step	WInvalid library export. Exported receiver with dynamic dispatch found but not expected.
com/oracle/truffle/js/nodes/JavaScriptNodeGen$NodeLibraryExports$Cached.class	81	trace-or-step	dispatch
com/oracle/truffle/js/nodes/instrumentation/NodeObjectDescriptorKeysGen$InteropLibraryExports$Cached.class	35	trace-or-step	WInvalid library export. Exported receiver with dynamic dispatch found but not expected.
com/oracle/truffle/js/nodes/instrumentation/NodeObjectDescriptorKeysGen$InteropLibraryExports$Cached.class	48	trace-or-step	dispatch
com/oracle/truffle/js/nodes/instrumentation/NodeObjectDescriptorKeysGen$InteropLibraryExports$Uncached.class	39	trace-or-step	WInvalid library export. Exported receiver with dynamic dispatch found but not expected.
com/oracle/truffle/js/nodes/instrumentation/NodeObjectDescriptorKeysGen$InteropLibraryExports$Uncached.class	53	trace-or-step	dispatch
com/oracle/truffle/js/nodes/instrumentation/NodeObjectDescriptorGen$InteropLibraryExports$Uncached.class	41	trace-or-step	WInvalid library export. Exported receiver with dynamic dispatch found but not expected.
com/oracle/truffle/js/nodes/instrumentation/NodeObjectDescriptorGen$InteropLibraryExports$Uncached.class	55	trace-or-step	dispatch
com/oracle/truffle/js/nodes/instrumentation/NodeObjectDescriptorGen$InteropLibraryExports$Cached.class	37	trace-or-step	WInvalid library export. Exported receiver with dynamic dispatch found but not expected.
com/oracle/truffle/js/nodes/instrumentation/NodeObjectDescriptorGen$InteropLibraryExports$Cached.class	50	trace-or-step	dispatch
com/oracle/truffle/regex/UnsupportedRegexExceptionGen$InteropLibraryExports$Cached.class	29	trace-or-step	WInvalid library export. Exported receiver with dynamic dispatch found but not expected.
com/oracle/truffle/regex/UnsupportedRegexExceptionGen$InteropLibraryExports$Cached.class	41	trace-or-step	dispatch
com/oracle/truffle/regex/RegexSyntaxExceptionGen$InteropLibraryExports$Uncached.class	36	trace-or-step	WInvalid library export. Exported receiver with dynamic dispatch found but not expected.
com/oracle/truffle/regex/RegexSyntaxExceptionGen$InteropLibraryExports$Uncached.class	49	trace-or-step	dispatch
com/oracle/truffle/regex/UnsupportedRegexExceptionGen$InteropLibraryExports$Uncached.class	33	trace-or-step	WInvalid library export. Exported receiver with dynamic dispatch found but not expected.
com/oracle/truffle/regex/UnsupportedRegexExceptionGen$InteropLibraryExports$Uncached.class	46	trace-or-step	dispatch
com/oracle/truffle/regex/AbstractRegexObjectGen$InteropLibraryExports$Uncached.class	43	trace-or-step	WInvalid library export. Exported receiver with dynamic dispatch found but not expected.
com/oracle/truffle/regex/AbstractRegexObjectGen$InteropLibraryExports$Uncached.class	59	trace-or-step	dispatch
com/oracle/truffle/regex/RegexInterruptedExceptionGen$InteropLibraryExports$Uncached.class	33	trace-or-step	WInvalid library export. Exported receiver with dynamic dispatch found but not expected.
com/oracle/truffle/regex/RegexInterruptedExceptionGen$InteropLibraryExports$Uncached.class	46	trace-or-step	dispatch
com/oracle/truffle/regex/RegexInterruptedExceptionGen$InteropLibraryExports$Cached.class	29	trace-or-step	WInvalid library export. Exported receiver with dynamic dispatch found but not expected.
com/oracle/truffle/regex/RegexInterruptedExceptionGen$InteropLibraryExports$Cached.class	41	trace-or-step	dispatch
com/oracle/truffle/regex/AbstractRegexObjectGen$InteropLibraryExports$Cached.class	39	trace-or-step	WInvalid library export. Exported receiver with dynamic dispatch found but not expected.
com/oracle/truffle/regex/AbstractRegexObjectGen$InteropLibraryExports$Cached.class	54	trace-or-step	dispatch
com/oracle/truffle/regex/RegexSyntaxExceptionGen$InteropLibraryExports$Cached.class	32	trace-or-step	WInvalid library export. Exported receiver with dynamic dispatch found but not expected.
com/oracle/truffle/regex/RegexSyntaxExceptionGen$InteropLibraryExports$Cached.class	44	trace-or-step	dispatch
com/oracle/truffle/regex/tregex/automaton/StateTransitionCanonicalizer.class	37	trace-or-step	transition
com/oracle/truffle/regex/tregex/parser/ast/RegexAST.class	301	correspondence	#org/graalvm/collections/Equivalence
com/oracle/truffle/regex/tregex/parser/ast/RegexAST.class	303	correspondence	%Lorg/graalvm/collections/Equivalence;
com/oracle/truffle/regex/tregex/parser/ast/RegexAST.class	304	correspondence	L(Lorg/graalvm/collections/Equivalence;)Lorg/graalvm/collections/EconomicMap;
com/oracle/truffle/regex/tregex/nfa/NFAState.class	67	trace-or-step	transition
com/oracle/truffle/regex/tregex/nfa/NFAGenerator.class	114	trace-or-step	NFA transition explosion
com/oracle/truffle/regex/tregex/nfa/PureNFAState.class	60	trace-or-step	transition
com/oracle/truffle/regex/tregex/nfa/NFATraceFinderGenerator$PathElement.class	1	trace-or-step	transition
com/oracle/truffle/regex/tregex/nfa/ASTStepVisitor.class	45	trace-or-step	transition
com/oracle/truffle/regex/tregex/nfa/NFATraceFinderGenerator.class	84	trace-or-step	$TraceFinder NFA transition explosion
com/oracle/truffle/regex/tregex/nfa/PureNFAGenerator.class	71	trace-or-step	NFA transition explosion
com/oracle/truffle/regex/tregex/dfa/DFACaptureGroupTransitionBuilder$PartialTransitionDebugInfo.class	18	trace-or-step	transition
com/oracle/truffle/regex/tregex/dfa/DFAGenerator.class	125	trace-or-step	transition
com/oracle/truffle/regex/tregex/dfa/DFAGenerator.class	346	trace-or-step	DFA transition size explosion
com/oracle/truffle/regex/tregex/nodes/nfa/TRegexBacktrackingNFAExecutorNode.class	108	trace-or-step	transition
com/oracle/truffle/regex/tregex/nodes/dfa/CGTrackingDFAStateNode.class	50	trace-or-step	transition
com/oracle/truffle/regex/tregex/nodes/dfa/DFAStateNode.class	87	trace-or-step	transition
com/oracle/truffle/regex/tregex/nodes/dfa/TRegexDFAExecutorDebugRecorder$Recording.class	30	trace-or-step	transition
com/oracle/truffle/regex/tregex/util/NFAExport.class	32	trace-or-step	transition
com/oracle/truffle/regex/tregex/util/NFAExport.class	62	priority	priority
com/oracle/truffle/api/Truffle.class	38	priority	KProviders for %s with same priority %d: %s (loader: %s) vs. %s (loader: %s)
com/oracle/truffle/api/TruffleStackTrace.class	74	trace-or-step	trace
com/oracle/truffle/api/LanguageAccessor$LanguageImpl.class	14	trace-or-step	trace
com/oracle/truffle/api/library/DynamicDispatchLibraryGen.class	15	trace-or-step	DISPATCH
com/oracle/truffle/api/library/DynamicDispatchLibraryGen.class	92	trace-or-step	dispatch
com/oracle/truffle/api/library/DynamicDispatchLibraryGen$Delegate.class	17	trace-or-step	dispatch
com/oracle/truffle/api/library/DynamicDispatchLibraryGen$Default$Cached.class	20	trace-or-step	dispatch
com/oracle/truffle/api/library/ReflectionLibraryDefaultGen$ReflectionLibraryExports$Uncached.class	58	trace-or-step	dispatch
com/oracle/truffle/api/library/DynamicDispatchLibraryGen$Proxy.class	16	trace-or-step	dispatch
com/oracle/truffle/api/library/DynamicDispatchLibraryGen$CachedToUncachedDispatch.class	10	trace-or-step	dispatch
com/oracle/truffle/api/library/DynamicDispatchLibraryGen$UncachedDispatch.class	9	trace-or-step	dispatch
com/oracle/truffle/api/library/ExportLibrary.class	13	priority	priority
com/oracle/truffle/api/library/DynamicDispatchLibraryGen$CachedDispatch.class	15	trace-or-step	dispatch
com/oracle/truffle/api/library/DynamicDispatchLibrary.class	9	trace-or-step	dispatch
com/oracle/truffle/api/library/DynamicDispatchLibraryGen$Default$Uncached.class	22	trace-or-step	dispatch
com/oracle/truffle/api/library/LibraryFactory.class	105	trace-or-step	dispatch
com/oracle/truffle/api/library/LibraryFactory.class	242	trace-or-step	|Dynamic dispatch from receiver class '%s' to default export '%s' detected. Use null instead to dispatch to a default export.
com/oracle/truffle/api/library/ReflectionLibraryDefaultGen$ReflectionLibraryExports$Cached.class	82	trace-or-step	dispatch
com/oracle/truffle/api/interop/DefaultIntegerExportsGen$InteropLibraryExports$Cached.class	60	trace-or-step	WInvalid library export. Exported receiver with dynamic dispatch found but not expected.
com/oracle/truffle/api/interop/DefaultIntegerExportsGen$InteropLibraryExports$Cached.class	72	trace-or-step	dispatch
com/oracle/truffle/api/interop/DefaultLongExportsGen$InteropLibraryExports$Cached.class	60	trace-or-step	WInvalid library export. Exported receiver with dynamic dispatch found but not expected.
com/oracle/truffle/api/interop/DefaultLongExportsGen$InteropLibraryExports$Cached.class	72	trace-or-step	dispatch
com/oracle/truffle/api/interop/DefaultFloatExportsGen$InteropLibraryExports$Uncached.class	64	trace-or-step	WInvalid library export. Exported receiver with dynamic dispatch found but not expected.
com/oracle/truffle/api/interop/DefaultFloatExportsGen$InteropLibraryExports$Uncached.class	77	trace-or-step	dispatch
com/oracle/truffle/api/interop/DefaultCharacterExportsGen$InteropLibraryExports$Uncached.class	48	trace-or-step	WInvalid library export. Exported receiver with dynamic dispatch found but not expected.
com/oracle/truffle/api/interop/DefaultCharacterExportsGen$InteropLibraryExports$Uncached.class	61	trace-or-step	dispatch
com/oracle/truffle/api/interop/DefaultDoubleExportsGen$InteropLibraryExports$Uncached.class	64	trace-or-step	WInvalid library export. Exported receiver with dynamic dispatch found but not expected.
com/oracle/truffle/api/interop/DefaultDoubleExportsGen$InteropLibraryExports$Uncached.class	77	trace-or-step	dispatch
com/oracle/truffle/api/interop/DefaultBooleanExportsGen$InteropLibraryExports$Cached.class	43	trace-or-step	WInvalid library export. Exported receiver with dynamic dispatch found but not expected.
com/oracle/truffle/api/interop/DefaultBooleanExportsGen$InteropLibraryExports$Cached.class	55	trace-or-step	dispatch
com/oracle/truffle/api/interop/HashIteratorGen$InteropLibraryExports$Uncached.class	37	trace-or-step	WInvalid library export. Exported receiver with dynamic dispatch found but not expected.
com/oracle/truffle/api/interop/HashIteratorGen$InteropLibraryExports$Uncached.class	51	trace-or-step	dispatch
com/oracle/truffle/api/interop/DefaultByteExportsGen$InteropLibraryExports$Uncached.class	64	trace-or-step	WInvalid library export. Exported receiver with dynamic dispatch found but not expected.
com/oracle/truffle/api/interop/DefaultByteExportsGen$InteropLibraryExports$Uncached.class	77	trace-or-step	dispatch
com/oracle/truffle/api/interop/ArrayIteratorGen$InteropLibraryExports$Cached.class	43	trace-or-step	WInvalid library export. Exported receiver with dynamic dispatch found but not expected.
com/oracle/truffle/api/interop/ArrayIteratorGen$InteropLibraryExports$Cached.class	62	trace-or-step	dispatch
com/oracle/truffle/api/interop/DefaultLongExportsGen$InteropLibraryExports$Uncached.class	64	trace-or-step	WInvalid library export. Exported receiver with dynamic dispatch found but not expected.
com/oracle/truffle/api/interop/DefaultLongExportsGen$InteropLibraryExports$Uncached.class	77	trace-or-step	dispatch
com/oracle/truffle/api/interop/LegacyMetaObjectWrapperGen$ReflectionLibraryExports$Uncached.class	38	trace-or-step	WInvalid library export. Exported receiver with dynamic dispatch found but not expected.
com/oracle/truffle/api/interop/LegacyMetaObjectWrapperGen$ReflectionLibraryExports$Uncached.class	55	trace-or-step	dispatch
com/oracle/truffle/api/interop/LegacyNodeExportsGen$NodeLibraryExports$Uncached.class	50	trace-or-step	WInvalid library export. Exported receiver with dynamic dispatch found but not expected.
com/oracle/truffle/api/interop/LegacyNodeExportsGen$NodeLibraryExports$Uncached.class	66	trace-or-step	dispatch
com/oracle/truffle/api/interop/DefaultStringExportsGen$InteropLibraryExports$Cached.class	44	trace-or-step	WInvalid library export. Exported receiver with dynamic dispatch found but not expected.
com/oracle/truffle/api/interop/DefaultStringExportsGen$InteropLibraryExports$Cached.class	56	trace-or-step	dispatch
com/oracle/truffle/api/interop/NodeLibraryGen$Default$Uncached.class	66	trace-or-step	dispatch
com/oracle/truffle/api/interop/DefaultByteExportsGen$InteropLibraryExports$Cached.class	60	trace-or-step	WInvalid library export. Exported receiver with dynamic dispatch found but not expected.
com/oracle/truffle/api/interop/DefaultByteExportsGen$InteropLibraryExports$Cached.class	72	trace-or-step	dispatch
com/oracle/truffle/api/interop/HashIteratorGen$InteropLibraryExports$Cached.class	52	trace-or-step	WInvalid library export. Exported receiver with dynamic dispatch found but not expected.
com/oracle/truffle/api/interop/HashIteratorGen$InteropLibraryExports$Cached.class	75	trace-or-step	dispatch
com/oracle/truffle/api/interop/LegacyNodeExportsGen$NodeLibraryExports$Cached.class	47	trace-or-step	WInvalid library export. Exported receiver with dynamic dispatch found but not expected.
com/oracle/truffle/api/interop/LegacyNodeExportsGen$NodeLibraryExports$Cached.class	62	trace-or-step	dispatch
com/oracle/truffle/api/interop/DefaultIntegerExportsGen$InteropLibraryExports$Uncached.class	64	trace-or-step	WInvalid library export. Exported receiver with dynamic dispatch found but not expected.
com/oracle/truffle/api/interop/DefaultIntegerExportsGen$InteropLibraryExports$Uncached.class	77	trace-or-step	dispatch
com/oracle/truffle/api/interop/DefaultShortExportsGen$InteropLibraryExports$Uncached.class	64	trace-or-step	WInvalid library export. Exported receiver with dynamic dispatch found but not expected.
com/oracle/truffle/api/interop/DefaultShortExportsGen$InteropLibraryExports$Uncached.class	77	trace-or-step	dispatch
com/oracle/truffle/api/interop/DefaultBooleanExportsGen$InteropLibraryExports$Uncached.class	47	trace-or-step	WInvalid library export. Exported receiver with dynamic dispatch found but not expected.
com/oracle/truffle/api/interop/DefaultBooleanExportsGen$InteropLibraryExports$Uncached.class	60	trace-or-step	dispatch
com/oracle/truffle/api/interop/DefaultFloatExportsGen$InteropLibraryExports$Cached.class	60	trace-or-step	WInvalid library export. Exported receiver with dynamic dispatch found but not expected.
com/oracle/truffle/api/interop/DefaultFloatExportsGen$InteropLibraryExports$Cached.class	72	trace-or-step	dispatch
com/oracle/truffle/api/interop/DefaultDoubleExportsGen$InteropLibraryExports$Cached.class	60	trace-or-step	WInvalid library export. Exported receiver with dynamic dispatch found but not expected.
com/oracle/truffle/api/interop/DefaultDoubleExportsGen$InteropLibraryExports$Cached.class	72	trace-or-step	dispatch
com/oracle/truffle/api/interop/LegacyMetaObjectWrapperGen$ReflectionLibraryExports$Cached.class	40	trace-or-step	WInvalid library export. Exported receiver with dynamic dispatch found but not expected.
com/oracle/truffle/api/interop/LegacyMetaObjectWrapperGen$ReflectionLibraryExports$Cached.class	58	trace-or-step	dispatch
com/oracle/truffle/api/interop/NodeLibraryGen$Default$Cached.class	63	trace-or-step	dispatch
com/oracle/truffle/api/interop/InteropLibraryGen$Default$Cached.class	242	trace-or-step	dispatch
com/oracle/truffle/api/interop/ArrayIteratorGen$InteropLibraryExports$Uncached.class	37	trace-or-step	WInvalid library export. Exported receiver with dynamic dispatch found but not expected.
com/oracle/truffle/api/interop/ArrayIteratorGen$InteropLibraryExports$Uncached.class	51	trace-or-step	dispatch
com/oracle/truffle/api/interop/LegacyMetaObjectWrapperGen$InteropLibraryExports$Cached.class	56	trace-or-step	WInvalid library export. Exported receiver with dynamic dispatch found but not expected.
com/oracle/truffle/api/interop/LegacyMetaObjectWrapperGen$InteropLibraryExports$Cached.class	76	trace-or-step	dispatch
com/oracle/truffle/api/interop/DefaultStringExportsGen$InteropLibraryExports$Uncached.class	48	trace-or-step	WInvalid library export. Exported receiver with dynamic dispatch found but not expected.
com/oracle/truffle/api/interop/DefaultStringExportsGen$InteropLibraryExports$Uncached.class	61	trace-or-step	dispatch
com/oracle/truffle/api/interop/DefaultShortExportsGen$InteropLibraryExports$Cached.class	60	trace-or-step	WInvalid library export. Exported receiver with dynamic dispatch found but not expected.
com/oracle/truffle/api/interop/DefaultShortExportsGen$InteropLibraryExports$Cached.class	72	trace-or-step	dispatch
com/oracle/truffle/api/interop/DefaultCharacterExportsGen$InteropLibraryExports$Cached.class	44	trace-or-step	WInvalid library export. Exported receiver with dynamic dispatch found but not expected.
com/oracle/truffle/api/interop/DefaultCharacterExportsGen$InteropLibraryExports$Cached.class	56	trace-or-step	dispatch
com/oracle/truffle/api/interop/LegacyMetaObjectWrapperGen$InteropLibraryExports$Uncached.class	49	trace-or-step	WInvalid library export. Exported receiver with dynamic dispatch found but not expected.
com/oracle/truffle/api/interop/LegacyMetaObjectWrapperGen$InteropLibraryExports$Uncached.class	68	trace-or-step	dispatch
com/oracle/truffle/api/interop/InteropLibraryGen$Default$Uncached.class	245	trace-or-step	dispatch
com/oracle/truffle/api/exception/InteropListGen$InteropLibraryExports$Uncached.class	40	trace-or-step	WInvalid library export. Exported receiver with dynamic dispatch found but not expected.
com/oracle/truffle/api/exception/InteropListGen$InteropLibraryExports$Uncached.class	55	trace-or-step	dispatch
com/oracle/truffle/api/exception/DefaultStackTraceElementObjectGen$InteropLibraryExports$Uncached.class	39	trace-or-step	WInvalid library export. Exported receiver with dynamic dispatch found but not expected.
com/oracle/truffle/api/exception/DefaultStackTraceElementObjectGen$InteropLibraryExports$Uncached.class	52	trace-or-step	dispatch
com/oracle/truffle/api/exception/DefaultStackTraceElementObjectGen$InteropLibraryExports$Cached.class	35	trace-or-step	WInvalid library export. Exported receiver with dynamic dispatch found but not expected.
com/oracle/truffle/api/exception/DefaultStackTraceElementObjectGen$InteropLibraryExports$Cached.class	47	trace-or-step	dispatch
com/oracle/truffle/api/exception/AbstractTruffleException.class	65	trace-or-step	/Prototype must have a stack trace after fillIn.
com/oracle/truffle/api/exception/InteropListGen$InteropLibraryExports$Cached.class	36	trace-or-step	WInvalid library export. Exported receiver with dynamic dispatch found but not expected.
com/oracle/truffle/api/exception/InteropListGen$InteropLibraryExports$Cached.class	50	trace-or-step	dispatch
com/oracle/truffle/api/instrumentation/ProbeNode$EventProviderWithInputChainNode.class	140	trace-or-step	TRACE
com/oracle/truffle/api/instrumentation/ProbeNode$EventProviderWithInputChainNode.class	146	trace-or-step	trace
com/oracle/truffle/api/instrumentation/InstrumentationHandler$Visitor.class	230	trace-or-step	TRACE
com/oracle/truffle/api/instrumentation/InstrumentationHandler$InstrumentClientInstrumenter.class	98	trace-or-step	TRACE
com/oracle/truffle/api/instrumentation/InstrumentationHandler$InstrumentClientInstrumenter.class	99	trace-or-step	trace
com/oracle/truffle/api/instrumentation/InstrumentationHandler.class	19	trace-or-step	TRACE
com/oracle/truffle/api/instrumentation/InstrumentationHandler.class	373	trace-or-step	trace
com/oracle/truffle/api/instrumentation/InstrumentationHandler.class	568	trace-or-step	truffle.instrumentation.trace
com/oracle/truffle/polyglot/HostExecuteNode.class	138	priority	priority
com/oracle/truffle/polyglot/HostExecuteNode.class	371	priority	PRIORITIES
com/oracle/truffle/polyglot/TopScopeObjectGen$InteropLibraryExports$Uncached.class	50	trace-or-step	WInvalid library export. Exported receiver with dynamic dispatch found but not expected.
com/oracle/truffle/polyglot/TopScopeObjectGen$InteropLibraryExports$Uncached.class	65	trace-or-step	dispatch
com/oracle/truffle/polyglot/MergedScopesGen$InteropLibraryExports$Cached.class	93	trace-or-step	WInvalid library export. Exported receiver with dynamic dispatch found but not expected.
com/oracle/truffle/polyglot/MergedScopesGen$InteropLibraryExports$Cached.class	114	trace-or-step	dispatch
com/oracle/truffle/polyglot/PolyglotThreadLocalActions.class	126	scheduler	Recursive synchronous thread local action detected. They are disallowed as they may cause deadlocks. Schedule an asynchronous thread local action instead.
com/oracle/truffle/polyglot/PolyglotThreadLocalActions.class	171	scheduler	schedule
com/oracle/truffle/polyglot/PolyglotEngineOptionsOptionDescriptors.class	33	trace-or-step	dPrints the stack trace for all threads for a time interval. By default 0, which disables the output.
com/oracle/truffle/polyglot/MergedScopesGen$InteropLibraryExports$Uncached.class	67	trace-or-step	WInvalid library export. Exported receiver with dynamic dispatch found but not expected.
com/oracle/truffle/polyglot/MergedScopesGen$InteropLibraryExports$Uncached.class	83	trace-or-step	dispatch
com/oracle/truffle/polyglot/EmptyGlobalBindingsGen$InteropLibraryExports$Uncached.class	42	trace-or-step	WInvalid library export. Exported receiver with dynamic dispatch found but not expected.
com/oracle/truffle/polyglot/EmptyGlobalBindingsGen$InteropLibraryExports$Uncached.class	57	trace-or-step	dispatch
com/oracle/truffle/polyglot/ClassNamesObjectGen$InteropLibraryExports$Cached.class	36	trace-or-step	WInvalid library export. Exported receiver with dynamic dispatch found but not expected.
com/oracle/truffle/polyglot/ClassNamesObjectGen$InteropLibraryExports$Cached.class	50	trace-or-step	dispatch
com/oracle/truffle/polyglot/NullValueGen$InteropLibraryExports$Cached.class	28	trace-or-step	WInvalid library export. Exported receiver with dynamic dispatch found but not expected.
com/oracle/truffle/polyglot/NullValueGen$InteropLibraryExports$Cached.class	40	trace-or-step	dispatch
com/oracle/truffle/polyglot/KeysArrayGen$InteropLibraryExports$Cached.class	50	trace-or-step	WInvalid library export. Exported receiver with dynamic dispatch found but not expected.
com/oracle/truffle/polyglot/KeysArrayGen$InteropLibraryExports$Cached.class	68	trace-or-step	dispatch
com/oracle/truffle/polyglot/PolyglotEngineOptions.class	35	trace-or-step	dPrints the stack trace for all threads for a time interval. By default 0, which disables the output.
com/oracle/truffle/polyglot/HostExecuteNode$PrimitiveType.class	13	priority	priority
com/oracle/truffle/polyglot/VariableNamesObjectGen$InteropLibraryExports$Uncached.class	40	trace-or-step	WInvalid library export. Exported receiver with dynamic dispatch found but not expected.
com/oracle/truffle/polyglot/VariableNamesObjectGen$InteropLibraryExports$Uncached.class	55	trace-or-step	dispatch
com/oracle/truffle/polyglot/PolyglotProxyGen$InteropLibraryExports$Cached.class	305	trace-or-step	WInvalid library export. Exported receiver with dynamic dispatch found but not expected.
com/oracle/truffle/polyglot/PolyglotProxyGen$InteropLibraryExports$Cached.class	338	trace-or-step	dispatch
com/oracle/truffle/polyglot/EmptyObjectGen$InteropLibraryExports$Cached.class	44	trace-or-step	WInvalid library export. Exported receiver with dynamic dispatch found but not expected.
com/oracle/truffle/polyglot/EmptyObjectGen$InteropLibraryExports$Cached.class	60	trace-or-step	dispatch
com/oracle/truffle/polyglot/SubtractedVariablesGen$InteropLibraryExports$Cached.class	49	trace-or-step	WInvalid library export. Exported receiver with dynamic dispatch found but not expected.
com/oracle/truffle/polyglot/SubtractedVariablesGen$InteropLibraryExports$Cached.class	67	trace-or-step	dispatch
com/oracle/truffle/polyglot/PolyglotBindingsGen$InteropLibraryExports$Uncached.class	51	trace-or-step	WInvalid library export. Exported receiver with dynamic dispatch found but not expected.
com/oracle/truffle/polyglot/PolyglotBindingsGen$InteropLibraryExports$Uncached.class	66	trace-or-step	dispatch
com/oracle/truffle/polyglot/ArgumentsArrayObjectGen$InteropLibraryExports$Uncached.class	54	trace-or-step	WInvalid library export. Exported receiver with dynamic dispatch found but not expected.
com/oracle/truffle/polyglot/ArgumentsArrayObjectGen$InteropLibraryExports$Uncached.class	70	trace-or-step	dispatch
com/oracle/truffle/polyglot/EmptyKeysGen$InteropLibraryExports$Uncached.class	45	trace-or-step	WInvalid library export. Exported receiver with dynamic dispatch found but not expected.
com/oracle/truffle/polyglot/EmptyKeysGen$InteropLibraryExports$Uncached.class	63	trace-or-step	dispatch
com/oracle/truffle/polyglot/HostExecuteNode$TargetMappingType.class	22	priority	priority
com/oracle/truffle/polyglot/PolyglotParsedEvalGen$InteropLibraryExports$Cached.class	68	trace-or-step	WInvalid library export. Exported receiver with dynamic dispatch found but not expected.
com/oracle/truffle/polyglot/PolyglotParsedEvalGen$InteropLibraryExports$Cached.class	91	trace-or-step	dispatch
com/oracle/truffle/polyglot/ToHostNode.class	14	priority	PRIORITIES
com/oracle/truffle/polyglot/ToHostNode.class	88	priority	priority
com/oracle/truffle/polyglot/PolyglotParsedEvalGen$InteropLibraryExports$Uncached.class	46	trace-or-step	WInvalid library export. Exported receiver with dynamic dispatch found but not expected.
com/oracle/truffle/polyglot/PolyglotParsedEvalGen$InteropLibraryExports$Uncached.class	59	trace-or-step	dispatch
com/oracle/truffle/polyglot/TopScopeObjectGen$InteropLibraryExports$Cached.class	46	trace-or-step	WInvalid library export. Exported receiver with dynamic dispatch found but not expected.
com/oracle/truffle/polyglot/TopScopeObjectGen$InteropLibraryExports$Cached.class	60	trace-or-step	dispatch
com/oracle/truffle/polyglot/MergedVarNamesGen$InteropLibraryExports$Cached.class	53	trace-or-step	WInvalid library export. Exported receiver with dynamic dispatch found but not expected.
com/oracle/truffle/polyglot/MergedVarNamesGen$InteropLibraryExports$Cached.class	72	trace-or-step	dispatch
com/oracle/truffle/polyglot/KeysArrayGen$InteropLibraryExports$Uncached.class	43	trace-or-step	WInvalid library export. Exported receiver with dynamic dispatch found but not expected.
com/oracle/truffle/polyglot/KeysArrayGen$InteropLibraryExports$Uncached.class	58	trace-or-step	dispatch
com/oracle/truffle/polyglot/PolyglotReferences.class	124	trace-or-step	IInvalid sharing of runtime values in AST nodes detected.Stack trace: %n%s
com/oracle/truffle/polyglot/ArgumentsArrayObjectGen$InteropLibraryExports$Cached.class	50	trace-or-step	WInvalid library export. Exported receiver with dynamic dispatch found but not expected.
com/oracle/truffle/polyglot/ArgumentsArrayObjectGen$InteropLibraryExports$Cached.class	65	trace-or-step	dispatch
com/oracle/truffle/polyglot/SubtractedKeysGen$InteropLibraryExports$Cached.class	53	trace-or-step	WInvalid library export. Exported receiver with dynamic dispatch found but not expected.
com/oracle/truffle/polyglot/SubtractedKeysGen$InteropLibraryExports$Cached.class	72	trace-or-step	dispatch
com/oracle/truffle/polyglot/EmptyKeysGen$InteropLibraryExports$Cached.class	41	trace-or-step	WInvalid library export. Exported receiver with dynamic dispatch found but not expected.
com/oracle/truffle/polyglot/EmptyKeysGen$InteropLibraryExports$Cached.class	58	trace-or-step	dispatch
com/oracle/truffle/polyglot/DefaultLanguageViewGen$InteropLibraryExports$Cached.class	62	trace-or-step	WInvalid library export. Exported receiver with dynamic dispatch found but not expected.
com/oracle/truffle/polyglot/DefaultLanguageViewGen$InteropLibraryExports$Cached.class	82	trace-or-step	dispatch
com/oracle/truffle/polyglot/SubtractedVariablesGen$InteropLibraryExports$Uncached.class	53	trace-or-step	WInvalid library export. Exported receiver with dynamic dispatch found but not expected.
com/oracle/truffle/polyglot/SubtractedVariablesGen$InteropLibraryExports$Uncached.class	72	trace-or-step	dispatch
com/oracle/truffle/polyglot/NoReceiverVariablesGen$InteropLibraryExports$Uncached.class	53	trace-or-step	WInvalid library export. Exported receiver with dynamic dispatch found but not expected.
com/oracle/truffle/polyglot/NoReceiverVariablesGen$InteropLibraryExports$Uncached.class	72	trace-or-step	dispatch
com/oracle/truffle/polyglot/PolyglotBindingsGen$InteropLibraryExports$Cached.class	51	trace-or-step	WInvalid library export. Exported receiver with dynamic dispatch found but not expected.
com/oracle/truffle/polyglot/PolyglotBindingsGen$InteropLibraryExports$Cached.class	65	trace-or-step	dispatch
com/oracle/truffle/polyglot/InterruptExecutionGen$InteropLibraryExports$Cached.class	30	trace-or-step	WInvalid library export. Exported receiver with dynamic dispatch found but not expected.
com/oracle/truffle/polyglot/InterruptExecutionGen$InteropLibraryExports$Cached.class	43	trace-or-step	dispatch
com/oracle/truffle/polyglot/PolyglotProxyGen$InteropLibraryExports$Uncached.class	132	trace-or-step	WInvalid library export. Exported receiver with dynamic dispatch found but not expected.
com/oracle/truffle/polyglot/PolyglotProxyGen$InteropLibraryExports$Uncached.class	157	trace-or-step	dispatch
com/oracle/truffle/polyglot/SubtractedKeysGen$InteropLibraryExports$Uncached.class	42	trace-or-step	WInvalid library export. Exported receiver with dynamic dispatch found but not expected.
com/oracle/truffle/polyglot/SubtractedKeysGen$InteropLibraryExports$Uncached.class	57	trace-or-step	dispatch
com/oracle/truffle/polyglot/PolyglotLanguageContext$Lazy.class	130	correspondence	#org/graalvm/collections/Equivalence
com/oracle/truffle/polyglot/PolyglotLanguageContext$Lazy.class	132	correspondence	%Lorg/graalvm/collections/Equivalence;
com/oracle/truffle/polyglot/PolyglotLanguageContext$Lazy.class	134	correspondence	}(Lorg/graalvm/collections/Equivalence;Lorg/graalvm/collections/UnmodifiableEconomicSet;)Lorg/graalvm/collections/EconomicSet;
com/oracle/truffle/polyglot/HostFunctionGen$InteropLibraryExports$Cached.class	64	trace-or-step	WInvalid library export. Exported receiver with dynamic dispatch found but not expected.
com/oracle/truffle/polyglot/HostFunctionGen$InteropLibraryExports$Cached.class	84	trace-or-step	dispatch
com/oracle/truffle/polyglot/HostExceptionGen$InteropLibraryExports$Cached.class	40	trace-or-step	WInvalid library export. Exported receiver with dynamic dispatch found but not expected.
com/oracle/truffle/polyglot/HostExceptionGen$InteropLibraryExports$Cached.class	59	trace-or-step	dispatch
com/oracle/truffle/polyglot/NullValueGen$InteropLibraryExports$Uncached.class	32	trace-or-step	WInvalid library export. Exported receiver with dynamic dispatch found but not expected.
com/oracle/truffle/polyglot/NullValueGen$InteropLibraryExports$Uncached.class	45	trace-or-step	dispatch
com/oracle/truffle/polyglot/SubtractedReceiverGen$InteropLibraryExports$Cached.class	53	trace-or-step	WInvalid library export. Exported receiver with dynamic dispatch found but not expected.
com/oracle/truffle/polyglot/SubtractedReceiverGen$InteropLibraryExports$Cached.class	72	trace-or-step	dispatch
com/oracle/truffle/polyglot/InterruptExecutionGen$InteropLibraryExports$Uncached.class	34	trace-or-step	WInvalid library export. Exported receiver with dynamic dispatch found but not expected.
com/oracle/truffle/polyglot/InterruptExecutionGen$InteropLibraryExports$Uncached.class	48	trace-or-step	dispatch
com/oracle/truffle/polyglot/DefaultLanguageViewGen$InteropLibraryExports$Uncached.class	56	trace-or-step	WInvalid library export. Exported receiver with dynamic dispatch found but not expected.
com/oracle/truffle/polyglot/DefaultLanguageViewGen$InteropLibraryExports$Uncached.class	75	trace-or-step	dispatch
com/oracle/truffle/polyglot/HostAdapterSuperMembersGen$InteropLibraryExports$Uncached.class	48	trace-or-step	WInvalid library export. Exported receiver with dynamic dispatch found but not expected.
com/oracle/truffle/polyglot/HostAdapterSuperMembersGen$InteropLibraryExports$Uncached.class	64	trace-or-step	dispatch
com/oracle/truffle/polyglot/PolyglotThreadLocalActions$PrintStackTraceAction.class	20	trace-or-step	Stack Trace Thread %s: %s
com/oracle/truffle/polyglot/SubtractedReceiverGen$InteropLibraryExports$Uncached.class	42	trace-or-step	WInvalid library export. Exported receiver with dynamic dispatch found but not expected.
com/oracle/truffle/polyglot/SubtractedReceiverGen$InteropLibraryExports$Uncached.class	57	trace-or-step	dispatch
com/oracle/truffle/polyglot/ArgumentNamesObjectGen$InteropLibraryExports$Uncached.class	40	trace-or-step	WInvalid library export. Exported receiver with dynamic dispatch found but not expected.
com/oracle/truffle/polyglot/ArgumentNamesObjectGen$InteropLibraryExports$Uncached.class	55	trace-or-step	dispatch
com/oracle/truffle/polyglot/HostObjectGen$InteropLibraryExports$Cached.class	474	trace-or-step	WInvalid library export. Exported receiver with dynamic dispatch found but not expected.
com/oracle/truffle/polyglot/HostObjectGen$InteropLibraryExports$Cached.class	529	trace-or-step	dispatch
com/oracle/truffle/polyglot/VariableNamesObjectGen$InteropLibraryExports$Cached.class	36	trace-or-step	WInvalid library export. Exported receiver with dynamic dispatch found but not expected.
com/oracle/truffle/polyglot/VariableNamesObjectGen$InteropLibraryExports$Cached.class	50	trace-or-step	dispatch
com/oracle/truffle/polyglot/ArgumentNamesObjectGen$InteropLibraryExports$Cached.class	36	trace-or-step	WInvalid library export. Exported receiver with dynamic dispatch found but not expected.
com/oracle/truffle/polyglot/ArgumentNamesObjectGen$InteropLibraryExports$Cached.class	50	trace-or-step	dispatch
com/oracle/truffle/polyglot/PolyglotEngineImpl.class	682	correspondence	#org/graalvm/collections/Equivalence
com/oracle/truffle/polyglot/PolyglotEngineImpl.class	684	correspondence	%Lorg/graalvm/collections/Equivalence;
com/oracle/truffle/polyglot/PolyglotEngineImpl.class	686	correspondence	L(Lorg/graalvm/collections/Equivalence;)Lorg/graalvm/collections/EconomicSet;
com/oracle/truffle/polyglot/MergedVarNamesGen$InteropLibraryExports$Uncached.class	42	trace-or-step	WInvalid library export. Exported receiver with dynamic dispatch found but not expected.
com/oracle/truffle/polyglot/MergedVarNamesGen$InteropLibraryExports$Uncached.class	57	trace-or-step	dispatch
com/oracle/truffle/polyglot/HostExceptionGen$InteropLibraryExports$Uncached.class	38	trace-or-step	WInvalid library export. Exported receiver with dynamic dispatch found but not expected.
com/oracle/truffle/polyglot/HostExceptionGen$InteropLibraryExports$Uncached.class	56	trace-or-step	dispatch
com/oracle/truffle/polyglot/HostAdapterSuperMembersGen$InteropLibraryExports$Cached.class	72	trace-or-step	WInvalid library export. Exported receiver with dynamic dispatch found but not expected.
com/oracle/truffle/polyglot/HostAdapterSuperMembersGen$InteropLibraryExports$Cached.class	100	trace-or-step	dispatch
com/oracle/truffle/polyglot/ClassNamesObjectGen$InteropLibraryExports$Uncached.class	40	trace-or-step	WInvalid library export. Exported receiver with dynamic dispatch found but not expected.
com/oracle/truffle/polyglot/ClassNamesObjectGen$InteropLibraryExports$Uncached.class	55	trace-or-step	dispatch
com/oracle/truffle/polyglot/HostFunctionGen$InteropLibraryExports$Uncached.class	51	trace-or-step	WInvalid library export. Exported receiver with dynamic dispatch found but not expected.
com/oracle/truffle/polyglot/HostFunctionGen$InteropLibraryExports$Uncached.class	66	trace-or-step	dispatch
com/oracle/truffle/polyglot/VariablesMapObjectGen$InteropLibraryExports$Cached.class	53	trace-or-step	WInvalid library export. Exported receiver with dynamic dispatch found but not expected.
com/oracle/truffle/polyglot/VariablesMapObjectGen$InteropLibraryExports$Cached.class	68	trace-or-step	dispatch
com/oracle/truffle/polyglot/VariablesMapObjectGen$InteropLibraryExports$Uncached.class	57	trace-or-step	WInvalid library export. Exported receiver with dynamic dispatch found but not expected.
com/oracle/truffle/polyglot/VariablesMapObjectGen$InteropLibraryExports$Uncached.class	73	trace-or-step	dispatch
com/oracle/truffle/polyglot/EmptyObjectGen$InteropLibraryExports$Uncached.class	48	trace-or-step	WInvalid library export. Exported receiver with dynamic dispatch found but not expected.
com/oracle/truffle/polyglot/EmptyObjectGen$InteropLibraryExports$Uncached.class	65	trace-or-step	dispatch
com/oracle/truffle/polyglot/NoReceiverVariablesGen$InteropLibraryExports$Cached.class	49	trace-or-step	WInvalid library export. Exported receiver with dynamic dispatch found but not expected.
com/oracle/truffle/polyglot/NoReceiverVariablesGen$InteropLibraryExports$Cached.class	67	trace-or-step	dispatch
com/oracle/truffle/polyglot/EmptyGlobalBindingsGen$InteropLibraryExports$Cached.class	38	trace-or-step	WInvalid library export. Exported receiver with dynamic dispatch found but not expected.
com/oracle/truffle/polyglot/EmptyGlobalBindingsGen$InteropLibraryExports$Cached.class	52	trace-or-step	dispatch
com/oracle/truffle/polyglot/HostObjectGen$InteropLibraryExports$Uncached.class	190	trace-or-step	WInvalid library export. Exported receiver with dynamic dispatch found but not expected.
com/oracle/truffle/polyglot/HostObjectGen$InteropLibraryExports$Uncached.class	213	trace-or-step	dispatch
com/oracle/truffle/api/debug/Debugger.class	3	trace-or-step	TRACE
com/oracle/truffle/api/debug/Debugger.class	66	trace-or-step	trace
com/oracle/truffle/api/debug/Debugger.class	100	trace-or-step	truffle.debug.trace
com/oracle/truffle/api/debug/DebuggerSession.class	78	trace-or-step	trace
com/oracle/truffle/api/debug/DebuggerSession.class	475	trace-or-step	TRACE
com/oracle/truffle/api/debug/SubtractedVariablesGen$InteropLibraryExports$Cached.class	49	trace-or-step	WInvalid library export. Exported receiver with dynamic dispatch found but not expected.
com/oracle/truffle/api/debug/SubtractedVariablesGen$InteropLibraryExports$Cached.class	67	trace-or-step	dispatch
com/oracle/truffle/api/debug/KillExceptionGen$InteropLibraryExports$Uncached.class	33	trace-or-step	WInvalid library export. Exported receiver with dynamic dispatch found but not expected.
com/oracle/truffle/api/debug/KillExceptionGen$InteropLibraryExports$Uncached.class	46	trace-or-step	dispatch
com/oracle/truffle/api/debug/SubtractedKeysGen$InteropLibraryExports$Cached.class	36	trace-or-step	WInvalid library export. Exported receiver with dynamic dispatch found but not expected.
com/oracle/truffle/api/debug/SubtractedKeysGen$InteropLibraryExports$Cached.class	50	trace-or-step	dispatch
com/oracle/truffle/api/debug/KillExceptionGen$InteropLibraryExports$Cached.class	29	trace-or-step	WInvalid library export. Exported receiver with dynamic dispatch found but not expected.
com/oracle/truffle/api/debug/KillExceptionGen$InteropLibraryExports$Cached.class	41	trace-or-step	dispatch
com/oracle/truffle/api/debug/SubtractedVariablesGen$InteropLibraryExports$Uncached.class	53	trace-or-step	WInvalid library export. Exported receiver with dynamic dispatch found but not expected.
com/oracle/truffle/api/debug/SubtractedVariablesGen$InteropLibraryExports$Uncached.class	72	trace-or-step	dispatch
com/oracle/truffle/api/debug/SubtractedKeysGen$InteropLibraryExports$Uncached.class	40	trace-or-step	WInvalid library export. Exported receiver with dynamic dispatch found but not expected.
com/oracle/truffle/api/debug/SubtractedKeysGen$InteropLibraryExports$Uncached.class	55	trace-or-step	dispatch
com/oracle/truffle/api/object/Shape$Builder.class	101	correspondence	#org/graalvm/collections/Equivalence
com/oracle/truffle/api/object/Shape$Builder.class	102	correspondence	%Lorg/graalvm/collections/Equivalence;
com/oracle/truffle/api/object/Shape$Builder.class	105	correspondence	L(Lorg/graalvm/collections/Equivalence;)Lorg/graalvm/collections/EconomicMap;
com/oracle/truffle/api/object/ObjectType.class	22	trace-or-step	dispatch
com/oracle/truffle/api/object/HiddenKeyGen$InteropLibraryExports$Cached.class	29	trace-or-step	WInvalid library export. Exported receiver with dynamic dispatch found but not expected.
com/oracle/truffle/api/object/HiddenKeyGen$InteropLibraryExports$Cached.class	40	trace-or-step	dispatch
com/oracle/truffle/api/object/Shape$DerivedBuilder.class	58	correspondence	#org/graalvm/collections/Equivalence
com/oracle/truffle/api/object/Shape$DerivedBuilder.class	60	correspondence	%Lorg/graalvm/collections/Equivalence;
com/oracle/truffle/api/object/Shape$DerivedBuilder.class	63	correspondence	L(Lorg/graalvm/collections/Equivalence;)Lorg/graalvm/collections/EconomicMap;
com/oracle/truffle/api/object/HiddenKeyGen$InteropLibraryExports$Uncached.class	33	trace-or-step	WInvalid library export. Exported receiver with dynamic dispatch found but not expected.
com/oracle/truffle/api/object/HiddenKeyGen$InteropLibraryExports$Uncached.class	45	trace-or-step	dispatch
com/oracle/truffle/object/Transition$IndirectReplacePropertyTransition.class	7	trace-or-step	HLcom/oracle/truffle/object/Transition$IndirectReplacePropertyTransition;
com/oracle/truffle/object/Transition$IndirectReplacePropertyTransition.class	14	trace-or-step	Transition.java
com/oracle/truffle/object/Transition$IndirectReplacePropertyTransition.class	15	trace-or-step	Fcom/oracle/truffle/object/Transition$IndirectReplacePropertyTransition
com/oracle/truffle/object/Transition$IndirectReplacePropertyTransition.class	16	trace-or-step	Fcom/oracle/truffle/object/Transition$AbstractReplacePropertyTransition
com/oracle/truffle/object/Transition$IndirectReplacePropertyTransition.class	18	trace-or-step	$com/oracle/truffle/object/Transition
com/oracle/truffle/object/DynamicObjectLibraryImpl.class	172	priority	priority
com/oracle/truffle/object/Transition$DirectReplacePropertyTransition.class	7	trace-or-step	FLcom/oracle/truffle/object/Transition$DirectReplacePropertyTransition;
com/oracle/truffle/object/Transition$DirectReplacePropertyTransition.class	14	trace-or-step	Transition.java
com/oracle/truffle/object/Transition$DirectReplacePropertyTransition.class	15	trace-or-step	Dcom/oracle/truffle/object/Transition$DirectReplacePropertyTransition
com/oracle/truffle/object/Transition$DirectReplacePropertyTransition.class	16	trace-or-step	Fcom/oracle/truffle/object/Transition$AbstractReplacePropertyTransition
com/oracle/truffle/object/Transition$DirectReplacePropertyTransition.class	18	trace-or-step	$com/oracle/truffle/object/Transition
com/oracle/truffle/object/Transition$ObjectFlagsTransition.class	7	trace-or-step	<Lcom/oracle/truffle/object/Transition$ObjectFlagsTransition;
com/oracle/truffle/object/Transition$ObjectFlagsTransition.class	23	trace-or-step	Transition.java
com/oracle/truffle/object/Transition$ObjectFlagsTransition.class	24	trace-or-step	:com/oracle/truffle/object/Transition$ObjectFlagsTransition
com/oracle/truffle/object/Transition$ObjectFlagsTransition.class	27	trace-or-step	$com/oracle/truffle/object/Transition
com/oracle/truffle/object/LayoutStrategy.class	44	trace-or-step	<Lcom/oracle/truffle/object/Transition$AddPropertyTransition;
com/oracle/truffle/object/LayoutStrategy.class	93	trace-or-step	transition
com/oracle/truffle/object/LayoutStrategy.class	95	trace-or-step	?Lcom/oracle/truffle/object/Transition$RemovePropertyTransition;
com/oracle/truffle/object/LayoutStrategy.class	97	trace-or-step	j(Lcom/oracle/truffle/api/object/Property;Z)Lcom/oracle/truffle/object/Transition$RemovePropertyTransition;
com/oracle/truffle/object/LayoutStrategy.class	99	trace-or-step	(Lcom/oracle/truffle/object/ShapeImpl;Lcom/oracle/truffle/api/object/Property;Lcom/oracle/truffle/object/Transition$RemovePropertyTransition;)Lcom/oracle/truffle/object/ShapeImpl;
com/oracle/truffle/object/LayoutStrategy.class	101	trace-or-step	&Lcom/oracle/truffle/object/Transition;
com/oracle/truffle/object/LayoutStrategy.class	109	trace-or-step	@Ljava/util/ListIterator<Lcom/oracle/truffle/object/Transition;>;
com/oracle/truffle/object/LayoutStrategy.class	110	trace-or-step	8Ljava/util/List<Lcom/oracle/truffle/object/Transition;>;
com/oracle/truffle/object/LayoutStrategy.class	128	trace-or-step	f(Lcom/oracle/truffle/api/object/Property;)Lcom/oracle/truffle/object/Transition$AddPropertyTransition;
com/oracle/truffle/object/LayoutStrategy.class	132	trace-or-step	s(Lcom/oracle/truffle/object/ShapeImpl;Lcom/oracle/truffle/object/Transition;Z)Lcom/oracle/truffle/object/ShapeImpl;
com/oracle/truffle/object/LayoutStrategy.class	148	trace-or-step	:com/oracle/truffle/object/Transition$AddPropertyTransition
com/oracle/truffle/object/LayoutStrategy.class	155	trace-or-step	=com/oracle/truffle/object/Transition$RemovePropertyTransition
com/oracle/truffle/object/LayoutStrategy.class	157	trace-or-step	Dcom/oracle/truffle/object/Transition$DirectReplacePropertyTransition
com/oracle/truffle/object/LayoutStrategy.class	159	trace-or-step	$com/oracle/truffle/object/Transition
com/oracle/truffle/object/LayoutStrategy.class	164	trace-or-step	9com/oracle/truffle/object/Transition$ObjectTypeTransition
com/oracle/truffle/object/LayoutStrategy.class	166	trace-or-step	:com/oracle/truffle/object/Transition$ObjectFlagsTransition
com/oracle/truffle/object/LayoutStrategy.class	168	trace-or-step	Dcom/oracle/truffle/object/Transition$ReservePrimitiveArrayTransition
com/oracle/truffle/object/LayoutStrategy.class	193	trace-or-step	M(Lcom/oracle/truffle/object/Transition;)Lcom/oracle/truffle/object/ShapeImpl;
com/oracle/truffle/object/LayoutStrategy.class	228	trace-or-step	(()Lcom/oracle/truffle/object/Transition;
com/oracle/truffle/object/LayoutStrategy.class	236	trace-or-step	N(Lcom/oracle/truffle/object/Transition;Lcom/oracle/truffle/object/ShapeImpl;)V
com/oracle/truffle/object/LayoutStrategy.class	247	trace-or-step	(Lcom/oracle/truffle/api/object/Layout;Ljava/lang/Object;Lcom/oracle/truffle/object/ShapeImpl;Ljava/lang/Object;Lcom/oracle/truffle/object/PropertyMap;Lcom/oracle/truffle/object/Transition;Lcom/oracle/truffle/api/object/Shape$Allocator;I)Lcom/oracle/truffle/object/ShapeImpl;
com/oracle/truffle/object/LayoutStrategy.class	269	trace-or-step	(Lcom/oracle/truffle/object/ShapeImpl;Lcom/oracle/truffle/object/Transition$AddPropertyTransition;)Lcom/oracle/truffle/object/ShapeImpl;
com/oracle/truffle/object/LayoutStrategy.class	294	trace-or-step	r(Lcom/oracle/truffle/object/ShapeImpl;Lcom/oracle/truffle/object/Transition;)Lcom/oracle/truffle/object/ShapeImpl;
com/oracle/truffle/object/Transition.class	16	trace-or-step	&Lcom/oracle/truffle/object/Transition;
com/oracle/truffle/object/Transition.class	26	trace-or-step	Transition.java
com/oracle/truffle/object/Transition.class	27	trace-or-step	$com/oracle/truffle/object/Transition
com/oracle/truffle/object/Transition.class	29	trace-or-step	:com/oracle/truffle/object/Transition$ObjectFlagsTransition
com/oracle/truffle/object/Transition.class	30	trace-or-step	9com/oracle/truffle/object/Transition$ShareShapeTransition
com/oracle/truffle/object/Transition.class	31	trace-or-step	Dcom/oracle/truffle/object/Transition$ReservePrimitiveArrayTransition
com/oracle/truffle/object/Transition.class	32	trace-or-step	Dcom/oracle/truffle/object/Transition$DirectReplacePropertyTransition
com/oracle/truffle/object/Transition.class	33	trace-or-step	Fcom/oracle/truffle/object/Transition$IndirectReplacePropertyTransition
com/oracle/truffle/object/Transition.class	34	trace-or-step	Fcom/oracle/truffle/object/Transition$AbstractReplacePropertyTransition
com/oracle/truffle/object/Transition.class	35	trace-or-step	9com/oracle/truffle/object/Transition$ObjectTypeTransition
com/oracle/truffle/object/Transition.class	36	trace-or-step	=com/oracle/truffle/object/Transition$RemovePropertyTransition
com/oracle/truffle/object/Transition.class	37	trace-or-step	:com/oracle/truffle/object/Transition$AddPropertyTransition
com/oracle/truffle/object/Transition.class	38	trace-or-step	<com/oracle/truffle/object/Transition$TypedPropertyTransition
com/oracle/truffle/object/Transition.class	39	trace-or-step	7com/oracle/truffle/object/Transition$PropertyTransition
com/oracle/truffle/object/Transition$PropertyTransition.class	11	trace-or-step	9Lcom/oracle/truffle/object/Transition$PropertyTransition;
com/oracle/truffle/object/Transition$PropertyTransition.class	27	trace-or-step	Transition.java
com/oracle/truffle/object/Transition$PropertyTransition.class	28	trace-or-step	7com/oracle/truffle/object/Transition$PropertyTransition
com/oracle/truffle/object/Transition$PropertyTransition.class	30	trace-or-step	$com/oracle/truffle/object/Transition
com/oracle/truffle/object/DynamicObjectImplGen$DynamicDispatchLibraryExports$Uncached.class	23	trace-or-step	dispatch
com/oracle/truffle/object/DynamicObjectImplGen$DynamicDispatchLibraryExports$Uncached.class	54	trace-or-step	4com/oracle/truffle/object/DynamicObjectImpl$Dispatch
com/oracle/truffle/object/DynamicObjectImplGen$DynamicDispatchLibraryExports$Uncached.class	55	trace-or-step	Dispatch
com/oracle/truffle/object/Transition$ReservePrimitiveArrayTransition.class	6	trace-or-step	FLcom/oracle/truffle/object/Transition$ReservePrimitiveArrayTransition;
com/oracle/truffle/object/Transition$ReservePrimitiveArrayTransition.class	9	trace-or-step	Transition.java
com/oracle/truffle/object/Transition$ReservePrimitiveArrayTransition.class	10	trace-or-step	Dcom/oracle/truffle/object/Transition$ReservePrimitiveArrayTransition
com/oracle/truffle/object/Transition$ReservePrimitiveArrayTransition.class	11	trace-or-step	$com/oracle/truffle/object/Transition
com/oracle/truffle/object/ShapeBasic.class	17	trace-or-step	(Lcom/oracle/truffle/api/object/Layout;Ljava/lang/Object;Lcom/oracle/truffle/object/ShapeImpl;Ljava/lang/Object;Lcom/oracle/truffle/object/PropertyMap;Lcom/oracle/truffle/object/Transition;Lcom/oracle/truffle/api/object/Shape$Allocator;I)V
com/oracle/truffle/object/ShapeBasic.class	22	trace-or-step	transition
com/oracle/truffle/object/ShapeBasic.class	23	trace-or-step	&Lcom/oracle/truffle/object/Transition;
com/oracle/truffle/object/ShapeBasic.class	27	trace-or-step	(Lcom/oracle/truffle/api/object/Layout;Ljava/lang/Object;Lcom/oracle/truffle/object/ShapeImpl;Ljava/lang/Object;Lcom/oracle/truffle/object/PropertyMap;Lcom/oracle/truffle/object/Transition;Lcom/oracle/truffle/api/object/Shape$Allocator;I)Lcom/oracle/truffle/object/ShapeImpl;
com/oracle/truffle/object/ShapeBasic.class	33	trace-or-step	(Lcom/oracle/truffle/api/object/Layout;Lcom/oracle/truffle/object/ShapeImpl;Ljava/lang/Object;Ljava/lang/Object;Lcom/oracle/truffle/object/PropertyMap;Lcom/oracle/truffle/object/Transition;Lcom/oracle/truffle/api/object/Shape$Allocator;I)V
com/oracle/truffle/object/Transition$RemovePropertyTransition.class	8	trace-or-step	?Lcom/oracle/truffle/object/Transition$RemovePropertyTransition;
com/oracle/truffle/object/Transition$RemovePropertyTransition.class	23	trace-or-step	Transition.java
com/oracle/truffle/object/Transition$RemovePropertyTransition.class	26	trace-or-step	=com/oracle/truffle/object/Transition$RemovePropertyTransition
com/oracle/truffle/object/Transition$RemovePropertyTransition.class	27	trace-or-step	<com/oracle/truffle/object/Transition$TypedPropertyTransition
com/oracle/truffle/object/Transition$RemovePropertyTransition.class	34	trace-or-step	$com/oracle/truffle/object/Transition
com/oracle/truffle/object/ShapeImpl.class	32	trace-or-step	&Lcom/oracle/truffle/object/Transition;
com/oracle/truffle/object/ShapeImpl.class	59	trace-or-step	(Lcom/oracle/truffle/api/object/Layout;Lcom/oracle/truffle/object/ShapeImpl;Ljava/lang/Object;Ljava/lang/Object;Lcom/oracle/truffle/object/PropertyMap;Lcom/oracle/truffle/object/Transition;IIIIZILcom/oracle/truffle/api/Assumption;)V
com/oracle/truffle/object/ShapeImpl.class	68	trace-or-step	(Lcom/oracle/truffle/api/object/Layout;Lcom/oracle/truffle/object/ShapeImpl;Ljava/lang/Object;Ljava/lang/Object;Lcom/oracle/truffle/object/PropertyMap;Lcom/oracle/truffle/object/Transition;Lcom/oracle/truffle/api/object/Shape$Allocator;I)V
com/oracle/truffle/object/ShapeImpl.class	69	trace-or-step	transition
com/oracle/truffle/object/ShapeImpl.class	73	trace-or-step	(Lcom/oracle/truffle/api/object/Layout;Ljava/lang/Object;Lcom/oracle/truffle/object/ShapeImpl;Ljava/lang/Object;Lcom/oracle/truffle/object/PropertyMap;Lcom/oracle/truffle/object/Transition;Lcom/oracle/truffle/api/object/Shape$Allocator;I)Lcom/oracle/truffle/object/ShapeImpl;
com/oracle/truffle/object/ShapeImpl.class	78	trace-or-step	u(Lcom/oracle/truffle/object/ShapeImpl;Lcom/oracle/truffle/object/PropertyMap;Lcom/oracle/truffle/object/Transition;)I
com/oracle/truffle/object/ShapeImpl.class	103	trace-or-step	N(Lcom/oracle/truffle/object/Transition;Lcom/oracle/truffle/object/ShapeImpl;)V
com/oracle/truffle/object/ShapeImpl.class	112	trace-or-step	Lcom/oracle/truffle/object/StrongKeyWeakValueEntry<Lcom/oracle/truffle/object/Transition;Lcom/oracle/truffle/object/ShapeImpl;>;
com/oracle/truffle/object/ShapeImpl.class	114	trace-or-step	(Lcom/oracle/truffle/object/Transition;Lcom/oracle/truffle/object/ShapeImpl;Lcom/oracle/truffle/object/Transition;Lcom/oracle/truffle/object/ShapeImpl;)Ljava/lang/Object;
com/oracle/truffle/object/ShapeImpl.class	120	trace-or-step	vLcom/oracle/truffle/object/TransitionMap<Lcom/oracle/truffle/object/Transition;Lcom/oracle/truffle/object/ShapeImpl;>;
com/oracle/truffle/object/ShapeImpl.class	122	trace-or-step	q(Lcom/oracle/truffle/object/Transition;Lcom/oracle/truffle/object/ShapeImpl;Ljava/lang/Object;)Ljava/lang/Object;
com/oracle/truffle/object/ShapeImpl.class	125	trace-or-step	x()Lcom/oracle/truffle/object/TransitionMap<Lcom/oracle/truffle/object/Transition;Lcom/oracle/truffle/object/ShapeImpl;>;
com/oracle/truffle/object/ShapeImpl.class	128	trace-or-step	(Ljava/lang/Object;)Lcom/oracle/truffle/object/TransitionMap<Lcom/oracle/truffle/object/Transition;Lcom/oracle/truffle/object/ShapeImpl;>;
com/oracle/truffle/object/ShapeImpl.class	133	trace-or-step	_(Lcom/oracle/truffle/object/Transition;Lcom/oracle/truffle/object/ShapeImpl;)Ljava/lang/Object;
com/oracle/truffle/object/ShapeImpl.class	137	trace-or-step	(Ljava/lang/Object;)Lcom/oracle/truffle/object/StrongKeyWeakValueEntry<Lcom/oracle/truffle/object/Transition;Lcom/oracle/truffle/object/ShapeImpl;>;
com/oracle/truffle/object/ShapeImpl.class	142	trace-or-step	\Ljava/util/Map<Lcom/oracle/truffle/object/Transition;Lcom/oracle/truffle/object/ShapeImpl;>;
com/oracle/truffle/object/ShapeImpl.class	144	trace-or-step	^()Ljava/util/Map<Lcom/oracle/truffle/object/Transition;Lcom/oracle/truffle/object/ShapeImpl;>;
com/oracle/truffle/object/ShapeImpl.class	151	trace-or-step	lLjava/util/function/BiConsumer<Lcom/oracle/truffle/object/Transition;Lcom/oracle/truffle/object/ShapeImpl;>;
com/oracle/truffle/object/ShapeImpl.class	152	trace-or-step	o(Ljava/util/function/BiConsumer<Lcom/oracle/truffle/object/Transition;Lcom/oracle/truffle/object/ShapeImpl;>;)V
com/oracle/truffle/object/ShapeImpl.class	154	trace-or-step	M(Lcom/oracle/truffle/object/Transition;)Lcom/oracle/truffle/object/ShapeImpl;
com/oracle/truffle/object/ShapeImpl.class	160	trace-or-step	oLjava/util/function/BiFunction<Lcom/oracle/truffle/object/Transition;Lcom/oracle/truffle/object/ShapeImpl;TR;>;
com/oracle/truffle/object/ShapeImpl.class	161	trace-or-step	<R:Ljava/lang/Object;>(Ljava/util/function/BiFunction<Lcom/oracle/truffle/object/Transition;Lcom/oracle/truffle/object/ShapeImpl;TR;>;)TR;
com/oracle/truffle/object/ShapeImpl.class	186	trace-or-step	(()Lcom/oracle/truffle/object/Transition;
com/oracle/truffle/object/ShapeImpl.class	189	trace-or-step	(Lcom/oracle/truffle/object/ShapeImpl;Lcom/oracle/truffle/object/Transition$AddPropertyTransition;)Lcom/oracle/truffle/object/ShapeImpl;
com/oracle/truffle/object/ShapeImpl.class	191	trace-or-step	<Lcom/oracle/truffle/object/Transition$AddPropertyTransition;
com/oracle/truffle/object/ShapeImpl.class	196	trace-or-step	r(Lcom/oracle/truffle/object/ShapeImpl;Lcom/oracle/truffle/object/Transition;)Lcom/oracle/truffle/object/ShapeImpl;
com/oracle/truffle/object/ShapeImpl.class	286	trace-or-step	;Lcom/oracle/truffle/object/Transition$ObjectTypeTransition;
com/oracle/truffle/object/ShapeImpl.class	311	trace-or-step	<Lcom/oracle/truffle/object/Transition$ObjectFlagsTransition;
com/oracle/truffle/object/ShapeImpl.class	362	trace-or-step	=com/oracle/truffle/object/Transition$RemovePropertyTransition
com/oracle/truffle/object/ShapeImpl.class	366	trace-or-step	$com/oracle/truffle/object/Transition
com/oracle/truffle/object/ShapeImpl.class	385	trace-or-step	9com/oracle/truffle/object/Transition$ObjectTypeTransition
com/oracle/truffle/object/ShapeImpl.class	386	trace-or-step	7com/oracle/truffle/object/Transition$PropertyTransition
com/oracle/truffle/object/ShapeImpl.class	388	trace-or-step	:com/oracle/truffle/object/Transition$ObjectFlagsTransition
com/oracle/truffle/object/ShapeImpl.class	392	trace-or-step	9com/oracle/truffle/object/Transition$ShareShapeTransition
com/oracle/truffle/object/ShapeImpl.class	407	trace-or-step	:com/oracle/truffle/object/Transition$AddPropertyTransition
com/oracle/truffle/object/Transition$AddPropertyTransition.class	7	trace-or-step	<Lcom/oracle/truffle/object/Transition$AddPropertyTransition;
com/oracle/truffle/object/Transition$AddPropertyTransition.class	25	trace-or-step	Transition.java
com/oracle/truffle/object/Transition$AddPropertyTransition.class	28	trace-or-step	:com/oracle/truffle/object/Transition$AddPropertyTransition
com/oracle/truffle/object/Transition$AddPropertyTransition.class	29	trace-or-step	<com/oracle/truffle/object/Transition$TypedPropertyTransition
com/oracle/truffle/object/Transition$AddPropertyTransition.class	35	trace-or-step	$com/oracle/truffle/object/Transition
com/oracle/truffle/object/Transition$TypedPropertyTransition.class	9	trace-or-step	>Lcom/oracle/truffle/object/Transition$TypedPropertyTransition;
com/oracle/truffle/object/Transition$TypedPropertyTransition.class	28	trace-or-step	Transition.java
com/oracle/truffle/object/Transition$TypedPropertyTransition.class	29	trace-or-step	<com/oracle/truffle/object/Transition$TypedPropertyTransition
com/oracle/truffle/object/Transition$TypedPropertyTransition.class	31	trace-or-step	7com/oracle/truffle/object/Transition$PropertyTransition
com/oracle/truffle/object/Transition$TypedPropertyTransition.class	37	trace-or-step	$com/oracle/truffle/object/Transition
com/oracle/truffle/object/Debug$GraphvizShapeVisitor.class	25	trace-or-step	dLjava/util/Map$Entry<+Lcom/oracle/truffle/object/Transition;+Lcom/oracle/truffle/object/ShapeImpl;>;
com/oracle/truffle/object/Debug$GraphvizShapeVisitor.class	26	trace-or-step	^Ljava/util/Map<+Lcom/oracle/truffle/object/Transition;+Lcom/oracle/truffle/object/ShapeImpl;>;
com/oracle/truffle/object/Debug$GraphvizShapeVisitor.class	29	trace-or-step	(Lcom/oracle/truffle/object/ShapeImpl;Ljava/util/Map<+Lcom/oracle/truffle/object/Transition;+Lcom/oracle/truffle/object/ShapeImpl;>;)Lcom/oracle/truffle/object/Debug$GraphvizShapeVisitor;
com/oracle/truffle/object/Debug$GraphvizShapeVisitor.class	48	trace-or-step	$com/oracle/truffle/object/Transition
com/oracle/truffle/object/Transition$AbstractReplacePropertyTransition.class	9	trace-or-step	HLcom/oracle/truffle/object/Transition$AbstractReplacePropertyTransition;
com/oracle/truffle/object/Transition$AbstractReplacePropertyTransition.class	26	trace-or-step	Transition.java
com/oracle/truffle/object/Transition$AbstractReplacePropertyTransition.class	27	trace-or-step	Fcom/oracle/truffle/object/Transition$AbstractReplacePropertyTransition
com/oracle/truffle/object/Transition$AbstractReplacePropertyTransition.class	30	trace-or-step	7com/oracle/truffle/object/Transition$PropertyTransition
com/oracle/truffle/object/Transition$AbstractReplacePropertyTransition.class	34	trace-or-step	$com/oracle/truffle/object/Transition
com/oracle/truffle/object/DynamicObjectImpl.class	1	trace-or-step	Dispatch
com/oracle/truffle/object/DynamicObjectImpl.class	109	trace-or-step	4com/oracle/truffle/object/DynamicObjectImpl$Dispatch
com/oracle/truffle/object/Debug$IGVShapeVisitor.class	19	trace-or-step	^Ljava/util/Map<+Lcom/oracle/truffle/object/Transition;+Lcom/oracle/truffle/object/ShapeImpl;>;
com/oracle/truffle/object/Debug$IGVShapeVisitor.class	21	trace-or-step	(Lcom/oracle/truffle/object/ShapeImpl;Ljava/util/Map<+Lcom/oracle/truffle/object/Transition;+Lcom/oracle/truffle/object/ShapeImpl;>;)Lcom/oracle/truffle/object/Debug$IGVShapeVisitor;
com/oracle/truffle/object/Debug$IGVShapeVisitor$1.class	26	trace-or-step	dLjava/util/Map$Entry<+Lcom/oracle/truffle/object/Transition;+Lcom/oracle/truffle/object/ShapeImpl;>;
com/oracle/truffle/object/Debug$IGVShapeVisitor$1.class	43	trace-or-step	$com/oracle/truffle/object/Transition
com/oracle/truffle/object/Debug$IGVShapeVisitor$1.class	68	trace-or-step	(()Lcom/oracle/truffle/object/Transition;
com/oracle/truffle/object/Debug$1Visitor.class	24	trace-or-step	dLjava/util/Map$Entry<+Lcom/oracle/truffle/object/Transition;+Lcom/oracle/truffle/object/ShapeImpl;>;
com/oracle/truffle/object/Debug$1Visitor.class	25	trace-or-step	^Ljava/util/Map<+Lcom/oracle/truffle/object/Transition;+Lcom/oracle/truffle/object/ShapeImpl;>;
com/oracle/truffle/object/Debug$1Visitor.class	28	trace-or-step	(Lcom/oracle/truffle/object/ShapeImpl;Ljava/util/Map<+Lcom/oracle/truffle/object/Transition;+Lcom/oracle/truffle/object/ShapeImpl;>;)Ljava/lang/Integer;
com/oracle/truffle/object/Transition$ShareShapeTransition.class	6	trace-or-step	;Lcom/oracle/truffle/object/Transition$ShareShapeTransition;
com/oracle/truffle/object/Transition$ShareShapeTransition.class	9	trace-or-step	Transition.java
com/oracle/truffle/object/Transition$ShareShapeTransition.class	10	trace-or-step	9com/oracle/truffle/object/Transition$ShareShapeTransition
com/oracle/truffle/object/Transition$ShareShapeTransition.class	11	trace-or-step	$com/oracle/truffle/object/Transition
com/oracle/truffle/object/ShapeImpl$1.class	13	trace-or-step	N(Lcom/oracle/truffle/object/Transition;Lcom/oracle/truffle/object/ShapeImpl;)V
com/oracle/truffle/object/ShapeImpl$1.class	14	trace-or-step	&Lcom/oracle/truffle/object/Transition;
com/oracle/truffle/object/ShapeImpl$1.class	17	trace-or-step	~Ljava/lang/Object;Ljava/util/function/BiConsumer<Lcom/oracle/truffle/object/Transition;Lcom/oracle/truffle/object/ShapeImpl;>;
com/oracle/truffle/object/ShapeImpl$1.class	21	trace-or-step	$com/oracle/truffle/object/Transition
com/oracle/truffle/object/DynamicObjectImpl$Dispatch.class	4	trace-or-step	Dispatch
com/oracle/truffle/object/DynamicObjectImpl$Dispatch.class	6	trace-or-step	6Lcom/oracle/truffle/object/DynamicObjectImpl$Dispatch;
com/oracle/truffle/object/DynamicObjectImpl$Dispatch.class	44	trace-or-step	4com/oracle/truffle/object/DynamicObjectImpl$Dispatch
com/oracle/truffle/object/DynamicObjectImpl$Dispatch.class	50	trace-or-step	dispatch
com/oracle/truffle/object/Debug$DebugShapeVisitor.class	17	trace-or-step	(Lcom/oracle/truffle/object/ShapeImpl;Ljava/util/Map<+Lcom/oracle/truffle/object/Transition;+Lcom/oracle/truffle/object/ShapeImpl;>;)TR;
com/oracle/truffle/object/DynamicObjectImplGen$DynamicDispatchLibraryExports$Cached.class	45	trace-or-step	dispatch
com/oracle/truffle/object/DynamicObjectImplGen$DynamicDispatchLibraryExports$Cached.class	99	trace-or-step	4com/oracle/truffle/object/DynamicObjectImpl$Dispatch
com/oracle/truffle/object/DynamicObjectImplGen$DynamicDispatchLibraryExports$Cached.class	100	trace-or-step	Dispatch
com/oracle/truffle/object/Transition$ObjectTypeTransition.class	9	trace-or-step	;Lcom/oracle/truffle/object/Transition$ObjectTypeTransition;
com/oracle/truffle/object/Transition$ObjectTypeTransition.class	24	trace-or-step	Transition.java
com/oracle/truffle/object/Transition$ObjectTypeTransition.class	25	trace-or-step	9com/oracle/truffle/object/Transition$ObjectTypeTransition
com/oracle/truffle/object/Transition$ObjectTypeTransition.class	28	trace-or-step	$com/oracle/truffle/object/Transition
com/oracle/truffle/api/object/dsl/Layout.class	14	trace-or-step	dispatch
org/graalvm/collections/Equivalence$1.class	5	correspondence	'Lorg/graalvm/collections/Equivalence$1;
org/graalvm/collections/Equivalence$1.class	13	correspondence	Equivalence.java
org/graalvm/collections/Equivalence$1.class	15	correspondence	%org/graalvm/collections/Equivalence$1
org/graalvm/collections/Equivalence$1.class	16	correspondence	#org/graalvm/collections/Equivalence
org/graalvm/collections/Equivalence$2.class	5	correspondence	'Lorg/graalvm/collections/Equivalence$2;
org/graalvm/collections/Equivalence$2.class	14	correspondence	Equivalence.java
org/graalvm/collections/Equivalence$2.class	16	correspondence	%org/graalvm/collections/Equivalence$2
org/graalvm/collections/Equivalence$2.class	17	correspondence	#org/graalvm/collections/Equivalence
org/graalvm/collections/Equivalence.class	3	correspondence	%Lorg/graalvm/collections/Equivalence;
org/graalvm/collections/Equivalence.class	16	correspondence	Equivalence.java
org/graalvm/collections/Equivalence.class	17	correspondence	%org/graalvm/collections/Equivalence$1
org/graalvm/collections/Equivalence.class	18	correspondence	%org/graalvm/collections/Equivalence$2
org/graalvm/collections/Equivalence.class	19	correspondence	%org/graalvm/collections/Equivalence$3
org/graalvm/collections/Equivalence.class	20	correspondence	#org/graalvm/collections/Equivalence
org/graalvm/collections/EconomicMapImpl.class	19	correspondence	%Lorg/graalvm/collections/Equivalence;
org/graalvm/collections/EconomicMapImpl.class	33	correspondence	Q(Lorg/graalvm/collections/Equivalence;Z)Lorg/graalvm/collections/EconomicMapImpl;
org/graalvm/collections/EconomicMapImpl.class	34	correspondence	<K:Ljava/lang/Object;V:Ljava/lang/Object;>(Lorg/graalvm/collections/Equivalence;Z)Lorg/graalvm/collections/EconomicMapImpl<TK;TV;>;
org/graalvm/collections/EconomicMapImpl.class	35	correspondence	R(Lorg/graalvm/collections/Equivalence;IZ)Lorg/graalvm/collections/EconomicMapImpl;
org/graalvm/collections/EconomicMapImpl.class	37	correspondence	<K:Ljava/lang/Object;V:Ljava/lang/Object;>(Lorg/graalvm/collections/Equivalence;IZ)Lorg/graalvm/collections/EconomicMapImpl<TK;TV;>;
org/graalvm/collections/EconomicMapImpl.class	38	correspondence	(Lorg/graalvm/collections/Equivalence;Lorg/graalvm/collections/UnmodifiableEconomicMap;Z)Lorg/graalvm/collections/EconomicMapImpl;
org/graalvm/collections/EconomicMapImpl.class	42	correspondence	<K:Ljava/lang/Object;V:Ljava/lang/Object;>(Lorg/graalvm/collections/Equivalence;Lorg/graalvm/collections/UnmodifiableEconomicMap<TK;TV;>;Z)Lorg/graalvm/collections/EconomicMapImpl<TK;TV;>;
org/graalvm/collections/EconomicMapImpl.class	43	correspondence	(Lorg/graalvm/collections/Equivalence;Lorg/graalvm/collections/UnmodifiableEconomicSet;Z)Lorg/graalvm/collections/EconomicMapImpl;
org/graalvm/collections/EconomicMapImpl.class	46	correspondence	<K:Ljava/lang/Object;V:Ljava/lang/Object;>(Lorg/graalvm/collections/Equivalence;Lorg/graalvm/collections/UnmodifiableEconomicSet<TK;>;Z)Lorg/graalvm/collections/EconomicMapImpl<TK;TV;>;
org/graalvm/collections/EconomicMapImpl.class	48	correspondence	)(Lorg/graalvm/collections/Equivalence;Z)V
org/graalvm/collections/EconomicMapImpl.class	50	correspondence	*(Lorg/graalvm/collections/Equivalence;IZ)V
org/graalvm/collections/EconomicMapImpl.class	51	correspondence	Z(Lorg/graalvm/collections/Equivalence;Lorg/graalvm/collections/UnmodifiableEconomicMap;Z)V
org/graalvm/collections/EconomicMapImpl.class	52	correspondence	b(Lorg/graalvm/collections/Equivalence;Lorg/graalvm/collections/UnmodifiableEconomicMap<TK;TV;>;Z)V
org/graalvm/collections/EconomicMapImpl.class	53	correspondence	Z(Lorg/graalvm/collections/Equivalence;Lorg/graalvm/collections/UnmodifiableEconomicSet;Z)V
org/graalvm/collections/EconomicMapImpl.class	54	correspondence	_(Lorg/graalvm/collections/Equivalence;Lorg/graalvm/collections/UnmodifiableEconomicSet<TK;>;Z)V
org/graalvm/collections/EconomicMapImpl.class	195	correspondence	#org/graalvm/collections/Equivalence
org/graalvm/collections/EconomicMap.class	44	correspondence	L(Lorg/graalvm/collections/Equivalence;)Lorg/graalvm/collections/EconomicMap;
org/graalvm/collections/EconomicMap.class	46	correspondence	%Lorg/graalvm/collections/Equivalence;
org/graalvm/collections/EconomicMap.class	47	correspondence	~<K:Ljava/lang/Object;V:Ljava/lang/Object;>(Lorg/graalvm/collections/Equivalence;)Lorg/graalvm/collections/EconomicMap<TK;TV;>;
org/graalvm/collections/EconomicMap.class	51	correspondence	}(Lorg/graalvm/collections/Equivalence;Lorg/graalvm/collections/UnmodifiableEconomicMap;)Lorg/graalvm/collections/EconomicMap;
org/graalvm/collections/EconomicMap.class	52	correspondence	<K:Ljava/lang/Object;V:Ljava/lang/Object;>(Lorg/graalvm/collections/Equivalence;Lorg/graalvm/collections/UnmodifiableEconomicMap<TK;TV;>;)Lorg/graalvm/collections/EconomicMap<TK;TV;>;
org/graalvm/collections/EconomicMap.class	53	correspondence	M(Lorg/graalvm/collections/Equivalence;I)Lorg/graalvm/collections/EconomicMap;
org/graalvm/collections/EconomicMap.class	54	correspondence	<K:Ljava/lang/Object;V:Ljava/lang/Object;>(Lorg/graalvm/collections/Equivalence;I)Lorg/graalvm/collections/EconomicMap<TK;TV;>;
org/graalvm/collections/EconomicMap.class	74	correspondence	#org/graalvm/collections/Equivalence
org/graalvm/collections/EconomicMap.class	77	correspondence	Q(Lorg/graalvm/collections/Equivalence;Z)Lorg/graalvm/collections/EconomicMapImpl;
org/graalvm/collections/EconomicMap.class	78	correspondence	(Lorg/graalvm/collections/Equivalence;Lorg/graalvm/collections/UnmodifiableEconomicMap;Z)Lorg/graalvm/collections/EconomicMapImpl;
org/graalvm/collections/EconomicMap.class	79	correspondence	R(Lorg/graalvm/collections/Equivalence;IZ)Lorg/graalvm/collections/EconomicMapImpl;
org/graalvm/collections/Equivalence$3.class	5	correspondence	'Lorg/graalvm/collections/Equivalence$3;
org/graalvm/collections/Equivalence$3.class	14	correspondence	Equivalence.java
org/graalvm/collections/Equivalence$3.class	16	correspondence	%org/graalvm/collections/Equivalence$3
org/graalvm/collections/Equivalence$3.class	17	correspondence	#org/graalvm/collections/Equivalence
org/graalvm/collections/EconomicSet.class	36	correspondence	L(Lorg/graalvm/collections/Equivalence;)Lorg/graalvm/collections/EconomicSet;
org/graalvm/collections/EconomicSet.class	38	correspondence	%Lorg/graalvm/collections/Equivalence;
org/graalvm/collections/EconomicSet.class	39	correspondence	g<E:Ljava/lang/Object;>(Lorg/graalvm/collections/Equivalence;)Lorg/graalvm/collections/EconomicSet<TE;>;
org/graalvm/collections/EconomicSet.class	47	correspondence	M(Lorg/graalvm/collections/Equivalence;I)Lorg/graalvm/collections/EconomicSet;
org/graalvm/collections/EconomicSet.class	48	correspondence	h<E:Ljava/lang/Object;>(Lorg/graalvm/collections/Equivalence;I)Lorg/graalvm/collections/EconomicSet<TE;>;
org/graalvm/collections/EconomicSet.class	49	correspondence	}(Lorg/graalvm/collections/Equivalence;Lorg/graalvm/collections/UnmodifiableEconomicSet;)Lorg/graalvm/collections/EconomicSet;
org/graalvm/collections/EconomicSet.class	50	correspondence	<E:Ljava/lang/Object;>(Lorg/graalvm/collections/Equivalence;Lorg/graalvm/collections/UnmodifiableEconomicSet<TE;>;)Lorg/graalvm/collections/EconomicSet<TE;>;
org/graalvm/collections/EconomicSet.class	63	correspondence	#org/graalvm/collections/Equivalence
org/graalvm/collections/EconomicSet.class	66	correspondence	Q(Lorg/graalvm/collections/Equivalence;Z)Lorg/graalvm/collections/EconomicMapImpl;
org/graalvm/collections/EconomicSet.class	67	correspondence	R(Lorg/graalvm/collections/Equivalence;IZ)Lorg/graalvm/collections/EconomicMapImpl;
org/graalvm/collections/EconomicSet.class	68	correspondence	(Lorg/graalvm/collections/Equivalence;Lorg/graalvm/collections/UnmodifiableEconomicSet;Z)Lorg/graalvm/collections/EconomicMapImpl;
org/graalvm/nativeimage/c/function/InvokeCFunctionPointer.class	1	trace-or-step	transition
org/graalvm/nativeimage/c/function/InvokeCFunctionPointer.class	2	trace-or-step	Transition
org/graalvm/nativeimage/c/function/InvokeCFunctionPointer.class	4	trace-or-step	;()Lorg/graalvm/nativeimage/c/function/CFunction$Transition;
org/graalvm/nativeimage/c/function/InvokeCFunctionPointer.class	6	trace-or-step	9Lorg/graalvm/nativeimage/c/function/CFunction$Transition;
org/graalvm/nativeimage/c/function/InvokeCFunctionPointer.class	21	trace-or-step	7org/graalvm/nativeimage/c/function/CFunction$Transition
org/graalvm/nativeimage/c/function/CFunction$Transition.class	2	trace-or-step	Transition
org/graalvm/nativeimage/c/function/CFunction$Transition.class	4	trace-or-step	9Lorg/graalvm/nativeimage/c/function/CFunction$Transition;
org/graalvm/nativeimage/c/function/CFunction$Transition.class	7	trace-or-step	:[Lorg/graalvm/nativeimage/c/function/CFunction$Transition;
org/graalvm/nativeimage/c/function/CFunction$Transition.class	9	trace-or-step	<()[Lorg/graalvm/nativeimage/c/function/CFunction$Transition;
org/graalvm/nativeimage/c/function/CFunction$Transition.class	12	trace-or-step	M(Ljava/lang/String;)Lorg/graalvm/nativeimage/c/function/CFunction$Transition;
org/graalvm/nativeimage/c/function/CFunction$Transition.class	22	trace-or-step	KLjava/lang/Enum<Lorg/graalvm/nativeimage/c/function/CFunction$Transition;>;
org/graalvm/nativeimage/c/function/CFunction$Transition.class	25	trace-or-step	7org/graalvm/nativeimage/c/function/CFunction$Transition
org/graalvm/nativeimage/c/function/CFunction.class	1	trace-or-step	Transition
org/graalvm/nativeimage/c/function/CFunction.class	6	trace-or-step	transition
org/graalvm/nativeimage/c/function/CFunction.class	7	trace-or-step	;()Lorg/graalvm/nativeimage/c/function/CFunction$Transition;
org/graalvm/nativeimage/c/function/CFunction.class	8	trace-or-step	9Lorg/graalvm/nativeimage/c/function/CFunction$Transition;
org/graalvm/nativeimage/c/function/CFunction.class	22	trace-or-step	7org/graalvm/nativeimage/c/function/CFunction$Transition&
org/graalvm/polyglot/PolyglotAccess.class	68	correspondence	#org/graalvm/collections/Equivalence
org/graalvm/polyglot/PolyglotAccess.class	70	correspondence	%Lorg/graalvm/collections/Equivalence;
org/graalvm/polyglot/PolyglotAccess.class	72	correspondence	}(Lorg/graalvm/collections/Equivalence;Lorg/graalvm/collections/UnmodifiableEconomicMap;)Lorg/graalvm/collections/EconomicMap;
org/graalvm/polyglot/PolyglotAccess.class	79	correspondence	}(Lorg/graalvm/collections/Equivalence;Lorg/graalvm/collections/UnmodifiableEconomicSet;)Lorg/graalvm/collections/EconomicSet;
org/graalvm/polyglot/HostAccess$Builder.class	104	correspondence	#org/graalvm/collections/Equivalence
org/graalvm/polyglot/HostAccess$Builder.class	106	correspondence	%Lorg/graalvm/collections/Equivalence;
org/graalvm/polyglot/HostAccess$Builder.class	108	correspondence	q(Lorg/graalvm/collections/EconomicSet;Lorg/graalvm/collections/Equivalence;)Lorg/graalvm/collections/EconomicSet;
org/graalvm/polyglot/HostAccess$Builder.class	112	correspondence	q(Lorg/graalvm/collections/EconomicMap;Lorg/graalvm/collections/Equivalence;)Lorg/graalvm/collections/EconomicMap;
org/graalvm/polyglot/HostAccess$Builder.class	129	correspondence	L(Lorg/graalvm/collections/Equivalence;)Lorg/graalvm/collections/EconomicSet;
org/graalvm/polyglot/HostAccess$Builder.class	133	correspondence	L(Lorg/graalvm/collections/Equivalence;)Lorg/graalvm/collections/EconomicMap;
org/graalvm/polyglot/HostAccess.class	68	correspondence	q(Lorg/graalvm/collections/EconomicSet;Lorg/graalvm/collections/Equivalence;)Lorg/graalvm/collections/EconomicSet;
org/graalvm/polyglot/HostAccess.class	70	correspondence	equivalence
org/graalvm/polyglot/HostAccess.class	71	correspondence	%Lorg/graalvm/collections/Equivalence;
org/graalvm/polyglot/HostAccess.class	72	correspondence	<T:Ljava/lang/Object;>(Lorg/graalvm/collections/EconomicSet<TT;>;Lorg/graalvm/collections/Equivalence;)Lorg/graalvm/collections/EconomicSet<TT;>;
org/graalvm/polyglot/HostAccess.class	74	correspondence	q(Lorg/graalvm/collections/EconomicMap;Lorg/graalvm/collections/Equivalence;)Lorg/graalvm/collections/EconomicMap;
org/graalvm/polyglot/HostAccess.class	76	correspondence	<K:Ljava/lang/Object;T:Ljava/lang/Object;>(Lorg/graalvm/collections/EconomicMap<TK;TT;>;Lorg/graalvm/collections/Equivalence;)Lorg/graalvm/collections/EconomicMap<TK;TT;>;
org/graalvm/polyglot/HostAccess.class	148	correspondence	#org/graalvm/collections/Equivalence
org/graalvm/polyglot/HostAccess.class	173	correspondence	}(Lorg/graalvm/collections/Equivalence;Lorg/graalvm/collections/UnmodifiableEconomicSet;)Lorg/graalvm/collections/EconomicSet;
org/graalvm/polyglot/HostAccess.class	174	correspondence	}(Lorg/graalvm/collections/Equivalence;Lorg/graalvm/collections/UnmodifiableEconomicMap;)Lorg/graalvm/collections/EconomicMap;
org/apache/logging/log4j/core/config/ConfigurationScheduler$CronRunnable.class	38	scheduler	3{} Cron expression {} scheduled to fire again at {}
org/apache/logging/log4j/core/config/ConfigurationScheduler$CronRunnable.class	73	scheduler	schedule
org/apache/logging/log4j/core/layout/Rfc5424Layout.class	326	priority	*org/apache/logging/log4j/core/net/Priority
org/apache/logging/log4j/core/async/DisruptorUtil.class	107	trace-or-step	trace
org/apache/logging/log4j/core/appender/rolling/RollingFileManager$RollingFileManagerFactory.class	62	trace-or-step	trace
org/apache/logging/log4j/core/appender/rolling/action/DeleteAction.class	50	trace-or-step	trace
org/apache/logging/log4j/core/appender/AsyncAppenderEventDispatcher.class	34	trace-or-step	dispatch
org/apache/logging/log4j/core/appender/AsyncAppenderEventDispatcher.class	75	trace-or-step	trace
org/apache/logging/log4j/core/impl/Log4jLogEvent.class	275	trace-or-step	trace
org/apache/logging/log4j/core/net/Priority.class	9	priority	,Lorg/apache/logging/log4j/core/net/Priority;
org/apache/logging/log4j/core/net/Priority.class	27	priority	Priority.java
org/apache/logging/log4j/core/net/Priority.class	28	priority	*org/apache/logging/log4j/core/net/Priority
org/apache/logging/log4j/core/util/WatchManager$WatchRunnable.class	47	trace-or-step	trace
org/apache/logging/log4j/core/config/AbstractConfiguration.class	353	scheduler	.org/apache/logging/log4j/core/config/Scheduled
org/apache/logging/log4j/core/config/AbstractConfiguration.class	498	trace-or-step	trace
org/apache/logging/log4j/core/layout/SyslogLayout.class	102	priority	*org/apache/logging/log4j/core/net/Priority
org/apache/logging/log4j/core/pattern/HighlightConverter.class	179	trace-or-step	TRACE
org/apache/logging/log4j/core/appender/rolling/DirectWriteRolloverStrategy.class	179	trace-or-step	trace
org/apache/logging/log4j/core/appender/rolling/DefaultRolloverStrategy.class	224	trace-or-step	trace
org/apache/logging/log4j/core/appender/rolling/CronTriggeringPolicy.class	24	scheduler	schedule
org/apache/logging/log4j/core/appender/rolling/CronTriggeringPolicy.class	31	scheduler	scheduler
org/apache/logging/log4j/core/appender/rolling/CronTriggeringPolicy.class	69	scheduler	0Lorg/apache/logging/log4j/core/config/Scheduled;
org/apache/logging/log4j/core/appender/rolling/CronTriggeringPolicy.class	75	scheduler	*No schedule specified, defaulting to Daily
org/apache/logging/log4j/core/appender/rolling/CronTriggeringPolicy.class	82	scheduler	CronTriggeringPolicy(schedule=
org/apache/logging/log4j/core/impl/ThrowableProxy.class	110	trace-or-step	Suppressed Stack Trace Elements:
org/apache/logging/log4j/core/util/WatchManager.class	15	scheduler	scheduler
org/apache/logging/log4j/core/util/WatchManager.class	121	scheduler	, scheduler=
org/apache/logging/log4j/core/appender/rolling/action/IfAccumulatedFileCount.class	80	trace-or-step	trace
org/apache/logging/log4j/core/util/Loader.class	85	trace-or-step	trace
org/apache/logging/log4j/core/async/AsyncLoggerConfigDisruptor.class	163	trace-or-step	trace
org/apache/logging/log4j/core/pattern/RootThrowablePatternConverter.class	18	trace-or-step	trace
org/apache/logging/log4j/core/pattern/MaxLengthConverter.class	71	trace-or-step	trace
org/apache/logging/log4j/core/appender/rolling/action/IfLastModified.class	87	trace-or-step	trace
org/apache/logging/log4j/core/appender/rolling/action/IfAccumulatedFileSize.class	81	trace-or-step	trace
org/apache/logging/log4j/core/appender/rolling/action/PosixViewAttributeAction$1.class	52	trace-or-step	trace
org/apache/logging/log4j/core/appender/rolling/action/DeletingVisitor.class	66	trace-or-step	trace
org/apache/logging/log4j/core/appender/db/jdbc/JdbcDatabaseManager.class	266	trace-or-step	trace
org/apache/logging/log4j/core/appender/routing/IdlePurgePolicy.class	9	scheduler	scheduler
org/apache/logging/log4j/core/appender/routing/IdlePurgePolicy.class	65	scheduler	0Lorg/apache/logging/log4j/core/config/Scheduled;
org/apache/logging/log4j/core/appender/routing/IdlePurgePolicy.class	118	scheduler	schedule
org/apache/logging/log4j/core/appender/mom/jeromq/JeroMqManager.class	155	trace-or-step	trace
org/apache/logging/log4j/core/tools/picocli/CommandLine$Tracer.class	25	trace-or-step	picocli.trace
org/apache/logging/log4j/core/config/ConfigurationScheduler.class	29	scheduler	schedule
org/apache/logging/log4j/core/config/ConfigurationScheduler.class	88	scheduler	>{} stopped but some scheduled services may not have completed.
org/apache/logging/log4j/core/config/ConfigurationScheduler.class	89	scheduler	5{} attempted to increment scheduled items after start
org/apache/logging/log4j/core/config/ConfigurationScheduler.class	93	scheduler	-{} scheduled cron expression {} to fire at {}
org/apache/logging/log4j/core/config/ConfigurationScheduler.class	97	scheduler	Scheduled
org/apache/logging/log4j/core/config/ConfigurationScheduler.class	98	scheduler	{}: No scheduled items
org/apache/logging/log4j/core/jmx/Server.class	193	trace-or-step	trace
org/apache/logging/log4j/core/async/AsyncLoggerDisruptor.class	145	trace-or-step	trace
org/apache/logging/log4j/core/LoggerContext.class	173	trace-or-step	Stack trace to locate invoker
org/apache/logging/log4j/core/LoggerContext.class	174	trace-or-step	7Not a real error, showing stack trace to locate invoker
org/apache/logging/log4j/core/appender/rolling/action/FileRenameAction.class	89	trace-or-step	trace
org/apache/logging/log4j/core/appender/AsyncAppender.class	168	trace-or-step	trace
org/apache/logging/log4j/core/appender/AsyncAppender.class	204	trace-or-step	dispatch
org/apache/logging/log4j/core/async/AsyncLoggerDisruptor$1.class	12	priority	priority
org/apache/logging/log4j/core/pattern/ThrowablePatternConverter.class	45	trace-or-step	trace
org/apache/logging/log4j/core/config/plugins/convert/TypeConverterRegistry.class	135	trace-or-step	trace
org/apache/logging/log4j/core/config/Scheduled.class	2	scheduler	Scheduled.java
org/apache/logging/log4j/core/config/Scheduled.class	11	scheduler	.org/apache/logging/log4j/core/config/Scheduled
org/apache/logging/log4j/core/async/AsyncLoggerConfigDisruptor$1.class	12	priority	priority
org/apache/logging/log4j/core/appender/rolling/action/IfFileName.class	90	trace-or-step	trace
org/apache/logging/log4j/core/appender/db/jdbc/JdbcDatabaseManager$JdbcDatabaseManagerFactory.class	76	trace-or-step	trace
org/apache/logging/log4j/core/tools/Generate.class	81	trace-or-step	sT%n /**%n * Logs a message with the specific Marker at the {@code CUSTOM_LEVEL} level.%n * %n * @param marker the marker data specific to this log statement%n * @param msg the message string to be logged%n */%n public void methodName(final Marker marker, final Message msg) {%n logger.logIfEnabled(FQCN, CUSTOM_LEVEL, marker, msg, (Throwable) null);%n }%n%n /**%n * Logs a message with the specific Marker at the {@code CUSTOM_LEVEL} level.%n * %n * @param marker the marker data specific to this log statement%n * @param msg the message string to be logged%n * @param t A Throwable or null.%n */%n public void methodName(final Marker marker, final Message msg, final Throwable t) {%n logger.logIfEnabled(FQCN, CUSTOM_LEVEL, marker, msg, t);%n }%n%n /**%n * Logs a message object with the {@code CUSTOM_LEVEL} level.%n * %n * @param marker the marker data specific to this log statement%n * @param message the message object to log.%n */%n public void methodName(final Marker marker, final Object message) {%n logger.logIfEnabled(FQCN, CUSTOM_LEVEL, marker, message, (Throwable) null);%n }%n%n /**%n * Logs a message CharSequence with the {@code CUSTOM_LEVEL} level.%n * %n * @param marker the marke
org/apache/logging/log4j/core/net/Severity$1.class	19	trace-or-step	TRACE
org/apache/logging/log4j/core/util/Log4jThreadFactory.class	10	priority	priority
org/apache/logging/log4j/core/async/AsyncLoggerConfig.class	151	trace-or-step	trace
org/apache/logging/log4j/core/appender/rolling/PatternProcessor.class	155	trace-or-step	trace
org/apache/logging/log4j/core/osgi/Activator.class	106	trace-or-step	trace
org/apache/logging/log4j/core/appender/rolling/RollingRandomAccessFileManager$RollingRandomAccessFileManagerFactory.class	62	trace-or-step	trace
org/apache/logging/log4j/core/util/ClockFactory.class	70	trace-or-step	trace
org/apache/logging/log4j/message/ThreadInformation.class	6	trace-or-step	trace
org/apache/logging/log4j/status/StatusLogger.class	152	trace-or-step	TRACE
org/apache/logging/log4j/util/StackLocatorUtil.class	48	trace-or-step	+Unable to locate stack trace element for {}
org/apache/logging/log4j/spi/StandardLevel.class	5	trace-or-step	TRACE
org/apache/logging/log4j/spi/Provider.class	10	priority	priority
org/apache/logging/log4j/spi/Provider.class	80	priority	priority=
org/apache/logging/log4j/Level.class	5	trace-or-step	TRACE
org/apache/logging/log4j/spi/AbstractLogger.class	299	trace-or-step	trace
org/apache/logging/log4j/spi/AbstractLogger.class	414	trace-or-step	TRACE
org/apache/logging/log4j/message/BasicThreadInformation.class	10	priority	priority
org/apache/logging/log4j/message/BasicThreadInformation.class	37	trace-or-step	trace
org/apache/logging/log4j/Logger.class	156	trace-or-step	trace
com/google/common/base/Equivalence$1.class	2	correspondence	Equivalence.java
com/google/common/base/Equivalence$1.class	4	correspondence	$com/google/common/base/Equivalence$1
com/google/common/base/Equivalence$1.class	7	correspondence	"""com/google/common/base/Equivalence"
com/google/common/base/Equivalence$Equals.class	4	correspondence	+Lcom/google/common/base/Equivalence$Equals;
com/google/common/base/Equivalence$Equals.class	20	correspondence	NLcom/google/common/base/Equivalence<Ljava/lang/Object;>;Ljava/io/Serializable;
com/google/common/base/Equivalence$Equals.class	22	correspondence	Equivalence.java
com/google/common/base/Equivalence$Equals.class	23	correspondence	)com/google/common/base/Equivalence$Equals
com/google/common/base/Equivalence$Equals.class	24	correspondence	"""com/google/common/base/Equivalence"
com/google/common/base/Equivalence$EquivalentToPredicate.class	1	correspondence	equivalence
com/google/common/base/Equivalence$EquivalentToPredicate.class	2	correspondence	$Lcom/google/common/base/Equivalence;
com/google/common/base/Equivalence$EquivalentToPredicate.class	4	correspondence	)Lcom/google/common/base/Equivalence<TT;>;
com/google/common/base/Equivalence$EquivalentToPredicate.class	12	correspondence	9(Lcom/google/common/base/Equivalence;Ljava/lang/Object;)V
com/google/common/base/Equivalence$EquivalentToPredicate.class	17	correspondence	:Lcom/google/common/base/Equivalence$EquivalentToPredicate;
com/google/common/base/Equivalence$EquivalentToPredicate.class	19	correspondence	?Lcom/google/common/base/Equivalence$EquivalentToPredicate<TT;>;
com/google/common/base/Equivalence$EquivalentToPredicate.class	21	correspondence	/(Lcom/google/common/base/Equivalence<TT;>;TT;)V
com/google/common/base/Equivalence$EquivalentToPredicate.class	28	correspondence	=Lcom/google/common/base/Equivalence$EquivalentToPredicate<*>;
com/google/common/base/Equivalence$EquivalentToPredicate.class	35	correspondence	Equivalence.java
com/google/common/base/Equivalence$EquivalentToPredicate.class	38	correspondence	"""com/google/common/base/Equivalence"
com/google/common/base/Equivalence$EquivalentToPredicate.class	39	correspondence	8com/google/common/base/Equivalence$EquivalentToPredicate
com/google/common/base/Equivalence$Identity.class	4	correspondence	-Lcom/google/common/base/Equivalence$Identity;
com/google/common/base/Equivalence$Identity.class	20	correspondence	NLcom/google/common/base/Equivalence<Ljava/lang/Object;>;Ljava/io/Serializable;
com/google/common/base/Equivalence$Identity.class	22	correspondence	Equivalence.java
com/google/common/base/Equivalence$Identity.class	23	correspondence	+com/google/common/base/Equivalence$Identity
com/google/common/base/Equivalence$Identity.class	24	correspondence	"""com/google/common/base/Equivalence"
com/google/common/base/Equivalence$Wrapper.class	1	correspondence	equivalence
com/google/common/base/Equivalence$Wrapper.class	2	correspondence	$Lcom/google/common/base/Equivalence;
com/google/common/base/Equivalence$Wrapper.class	4	correspondence	*Lcom/google/common/base/Equivalence<-TT;>;
com/google/common/base/Equivalence$Wrapper.class	14	correspondence	9(Lcom/google/common/base/Equivalence;Ljava/lang/Object;)V
com/google/common/base/Equivalence$Wrapper.class	19	correspondence	,Lcom/google/common/base/Equivalence$Wrapper;
com/google/common/base/Equivalence$Wrapper.class	21	correspondence	1Lcom/google/common/base/Equivalence$Wrapper<TT;>;
com/google/common/base/Equivalence$Wrapper.class	23	correspondence	0(Lcom/google/common/base/Equivalence<-TT;>;TT;)V
com/google/common/base/Equivalence$Wrapper.class	29	correspondence	8Lcom/google/common/base/Equivalence<Ljava/lang/Object;>;
com/google/common/base/Equivalence$Wrapper.class	30	correspondence	/Lcom/google/common/base/Equivalence$Wrapper<*>;
com/google/common/base/Equivalence$Wrapper.class	36	correspondence	_(Lcom/google/common/base/Equivalence;Ljava/lang/Object;Lcom/google/common/base/Equivalence$1;)V
com/google/common/base/Equivalence$Wrapper.class	37	correspondence	&Lcom/google/common/base/Equivalence$1;
com/google/common/base/Equivalence$Wrapper.class	40	correspondence	Equivalence.java
com/google/common/base/Equivalence$Wrapper.class	42	correspondence	"""com/google/common/base/Equivalence"
com/google/common/base/Equivalence$Wrapper.class	43	correspondence	*com/google/common/base/Equivalence$Wrapper
com/google/common/base/Equivalence$Wrapper.class	48	correspondence	$com/google/common/base/Equivalence$1
com/google/common/base/Equivalence.class	9	correspondence	$Lcom/google/common/base/Equivalence;
com/google/common/base/Equivalence.class	11	correspondence	)Lcom/google/common/base/Equivalence<TT;>;
com/google/common/base/Equivalence.class	31	correspondence	G(Lcom/google/common/base/Function;)Lcom/google/common/base/Equivalence;
com/google/common/base/Equivalence.class	35	correspondence	l<F:Ljava/lang/Object;>(Lcom/google/common/base/Function<-TF;+TT;>;)Lcom/google/common/base/Equivalence<TF;>;
com/google/common/base/Equivalence.class	38	correspondence	@(Ljava/lang/Object;)Lcom/google/common/base/Equivalence$Wrapper;
com/google/common/base/Equivalence.class	40	correspondence	=<S:TT;>(TS;)Lcom/google/common/base/Equivalence$Wrapper<TS;>;
com/google/common/base/Equivalence.class	43	correspondence	&()Lcom/google/common/base/Equivalence;
com/google/common/base/Equivalence.class	44	correspondence	H<S:TT;>()Lcom/google/common/base/Equivalence<Ljava/lang/Iterable<TS;>;>;
com/google/common/base/Equivalence.class	52	correspondence	:()Lcom/google/common/base/Equivalence<Ljava/lang/Object;>;
com/google/common/base/Equivalence.class	56	correspondence	Equivalence.java
com/google/common/base/Equivalence.class	59	correspondence	*com/google/common/base/Equivalence$Wrapper
com/google/common/base/Equivalence.class	61	correspondence	8com/google/common/base/Equivalence$EquivalentToPredicate
com/google/common/base/Equivalence.class	62	correspondence	"""com/google/common/base/Equivalence"
com/google/common/base/Equivalence.class	65	correspondence	$com/google/common/base/Equivalence$1
com/google/common/base/Equivalence.class	66	correspondence	+com/google/common/base/Equivalence$Identity
com/google/common/base/Equivalence.class	67	correspondence	)com/google/common/base/Equivalence$Equals
com/google/common/base/Equivalence.class	68	correspondence	H(Lcom/google/common/base/Function;Lcom/google/common/base/Equivalence;)V
com/google/common/base/Equivalence.class	69	correspondence	_(Lcom/google/common/base/Equivalence;Ljava/lang/Object;Lcom/google/common/base/Equivalence$1;)V
com/google/common/base/Equivalence.class	70	correspondence	'(Lcom/google/common/base/Equivalence;)V
com/google/common/base/Equivalence.class	71	correspondence	9(Lcom/google/common/base/Equivalence;Ljava/lang/Object;)V
com/google/common/base/Equivalence.class	73	correspondence	+Lcom/google/common/base/Equivalence$Equals;
com/google/common/base/Equivalence.class	74	correspondence	-Lcom/google/common/base/Equivalence$Identity;
com/google/common/base/FunctionalEquivalence.class	10	correspondence	$Lcom/google/common/base/Equivalence;
com/google/common/base/FunctionalEquivalence.class	11	correspondence	)Lcom/google/common/base/Equivalence<TT;>;
com/google/common/base/FunctionalEquivalence.class	13	correspondence	H(Lcom/google/common/base/Function;Lcom/google/common/base/Equivalence;)V
com/google/common/base/FunctionalEquivalence.class	20	correspondence	W(Lcom/google/common/base/Function<-TF;+TT;>;Lcom/google/common/base/Equivalence<TT;>;)V
com/google/common/base/FunctionalEquivalence.class	37	correspondence	i<F:Ljava/lang/Object;T:Ljava/lang/Object;>Lcom/google/common/base/Equivalence<TF;>;Ljava/io/Serializable;
com/google/common/base/FunctionalEquivalence.class	45	correspondence	"""com/google/common/base/Equivalence"
com/google/common/base/PairwiseEquivalence.class	2	correspondence	$Lcom/google/common/base/Equivalence;
com/google/common/base/PairwiseEquivalence.class	4	correspondence	)Lcom/google/common/base/Equivalence<TE;>;
com/google/common/base/PairwiseEquivalence.class	8	correspondence	'(Lcom/google/common/base/Equivalence;)V
com/google/common/base/PairwiseEquivalence.class	15	correspondence	,(Lcom/google/common/base/Equivalence<TE;>;)V
com/google/common/base/PairwiseEquivalence.class	45	correspondence	p<E:Ljava/lang/Object;T:TE;>Lcom/google/common/base/Equivalence<Ljava/lang/Iterable<TT;>;>;Ljava/io/Serializable;
com/google/common/base/PairwiseEquivalence.class	55	correspondence	"""com/google/common/base/Equivalence"
com/google/common/base/Platform.class	69	trace-or-step	Later in 2020, we will remove GWT-RPC support for Guava types. You are seeing this warning because you are sending a Guava type over GWT-RPC, which will break. You can identify which type by looking at the class name in the attached stack trace.
com/google/common/cache/CacheBuilder.class	41	correspondence	$Lcom/google/common/base/Equivalence;
com/google/common/cache/CacheBuilder.class	42	correspondence	8Lcom/google/common/base/Equivalence<Ljava/lang/Object;>;
com/google/common/cache/CacheBuilder.class	70	correspondence	L(Lcom/google/common/base/Equivalence;)Lcom/google/common/cache/CacheBuilder;
com/google/common/cache/CacheBuilder.class	71	correspondence	equivalence
com/google/common/cache/CacheBuilder.class	73	correspondence	h(Lcom/google/common/base/Equivalence<Ljava/lang/Object;>;)Lcom/google/common/cache/CacheBuilder<TK;TV;>;
com/google/common/cache/CacheBuilder.class	75	correspondence	&()Lcom/google/common/base/Equivalence;
com/google/common/cache/CacheBuilder.class	76	correspondence	:()Lcom/google/common/base/Equivalence<Ljava/lang/Object;>;
com/google/common/cache/CacheBuilder.class	161	correspondence	%key equivalence was already set to %s
com/google/common/cache/CacheBuilder.class	162	correspondence	"""com/google/common/base/Equivalence"
com/google/common/cache/CacheBuilder.class	163	correspondence	'value equivalence was already set to %s
com/google/common/cache/LocalCache$EntrySet.class	55	correspondence	$Lcom/google/common/base/Equivalence;
com/google/common/cache/LocalCache$EntrySet.class	57	correspondence	"""com/google/common/base/Equivalence"
com/google/common/cache/LocalCache$ManualSerializationProxy.class	9	correspondence	$Lcom/google/common/base/Equivalence;
com/google/common/cache/LocalCache$ManualSerializationProxy.class	11	correspondence	8Lcom/google/common/base/Equivalence<Ljava/lang/Object;>;
com/google/common/cache/LocalCache$ManualSerializationProxy.class	46	correspondence	7(Lcom/google/common/cache/LocalCache$Strength;Lcom/google/common/cache/LocalCache$Strength;Lcom/google/common/base/Equivalence;Lcom/google/common/base/Equivalence;JJJLcom/google/common/cache/Weigher;ILcom/google/common/cache/RemovalListener;Lcom/google/common/base/Ticker;Lcom/google/common/cache/CacheLoader;)V
com/google/common/cache/LocalCache$ManualSerializationProxy.class	48	correspondence	z(Lcom/google/common/cache/LocalCache$Strength;Lcom/google/common/cache/LocalCache$Strength;Lcom/google/common/base/Equivalence<Ljava/lang/Object;>;Lcom/google/common/base/Equivalence<Ljava/lang/Object;>;JJJLcom/google/common/cache/Weigher<TK;TV;>;ILcom/google/common/cache/RemovalListener<-TK;-TV;>;Lcom/google/common/base/Ticker;Lcom/google/common/cache/CacheLoader<-TK;TV;>;)V
com/google/common/cache/LocalCache$ManualSerializationProxy.class	73	correspondence	"""com/google/common/base/Equivalence"
com/google/common/cache/LocalCache$ManualSerializationProxy.class	89	correspondence	L(Lcom/google/common/base/Equivalence;)Lcom/google/common/cache/CacheBuilder;
com/google/common/cache/LocalCache$Segment.class	337	correspondence	$Lcom/google/common/base/Equivalence;
com/google/common/cache/LocalCache$Segment.class	338	correspondence	"""com/google/common/base/Equivalence"
com/google/common/cache/LocalCache$Strength$1.class	29	correspondence	&()Lcom/google/common/base/Equivalence;
com/google/common/cache/LocalCache$Strength$1.class	30	correspondence	:()Lcom/google/common/base/Equivalence<Ljava/lang/Object;>;
com/google/common/cache/LocalCache$Strength$1.class	46	correspondence	"""com/google/common/base/Equivalence"
com/google/common/cache/LocalCache$Strength$2.class	29	correspondence	&()Lcom/google/common/base/Equivalence;
com/google/common/cache/LocalCache$Strength$2.class	30	correspondence	:()Lcom/google/common/base/Equivalence<Ljava/lang/Object;>;
com/google/common/cache/LocalCache$Strength$2.class	48	correspondence	"""com/google/common/base/Equivalence"
com/google/common/cache/LocalCache$Strength$3.class	29	correspondence	&()Lcom/google/common/base/Equivalence;
com/google/common/cache/LocalCache$Strength$3.class	30	correspondence	:()Lcom/google/common/base/Equivalence<Ljava/lang/Object;>;
com/google/common/cache/LocalCache$Strength$3.class	48	correspondence	"""com/google/common/base/Equivalence"
com/google/common/cache/LocalCache$Strength.class	30	correspondence	&()Lcom/google/common/base/Equivalence;
com/google/common/cache/LocalCache$Strength.class	31	correspondence	:()Lcom/google/common/base/Equivalence<Ljava/lang/Object;>;
com/google/common/cache/LocalCache.class	55	correspondence	$Lcom/google/common/base/Equivalence;
com/google/common/cache/LocalCache.class	56	correspondence	8Lcom/google/common/base/Equivalence<Ljava/lang/Object;>;
com/google/common/cache/LocalCache.class	426	correspondence	&()Lcom/google/common/base/Equivalence;
com/google/common/cache/LocalCache.class	462	correspondence	"""com/google/common/base/Equivalence"
com/google/common/collect/Interners$InternerImpl.class	43	correspondence	"""com/google/common/base/Equivalence"
com/google/common/collect/Interners$InternerImpl.class	45	correspondence	&()Lcom/google/common/base/Equivalence;
com/google/common/collect/Interners$InternerImpl.class	48	correspondence	J(Lcom/google/common/base/Equivalence;)Lcom/google/common/collect/MapMaker;
com/google/common/collect/MapMaker.class	17	correspondence	$Lcom/google/common/base/Equivalence;
com/google/common/collect/MapMaker.class	19	correspondence	8Lcom/google/common/base/Equivalence<Ljava/lang/Object;>;
com/google/common/collect/MapMaker.class	24	correspondence	J(Lcom/google/common/base/Equivalence;)Lcom/google/common/collect/MapMaker;
com/google/common/collect/MapMaker.class	25	correspondence	equivalence
com/google/common/collect/MapMaker.class	29	correspondence	^(Lcom/google/common/base/Equivalence<Ljava/lang/Object;>;)Lcom/google/common/collect/MapMaker;
com/google/common/collect/MapMaker.class	34	correspondence	&()Lcom/google/common/base/Equivalence;
com/google/common/collect/MapMaker.class	35	correspondence	:()Lcom/google/common/base/Equivalence<Ljava/lang/Object;>;
com/google/common/collect/MapMaker.class	63	correspondence	%key equivalence was already set to %s
com/google/common/collect/MapMaker.class	64	correspondence	"""com/google/common/base/Equivalence"
com/google/common/collect/MapMakerInternalMap$AbstractSerializationProxy.class	9	correspondence	$Lcom/google/common/base/Equivalence;
com/google/common/collect/MapMakerInternalMap$AbstractSerializationProxy.class	11	correspondence	8Lcom/google/common/base/Equivalence<Ljava/lang/Object;>;
com/google/common/collect/MapMakerInternalMap$AbstractSerializationProxy.class	18	correspondence	(Lcom/google/common/collect/MapMakerInternalMap$Strength;Lcom/google/common/collect/MapMakerInternalMap$Strength;Lcom/google/common/base/Equivalence;Lcom/google/common/base/Equivalence;ILjava/util/concurrent/ConcurrentMap;)V
com/google/common/collect/MapMakerInternalMap$AbstractSerializationProxy.class	26	correspondence	(Lcom/google/common/collect/MapMakerInternalMap$Strength;Lcom/google/common/collect/MapMakerInternalMap$Strength;Lcom/google/common/base/Equivalence<Ljava/lang/Object;>;Lcom/google/common/base/Equivalence<Ljava/lang/Object;>;ILjava/util/concurrent/ConcurrentMap<TK;TV;>;)V
com/google/common/collect/MapMakerInternalMap$AbstractSerializationProxy.class	83	correspondence	J(Lcom/google/common/base/Equivalence;)Lcom/google/common/collect/MapMaker;
com/google/common/collect/MapMakerInternalMap$EntrySet.class	44	correspondence	&()Lcom/google/common/base/Equivalence;
com/google/common/collect/MapMakerInternalMap$EntrySet.class	46	correspondence	"""com/google/common/base/Equivalence"
com/google/common/collect/MapMakerInternalMap$Segment.class	212	correspondence	$Lcom/google/common/base/Equivalence;
com/google/common/collect/MapMakerInternalMap$Segment.class	213	correspondence	"""com/google/common/base/Equivalence"
com/google/common/collect/MapMakerInternalMap$Segment.class	220	correspondence	&()Lcom/google/common/base/Equivalence;
com/google/common/collect/MapMakerInternalMap$SerializationProxy.class	6	correspondence	(Lcom/google/common/collect/MapMakerInternalMap$Strength;Lcom/google/common/collect/MapMakerInternalMap$Strength;Lcom/google/common/base/Equivalence;Lcom/google/common/base/Equivalence;ILjava/util/concurrent/ConcurrentMap;)V
com/google/common/collect/MapMakerInternalMap$SerializationProxy.class	15	correspondence	$Lcom/google/common/base/Equivalence;
com/google/common/collect/MapMakerInternalMap$SerializationProxy.class	22	correspondence	8Lcom/google/common/base/Equivalence<Ljava/lang/Object;>;
com/google/common/collect/MapMakerInternalMap$SerializationProxy.class	26	correspondence	(Lcom/google/common/collect/MapMakerInternalMap$Strength;Lcom/google/common/collect/MapMakerInternalMap$Strength;Lcom/google/common/base/Equivalence<Ljava/lang/Object;>;Lcom/google/common/base/Equivalence<Ljava/lang/Object;>;ILjava/util/concurrent/ConcurrentMap<TK;TV;>;)V
com/google/common/collect/MapMakerInternalMap$Strength$1.class	12	correspondence	&()Lcom/google/common/base/Equivalence;
com/google/common/collect/MapMakerInternalMap$Strength$1.class	14	correspondence	:()Lcom/google/common/base/Equivalence<Ljava/lang/Object;>;
com/google/common/collect/MapMakerInternalMap$Strength$1.class	21	correspondence	"""com/google/common/base/Equivalence"
com/google/common/collect/MapMakerInternalMap$Strength$2.class	12	correspondence	&()Lcom/google/common/base/Equivalence;
com/google/common/collect/MapMakerInternalMap$Strength$2.class	14	correspondence	:()Lcom/google/common/base/Equivalence<Ljava/lang/Object;>;
com/google/common/collect/MapMakerInternalMap$Strength$2.class	21	correspondence	"""com/google/common/base/Equivalence"
com/google/common/collect/MapMakerInternalMap$Strength.class	21	correspondence	&()Lcom/google/common/base/Equivalence;
com/google/common/collect/MapMakerInternalMap$Strength.class	22	correspondence	:()Lcom/google/common/base/Equivalence<Ljava/lang/Object;>;
com/google/common/collect/MapMakerInternalMap.class	51	correspondence	$Lcom/google/common/base/Equivalence;
com/google/common/collect/MapMakerInternalMap.class	52	correspondence	8Lcom/google/common/base/Equivalence<Ljava/lang/Object;>;
com/google/common/collect/MapMakerInternalMap.class	135	correspondence	&()Lcom/google/common/base/Equivalence;
com/google/common/collect/MapMakerInternalMap.class	136	correspondence	:()Lcom/google/common/base/Equivalence<Ljava/lang/Object;>;
com/google/common/collect/MapMakerInternalMap.class	279	correspondence	"""com/google/common/base/Equivalence"
com/google/common/collect/MapMakerInternalMap.class	313	correspondence	(Lcom/google/common/collect/MapMakerInternalMap$Strength;Lcom/google/common/collect/MapMakerInternalMap$Strength;Lcom/google/common/base/Equivalence;Lcom/google/common/base/Equivalence;ILjava/util/concurrent/ConcurrentMap;)V
com/google/common/collect/Maps.class	144	correspondence	m(Ljava/util/Map;Ljava/util/Map;Lcom/google/common/base/Equivalence;)Lcom/google/common/collect/MapDifference;
com/google/common/collect/Maps.class	146	correspondence	$Lcom/google/common/base/Equivalence;
com/google/common/collect/Maps.class	151	correspondence	*Lcom/google/common/base/Equivalence<-TV;>;
com/google/common/collect/Maps.class	155	correspondence	<K:Ljava/lang/Object;V:Ljava/lang/Object;>(Ljava/util/Map<+TK;+TV;>;Ljava/util/Map<+TK;+TV;>;Lcom/google/common/base/Equivalence<-TV;>;)Lcom/google/common/collect/MapDifference<TK;TV;>;
com/google/common/collect/Maps.class	163	correspondence	(Ljava/util/Map;Ljava/util/Map;Lcom/google/common/base/Equivalence;Ljava/util/Map;Ljava/util/Map;Ljava/util/Map;Ljava/util/Map;)V
com/google/common/collect/Maps.class	168	correspondence	<K:Ljava/lang/Object;V:Ljava/lang/Object;>(Ljava/util/Map<+TK;+TV;>;Ljava/util/Map<+TK;+TV;>;Lcom/google/common/base/Equivalence<-TV;>;Ljava/util/Map<TK;TV;>;Ljava/util/Map<TK;TV;>;Ljava/util/Map<TK;TV;>;Ljava/util/Map<TK;Lcom/google/common/collect/MapDifference$ValueDifference<TV;>;>;)V
com/google/common/collect/Maps.class	499	correspondence	"""com/google/common/base/Equivalence"
com/google/common/collect/Maps.class	540	correspondence	&()Lcom/google/common/base/Equivalence;
com/google/common/collect/Platform.class	71	trace-or-step	Later in 2020, we will remove GWT-RPC support for Guava types. You are seeing this warning because you are sending a Guava type over GWT-RPC, which will break. You can identify which type by looking at the class name in the attached stack trace.
com/google/common/eventbus/Dispatcher$ImmediateDispatcher.class	8	trace-or-step	dispatch
com/google/common/eventbus/Dispatcher$LegacyAsyncDispatcher.class	12	trace-or-step	dispatch
com/google/common/eventbus/Dispatcher$PerThreadQueuedDispatcher.class	14	trace-or-step	dispatch
com/google/common/eventbus/Dispatcher.class	13	trace-or-step	dispatch
com/google/common/eventbus/EventBus.class	83	trace-or-step	dispatch
com/google/common/primitives/Platform.class	26	trace-or-step	Later in 2020, we will remove GWT-RPC support for Guava types. You are seeing this warning because you are sending a Guava type over GWT-RPC, which will break. You can identify which type by looking at the class name in the attached stack trace.
com/google/common/util/concurrent/AbstractScheduledService$CustomScheduler$ReschedulableCallable.class	33	scheduler	schedule
com/google/common/util/concurrent/AbstractScheduledService$CustomScheduler$ReschedulableCallable.class	34	scheduler	Schedule
com/google/common/util/concurrent/AbstractScheduledService$CustomScheduler$ReschedulableCallable.class	35	scheduler	ULcom/google/common/util/concurrent/AbstractScheduledService$CustomScheduler$Schedule;
com/google/common/util/concurrent/AbstractScheduledService$CustomScheduler$ReschedulableCallable.class	43	scheduler	(Lcom/google/common/util/concurrent/AbstractScheduledService$CustomScheduler$Schedule;)Lcom/google/common/util/concurrent/AbstractScheduledService$Cancellable;
com/google/common/util/concurrent/AbstractScheduledService$CustomScheduler$ReschedulableCallable.class	45	scheduler	}(Lcom/google/common/util/concurrent/AbstractScheduledService$CustomScheduler$Schedule;)Ljava/util/concurrent/ScheduledFuture;
com/google/common/util/concurrent/AbstractScheduledService$CustomScheduler$ReschedulableCallable.class	47	scheduler	(Lcom/google/common/util/concurrent/AbstractScheduledService$CustomScheduler$Schedule;)Ljava/util/concurrent/ScheduledFuture<Ljava/lang/Void;>;
com/google/common/util/concurrent/AbstractScheduledService$CustomScheduler$ReschedulableCallable.class	67	scheduler	Scom/google/common/util/concurrent/AbstractScheduledService$CustomScheduler$Schedule
com/google/common/util/concurrent/AbstractScheduledService$CustomScheduler$ReschedulableCallable.class	70	scheduler	W()Lcom/google/common/util/concurrent/AbstractScheduledService$CustomScheduler$Schedule;
com/google/common/util/concurrent/AbstractScheduledService$CustomScheduler$ReschedulableCallable.class	90	scheduler	X(Lcom/google/common/util/concurrent/AbstractScheduledService$CustomScheduler$Schedule;)J
com/google/common/util/concurrent/AbstractScheduledService$CustomScheduler$ReschedulableCallable.class	92	scheduler	v(Lcom/google/common/util/concurrent/AbstractScheduledService$CustomScheduler$Schedule;)Ljava/util/concurrent/TimeUnit;
com/google/common/util/concurrent/AbstractScheduledService$CustomScheduler$Schedule.class	9	scheduler	Schedule
com/google/common/util/concurrent/AbstractScheduledService$CustomScheduler$Schedule.class	10	scheduler	ULcom/google/common/util/concurrent/AbstractScheduledService$CustomScheduler$Schedule;
com/google/common/util/concurrent/AbstractScheduledService$CustomScheduler$Schedule.class	15	scheduler	X(Lcom/google/common/util/concurrent/AbstractScheduledService$CustomScheduler$Schedule;)J
com/google/common/util/concurrent/AbstractScheduledService$CustomScheduler$Schedule.class	17	scheduler	v(Lcom/google/common/util/concurrent/AbstractScheduledService$CustomScheduler$Schedule;)Ljava/util/concurrent/TimeUnit;
com/google/common/util/concurrent/AbstractScheduledService$CustomScheduler$Schedule.class	21	scheduler	Scom/google/common/util/concurrent/AbstractScheduledService$CustomScheduler$Schedule
com/google/common/util/concurrent/AbstractScheduledService$CustomScheduler.class	3	scheduler	Schedule
com/google/common/util/concurrent/AbstractScheduledService$CustomScheduler.class	10	scheduler	schedule
com/google/common/util/concurrent/AbstractScheduledService$CustomScheduler.class	21	scheduler	W()Lcom/google/common/util/concurrent/AbstractScheduledService$CustomScheduler$Schedule;
com/google/common/util/concurrent/AbstractScheduledService$CustomScheduler.class	27	scheduler	Dcom/google/common/util/concurrent/AbstractScheduledService$Scheduler
com/google/common/util/concurrent/AbstractScheduledService$CustomScheduler.class	28	scheduler	Scheduler
com/google/common/util/concurrent/AbstractScheduledService$CustomScheduler.class	29	scheduler	Scom/google/common/util/concurrent/AbstractScheduledService$CustomScheduler$Schedule
com/google/common/util/concurrent/AbstractScheduledService$Scheduler$1.class	9	scheduler	Scheduler
com/google/common/util/concurrent/AbstractScheduledService$Scheduler$1.class	11	scheduler	HLcom/google/common/util/concurrent/AbstractScheduledService$Scheduler$1;
com/google/common/util/concurrent/AbstractScheduledService$Scheduler$1.class	13	scheduler	schedule
com/google/common/util/concurrent/AbstractScheduledService$Scheduler$1.class	26	scheduler	Fcom/google/common/util/concurrent/AbstractScheduledService$Scheduler$1
com/google/common/util/concurrent/AbstractScheduledService$Scheduler$1.class	27	scheduler	Dcom/google/common/util/concurrent/AbstractScheduledService$Scheduler
com/google/common/util/concurrent/AbstractScheduledService$Scheduler$1.class	30	scheduler	i(JJLjava/util/concurrent/TimeUnit;)Lcom/google/common/util/concurrent/AbstractScheduledService$Scheduler;
com/google/common/util/concurrent/AbstractScheduledService$Scheduler$2.class	9	scheduler	Scheduler
com/google/common/util/concurrent/AbstractScheduledService$Scheduler$2.class	11	scheduler	HLcom/google/common/util/concurrent/AbstractScheduledService$Scheduler$2;
com/google/common/util/concurrent/AbstractScheduledService$Scheduler$2.class	13	scheduler	schedule
com/google/common/util/concurrent/AbstractScheduledService$Scheduler$2.class	26	scheduler	Fcom/google/common/util/concurrent/AbstractScheduledService$Scheduler$2
com/google/common/util/concurrent/AbstractScheduledService$Scheduler$2.class	27	scheduler	Dcom/google/common/util/concurrent/AbstractScheduledService$Scheduler
com/google/common/util/concurrent/AbstractScheduledService$Scheduler$2.class	30	scheduler	i(JJLjava/util/concurrent/TimeUnit;)Lcom/google/common/util/concurrent/AbstractScheduledService$Scheduler;
com/google/common/util/concurrent/AbstractScheduledService$Scheduler.class	1	scheduler	Scheduler
com/google/common/util/concurrent/AbstractScheduledService$Scheduler.class	4	scheduler	p(Ljava/time/Duration;Ljava/time/Duration;)Lcom/google/common/util/concurrent/AbstractScheduledService$Scheduler;
com/google/common/util/concurrent/AbstractScheduledService$Scheduler.class	11	scheduler	i(JJLjava/util/concurrent/TimeUnit;)Lcom/google/common/util/concurrent/AbstractScheduledService$Scheduler;
com/google/common/util/concurrent/AbstractScheduledService$Scheduler.class	16	scheduler	schedule
com/google/common/util/concurrent/AbstractScheduledService$Scheduler.class	23	scheduler	FLcom/google/common/util/concurrent/AbstractScheduledService$Scheduler;
com/google/common/util/concurrent/AbstractScheduledService$Scheduler.class	29	scheduler	Fcom/google/common/util/concurrent/AbstractScheduledService$Scheduler$1
com/google/common/util/concurrent/AbstractScheduledService$Scheduler.class	31	scheduler	Fcom/google/common/util/concurrent/AbstractScheduledService$Scheduler$2
com/google/common/util/concurrent/AbstractScheduledService$Scheduler.class	32	scheduler	Dcom/google/common/util/concurrent/AbstractScheduledService$Scheduler
com/google/common/util/concurrent/AbstractScheduledService$ServiceDelegate.class	77	scheduler	scheduler
com/google/common/util/concurrent/AbstractScheduledService$ServiceDelegate.class	78	scheduler	Scheduler
com/google/common/util/concurrent/AbstractScheduledService$ServiceDelegate.class	79	scheduler	H()Lcom/google/common/util/concurrent/AbstractScheduledService$Scheduler;
com/google/common/util/concurrent/AbstractScheduledService$ServiceDelegate.class	82	scheduler	Dcom/google/common/util/concurrent/AbstractScheduledService$Scheduler
com/google/common/util/concurrent/AbstractScheduledService$ServiceDelegate.class	83	scheduler	schedule
com/google/common/util/concurrent/AbstractScheduledService.class	6	scheduler	Scheduler
com/google/common/util/concurrent/AbstractScheduledService.class	20	scheduler	scheduler
com/google/common/util/concurrent/AbstractScheduledService.class	21	scheduler	H()Lcom/google/common/util/concurrent/AbstractScheduledService$Scheduler;
com/google/common/util/concurrent/AbstractScheduledService.class	74	scheduler	Dcom/google/common/util/concurrent/AbstractScheduledService$Scheduler
com/google/common/util/concurrent/AbstractService.class	181	trace-or-step	dispatch
com/google/common/util/concurrent/Futures.class	72	scheduler	scheduled
com/google/common/util/concurrent/Futures.class	253	scheduler	schedule
com/google/common/util/concurrent/ListenerCallQueue$PerListenerQueue.class	33	trace-or-step	dispatch
com/google/common/util/concurrent/ListenerCallQueue.class	41	trace-or-step	dispatch
com/google/common/util/concurrent/ListeningScheduledExecutorService.class	1	scheduler	schedule
com/google/common/util/concurrent/MoreExecutors$ScheduledListeningDecorator.class	13	scheduler	schedule
com/google/common/util/concurrent/MoreExecutors$ScheduledListeningDecorator.class	20	scheduler	scheduled
com/google/common/util/concurrent/ServiceManager$ServiceManagerState.class	252	trace-or-step	dispatch
com/google/common/util/concurrent/ThreadFactoryBuilder$1.class	9	priority	val$priority
com/google/common/util/concurrent/ThreadFactoryBuilder.class	8	priority	priority
com/google/common/util/concurrent/ThreadFactoryBuilder.class	52	priority	"""Thread priority (%s) must be >= %s"
com/google/common/util/concurrent/ThreadFactoryBuilder.class	53	priority	"""Thread priority (%s) must be <= %s"
com/google/common/util/concurrent/TimeoutFuture$Fire.class	36	scheduler	ms after scheduled time)
com/google/common/util/concurrent/TimeoutFuture.class	73	scheduler	schedule
com/google/common/util/concurrent/WrappingScheduledExecutorService.class	9	scheduler	schedule
org/checkerframework/dataflow/qual/Deterministic.class	1	determinism	0org/checkerframework/dataflow/qual/Deterministic
org/checkerframework/dataflow/qual/Deterministic.class	5	determinism	Deterministic.java
org/checkerframework/dataflow/qual/Pure$Kind.class	4	determinism	DETERMINISTIC
owl/cinterface/CAutomaton$DeterministicAutomatonWrapper.class	221	determinism	DETERMINISTIC
owl/cinterface/CAutomaton.class	41	determinism	KRead a (deterministic) automaton from a char* serialised in the HOA format.
owl/cinterface/CAutomaton.class	55	determinism	ZTranslate the given formula to deterministic parity automaton. For greater performance it
owl/game/algorithms/OinkGameSolver.class	276	priority	priority
owl/game/algorithms/AutoValue_OinkGameSolver_PriorityState.class	4	priority	priority
owl/game/algorithms/AutoValue_OinkGameSolver_PriorityState.class	36	priority	, priority=
owl/game/algorithms/OinkGameSolver$PriorityState.class	12	priority	priority
owl/automaton/Automaton$2.class	23	determinism	DETERMINISTIC
owl/automaton/ParityUtil.class	106	determinism	DETERMINISTIC
owl/automaton/BooleanOperations.class	235	determinism	DETERMINISTIC
owl/automaton/Automaton.class	162	trace-or-step	dispatch
owl/automaton/Automaton$PreferredEdgeAccess$2.class	8	trace-or-step	dispatch
owl/automaton/Automaton$Property.class	5	determinism	DETERMINISTIC
owl/automaton/Automaton$PreferredEdgeAccess.class	23	trace-or-step	dispatch
owl/automaton/BooleanOperations$MapDeterministicUnionAutomaton.class	66	determinism	%Given automaton is not deterministic.
owl/automaton/Automaton$PreferredEdgeAccess$3.class	8	trace-or-step	dispatch
owl/automaton/algorithm/LanguageContainment.class	29	determinism	*Second argument needs to be deterministic.
owl/automaton/algorithm/LanguageContainment.class	36	determinism	DETERMINISTIC
owl/automaton/algorithm/simulations/ForwardDirectLookaheadSimulation.class	36	trace-or-step	XLjava/util/Set<Ljava/util/List<Lowl/automaton/algorithm/simulations/Transition<TS;>;>;>;
owl/automaton/algorithm/simulations/ForwardDirectLookaheadSimulation.class	104	trace-or-step	.owl/automaton/algorithm/simulations/Transition
owl/automaton/algorithm/simulations/SimulationStates$LookaheadSimulationState.class	14	trace-or-step	I()Ljava/util/List<Lowl/automaton/algorithm/simulations/Transition<TS;>;>;
owl/automaton/algorithm/simulations/SimulationStates$LookaheadSimulationState.class	20	trace-or-step	GLjava/util/List<Lowl/automaton/algorithm/simulations/Transition<TS;>;>;
owl/automaton/algorithm/simulations/SimulationStates$LookaheadSimulationState.class	21	trace-or-step	<S:Ljava/lang/Object;>(TS;TS;Ljava/util/List<Lowl/automaton/algorithm/simulations/Transition<TS;>;>;)Lowl/automaton/algorithm/simulations/SimulationStates$LookaheadSimulationState<TS;>;
owl/automaton/algorithm/simulations/SimulationStates$LookaheadSimulationState.class	27	trace-or-step	0Lowl/automaton/algorithm/simulations/Transition;
owl/automaton/algorithm/simulations/SimulationStates$LookaheadSimulationState.class	30	trace-or-step	5Lowl/automaton/algorithm/simulations/Transition<TS;>;
owl/automaton/algorithm/simulations/SimulationStates$LookaheadSimulationState.class	42	trace-or-step	.owl/automaton/algorithm/simulations/Transition
owl/automaton/algorithm/simulations/SimulationStates$LookaheadSimulationState.class	70	trace-or-step	3(Lowl/automaton/algorithm/simulations/Transition;)Z
owl/automaton/algorithm/simulations/AutoValue_SimulationStates_LookaheadSimulationState.class	9	trace-or-step	GLjava/util/List<Lowl/automaton/algorithm/simulations/Transition<TS;>;>;
owl/automaton/algorithm/simulations/AutoValue_SimulationStates_LookaheadSimulationState.class	18	trace-or-step	e(Lowl/game/Game$Owner;TS;TS;Ljava/util/List<Lowl/automaton/algorithm/simulations/Transition<TS;>;>;)V
owl/automaton/algorithm/simulations/AutoValue_SimulationStates_LookaheadSimulationState.class	23	trace-or-step	I()Ljava/util/List<Lowl/automaton/algorithm/simulations/Transition<TS;>;>;
owl/automaton/algorithm/simulations/BuchiSimulation.class	174	correspondence	Starting simulation computation
owl/automaton/algorithm/simulations/BuchiSimulation.class	185	correspondence	6Computing direct simulation based on color refinement.
owl/automaton/algorithm/simulations/BuchiSimulation.class	187	correspondence	+Cannot use fair simulation as it is not GFQ
owl/automaton/algorithm/simulations/BuchiSimulation.class	188	correspondence	5No simulation algorithm chosen, using null simulation
owl/automaton/algorithm/simulations/BuchiSimulation.class	258	correspondence	Direct simulation pairs:
owl/automaton/algorithm/simulations/BuchiSimulation.class	260	correspondence	Delayed simulation pairs:
owl/automaton/algorithm/simulations/BuchiSimulation.class	261	correspondence	Fair simulation paris:
owl/automaton/algorithm/simulations/BuchiSimulation.class	275	correspondence	*Starting direct simulation with
owl/automaton/algorithm/simulations/BuchiSimulation.class	278	correspondence	+Starting delayed simulation with
owl/automaton/algorithm/simulations/BuchiSimulation.class	282	correspondence	,Starting backward simulation with
owl/automaton/algorithm/simulations/BuchiSimulation.class	285	correspondence	+Starting direct simulation with lookahead
owl/automaton/algorithm/simulations/BuchiSimulation.class	328	correspondence	simulation pairs
owl/automaton/algorithm/simulations/BuchiSimulation.class	345	correspondence	simulation games.
owl/automaton/algorithm/simulations/AutoValue_Transition.class	18	trace-or-step	0Lowl/automaton/algorithm/simulations/Transition;
owl/automaton/algorithm/simulations/AutoValue_Transition.class	19	trace-or-step	3Lowl/automaton/algorithm/simulations/Transition<*>;
owl/automaton/algorithm/simulations/AutoValue_Transition.class	21	trace-or-step	K<S:Ljava/lang/Object;>Lowl/automaton/algorithm/simulations/Transition<TS;>;
owl/automaton/algorithm/simulations/AutoValue_Transition.class	26	trace-or-step	.owl/automaton/algorithm/simulations/Transition
owl/automaton/algorithm/simulations/BuchiSimulationArguments.class	46	correspondence	"""Compute direct simulation relation"
owl/automaton/algorithm/simulations/BuchiSimulationArguments.class	49	correspondence	@Compute direct simulation relation using color refinement (fast)
owl/automaton/algorithm/simulations/BuchiSimulationArguments.class	51	correspondence	#Compute delayed simulation relation
owl/automaton/algorithm/simulations/BuchiSimulationArguments.class	52	correspondence	Compute fair simulation relation
owl/automaton/algorithm/simulations/BuchiSimulationArguments.class	54	correspondence	%Compute backwards simulation relation
owl/automaton/algorithm/simulations/BuchiSimulationArguments.class	56	correspondence	(Compute direct simulation with lookahead
owl/automaton/algorithm/simulations/Transition.class	4	trace-or-step	0Lowl/automaton/algorithm/simulations/Transition;
owl/automaton/algorithm/simulations/Transition.class	6	trace-or-step	5Lowl/automaton/algorithm/simulations/Transition<TS;>;
owl/automaton/algorithm/simulations/Transition.class	12	trace-or-step	F(ILjava/lang/Object;Z)Lowl/automaton/algorithm/simulations/Transition;
owl/automaton/algorithm/simulations/Transition.class	14	trace-or-step	R<S:Ljava/lang/Object;>(ITS;Z)Lowl/automaton/algorithm/simulations/Transition<TS;>;
owl/automaton/algorithm/simulations/Transition.class	15	trace-or-step	W(Ljava/util/BitSet;Ljava/lang/Object;Z)Lowl/automaton/algorithm/simulations/Transition;
owl/automaton/algorithm/simulations/Transition.class	17	trace-or-step	c<S:Ljava/lang/Object;>(Ljava/util/BitSet;TS;Z)Lowl/automaton/algorithm/simulations/Transition<TS;>;
owl/automaton/algorithm/simulations/Transition.class	19	trace-or-step	B(Lowl/automaton/algorithm/simulations/Transition;)Ljava/util/List;
owl/automaton/algorithm/simulations/Transition.class	20	trace-or-step	~(Lowl/automaton/algorithm/simulations/Transition<TS;>;)Ljava/util/List<Lowl/automaton/algorithm/simulations/Transition<TS;>;>;
owl/automaton/algorithm/simulations/Transition.class	23	trace-or-step	GLjava/util/List<Lowl/automaton/algorithm/simulations/Transition<TS;>;>;
owl/automaton/algorithm/simulations/Transition.class	24	trace-or-step	(Ljava/util/List<Lowl/automaton/algorithm/simulations/Transition<TS;>;>;)Ljava/util/List<Lowl/automaton/algorithm/simulations/Transition<TS;>;>;
owl/automaton/algorithm/simulations/Transition.class	27	trace-or-step	<S:Ljava/lang/Object;>(Ljava/util/List<Lowl/automaton/algorithm/simulations/Transition<TS;>;>;Ljava/util/List<Lowl/automaton/algorithm/simulations/Transition<TS;>;>;)Ljava/util/List<Lowl/automaton/algorithm/simulations/Transition<TS;>;>;
owl/automaton/algorithm/simulations/Transition.class	33	trace-or-step	<S:Ljava/lang/Object;>(TS;Lowl/automaton/Automaton<TS;Lowl/automaton/acceptance/BuchiAcceptance;>;Ljava/util/BitSet;)Ljava/util/Set<Lowl/automaton/algorithm/simulations/Transition<TS;>;>;
owl/automaton/algorithm/simulations/Transition.class	36	trace-or-step	JLjava/util/HashSet<Lowl/automaton/algorithm/simulations/Transition<TS;>;>;
owl/automaton/algorithm/simulations/Transition.class	37	trace-or-step	<S:Ljava/lang/Object;>(TS;Lowl/automaton/Automaton<TS;Lowl/automaton/acceptance/BuchiAcceptance;>;)Ljava/util/Set<Lowl/automaton/algorithm/simulations/Transition<TS;>;>;
owl/automaton/algorithm/simulations/Transition.class	41	trace-or-step	\Ljava/util/HashSet<Ljava/util/List<Lowl/automaton/algorithm/simulations/Transition<TS;>;>;>;
owl/automaton/algorithm/simulations/Transition.class	42	trace-or-step	XLjava/util/Set<Ljava/util/List<Lowl/automaton/algorithm/simulations/Transition<TS;>;>;>;
owl/automaton/algorithm/simulations/Transition.class	44	trace-or-step	<S:Ljava/lang/Object;>(TS;Lowl/automaton/Automaton<TS;Lowl/automaton/acceptance/BuchiAcceptance;>;I)Ljava/util/Set<Ljava/util/List<Lowl/automaton/algorithm/simulations/Transition<TS;>;>;>;
owl/automaton/algorithm/simulations/Transition.class	49	trace-or-step	<S:Ljava/lang/Object;>(Ljava/util/List<Lowl/automaton/algorithm/simulations/Transition<TS;>;>;Ljava/util/List<Lowl/automaton/algorithm/simulations/Transition<TS;>;>;)Z
owl/automaton/algorithm/simulations/Transition.class	53	trace-or-step	<S:Ljava/lang/Object;>(TS;Lowl/automaton/Automaton<TS;Lowl/automaton/acceptance/BuchiAcceptance;>;Ljava/util/List<Lowl/automaton/algorithm/simulations/Transition<TS;>;>;)Ljava/util/Set<Ljava/util/List<Lowl/automaton/algorithm/simulations/Transition<TS;>;>;>;
owl/automaton/algorithm/simulations/Transition.class	55	trace-or-step	b<S:Ljava/lang/Object;>(Ljava/util/List<Lowl/automaton/algorithm/simulations/Transition<TS;>;>;)TS;
owl/automaton/algorithm/simulations/Transition.class	57	trace-or-step	c<S:Ljava/lang/Object;>(Ljava/util/List<Lowl/automaton/algorithm/simulations/Transition<TS;>;>;I)TS;
owl/automaton/algorithm/simulations/Transition.class	71	trace-or-step	u(Lowl/automaton/algorithm/simulations/Transition;Lowl/automaton/algorithm/simulations/Transition;)Ljava/lang/Boolean;
owl/automaton/algorithm/simulations/Transition.class	75	trace-or-step	V(Ljava/util/HashSet;Ljava/util/List;Lowl/automaton/algorithm/simulations/Transition;)V
owl/automaton/algorithm/simulations/Transition.class	83	trace-or-step	v(Ljava/util/BitSet;Lowl/automaton/Automaton;Lowl/automaton/edge/Edge;)Lowl/automaton/algorithm/simulations/Transition;
owl/automaton/algorithm/simulations/Transition.class	86	trace-or-step	Transition.java
owl/automaton/algorithm/simulations/Transition.class	93	trace-or-step	.owl/automaton/algorithm/simulations/Transition
owl/automaton/algorithm/simulations/Transition.class	116	trace-or-step	K(Lowl/automaton/edge/Edge;)Lowl/automaton/algorithm/simulations/Transition;
owl/automaton/algorithm/simulations/Transition.class	135	trace-or-step	[(Lowl/automaton/algorithm/simulations/Transition;)Lcom/google/common/collect/ImmutableList;
owl/automaton/algorithm/simulations/Transition.class	175	trace-or-step	3(Lowl/automaton/algorithm/simulations/Transition;)V
owl/automaton/Automaton$PreferredEdgeAccess$1.class	8	trace-or-step	dispatch
owl/automaton/acceptance/ParityAcceptance.class	40	priority	priority
owl/automaton/acceptance/degeneralization/RabinDegeneralization.class	110	determinism	FConverts deterministic generalized Rabin automata into Rabin automata.
owl/automaton/acceptance/ParityAcceptance$Parity.class	33	priority	priority
owl/automaton/minimization/GfgCoBuchiMinimization.class	110	determinism	<Minimize a deterministic coB
owl/automaton/minimization/GfgCoBuchiMinimization.class	121	determinism	DETERMINISTIC
owl/automaton/hoa/HoaReader$StoredConverter.class	207	priority	Unknown priority
owl/automaton/hoa/HoaWriter$Wrapper.class	68	determinism	deterministic
owl/automaton/hoa/HoaWriter.class	68	determinism	DETERMINISTIC
owl/automaton/Views.class	77	trace-or-step	MMake the transition relation of an automaton complete by adding a sink-state.
owl/factories/jbdd/ValuationFactory.class	178	correspondence	equivalence
owl/run/modules/OutputWriters$AutomatonStats.class	96	determinism	DETERMINISTIC
owl/run/modules/InputReaders.class	45	trace-or-step	`Parses automata given in HOA format, converting them to transition based acceptance if necessary
owl/run/modules/OutputWriters.class	47	trace-or-step	KOutput an automaton with state-acceptance instead of transition acceptance.
owl/run/modules/OutputWriters.class	53	determinism	%D, %d 1 if the automaton is deterministic, 0 otherwise
owl/translations/nba2ldba/NBA2LDBA.class	58	determinism	YConverts a non-deterministic B
owl/translations/nba2ldba/NBA2LDBA.class	59	determinism	chi automaton into a limit-deterministic B
owl/translations/canonical/DeterministicConstructions$Base.class	75	determinism	DETERMINISTIC
owl/translations/delag/DependencyTree$FallbackLeaf.class	94	determinism	DETERMINISTIC
owl/translations/delag/DelagBuilder.class	107	determinism	4Translates LTL to deterministic Emerson-Lei automata
owl/translations/rabinizer/MonitorBuilder.class	50	priority	priority
owl/translations/rabinizer/MonitorBuilder.class	65	priority	priorities
owl/translations/rabinizer/MonitorBuilder.class	129	trace-or-step	#Exploring monitor transition system
owl/translations/rabinizer/MonitorBuilder.class	135	determinism	&%s monitor for %s is not deterministic
owl/translations/rabinizer/MonitorBuilder.class	226	determinism	DETERMINISTIC
owl/translations/rabinizer/RabinizerBuilder$GSetRanking.class	25	priority	priority
owl/translations/rabinizer/RabinizerBuilder.class	289	trace-or-step	transition
owl/translations/rabinizer/RabinizerBuilder.class	310	priority	priority
owl/translations/nbadet/NbaDet.class	180	determinism	NConverts non-deterministic B
owl/translations/nbadet/NbaDet.class	181	determinism	chi automata into deterministic parity automata.
owl/translations/nbadet/SmartSucc.class	129	priority	ERROR: edge priority changed!
owl/translations/nbadet/NbaLangInclusions$NbaSimDirect.class	33	correspondence	)running direct simulation with
owl/translations/nbadet/NbaLangInclusions$NbaSimDelayed.class	33	correspondence	*running delayed simulation with
owl/translations/nbadet/NbaLangInclusions$NbaSimDirectRefinement.class	23	correspondence	4running direct simulation based on color refinement.
owl/translations/nbadet/NbaDetArgs.class	96	correspondence	IUse results of simulation calculation for preprocessing and optimization.
owl/translations/nbadet/NbaDetArgs.class	98	correspondence|determinism	HUse results of simulation calculation to prune the deterministic states.
owl/translations/nbadet/NbaDetArgs.class	110	determinism	3Separate simplified handling for deterministic SCCs
owl/translations/nbadet/NbaLangInclusions$NbaSimNull.class	32	correspondence	+running null simulation with int argument
owl/translations/nbadet/NbaLangInclusions$NbaSimFair.class	33	correspondence	'running fair simulation with
owl/translations/nbadet/NbaLangInclusions.class	142	correspondence	"""running simulation algorithm for"
owl/translations/nbadet/NbaLangInclusions.class	148	correspondence	(ERROR: simulation not implemented yet:
owl/translations/dra2dpa/IARBuilder.class	189	priority	Odd priority (default: even)
owl/translations/dra2dpa/IARBuilder.class	190	priority	Min priority (default: max)
owl/translations/dra2dpa/IARBuilder$IARExplorer.class	58	priority	priority
owl/translations/dra2dpa/IARBuilder$IARExplorer.class	147	priority	*Negative priority for
owl/translations/ltl2ldba/AsymmetricLDBAConstruction.class	230	determinism	DETERMINISTIC
owl/translations/ltl2ldba/SymmetricLDBAConstruction.class	325	determinism	DETERMINISTIC
owl/translations/nba2dpa/NBA2DPA.class	52	determinism	_Converts a non-deterministic generalized B
owl/translations/nba2dpa/NBA2DPA.class	53	determinism	chi automaton into a deterministic parity automaton
owl/translations/modules/LTL2LDGBAModule.class	48	determinism	ATranslate LTL to limit-deterministic generalized B
owl/translations/modules/LTL2NAModule.class	25	determinism	LTranslate LTL to a (heuristically chosen) small non-deterministic automaton.
owl/translations/modules/LTL2NGBAModule.class	47	determinism	Translate LTL to non-deterministic generalized-B
owl/translations/modules/LTL2DRAModule.class	57	determinism	"Translate LTL to deterministic Rabin automata using either a symmetric construction (default) based on a unified approach using the Master Theorem or an asymmetric construction, also known as the ""Rabinizer construction""."
owl/translations/modules/LTL2LDBAModule.class	48	determinism	5Translate LTL to limit-deterministic B
owl/translations/modules/LTL2DAModule.class	25	determinism	HTranslate LTL to a (heuristically chosen) small deterministic automaton.
owl/translations/modules/LTL2NBAModule.class	47	determinism	|Translate LTL to non-deterministic B
owl/translations/modules/LTL2DPAModule.class	58	determinism	ITranslate LTL to deterministic parity automata, using LDBA constructions.
owl/translations/modules/LTL2DGRAModule.class	57	determinism	"Translate LTL to deterministic generalized Rabin automata using either a symmetric construction (default) based on a unified approach using the Master Theorem or an asymmetric construction, also known as the ""Rabinizer construction""."
jhoafparser/extensions/ToStateAcceptanceFixed.class	92	determinism	deterministic
jhoafparser/tools/JHOAFCmdLine.class	36	trace-or-step	trace
jhoafparser/tools/JHOAFCmdLine.class	76	trace-or-step	--trace
jhoafparser/tools/JHOAFCmdLine.class	128	determinism	Q non-deterministic Buchi automaton (might be inefficient).
jhoafparser/tools/JHOAFCmdLine.class	129	determinism	[ The original automaton has to be deterministic or non-deterministic
jhoafparser/tools/JHOAFCmdLine.class	139	trace-or-step	U --trace Debugging: Trace the function calls to HOAConsumer
jhoafparser/tools/JHOAFCmdLine.class	143	trace-or-step	K trans-acc Transform to transition-based acceptance
jhoafparser/transformations/ToStateAcceptance.class	89	determinism	deterministic
jhoafparser/transformations/ToNondetBuchi.class	82	determinism	aAutomaton has branching, can only convert (non-)deterministic automata to non-deterministic Buchi
jhoafparser/transformations/ToNondetBuchi.class	105	determinism	deterministic
jhoafparser/analysis/SyntacticProperties.class	24	determinism	deterministic
jhoafparser/util/PropertyFilter.class	59	determinism	deterministic
jhoafparser/consumer/HOAIntermediateCheckValidity.class	183	determinism	deterministic
jhoafparser/consumer/HOAIntermediateCheckValidity.class	195	trace-or-step	(in transition)
jhoafparser/consumer/HOAIntermediateCheckValidity.class	235	determinism	>Property 'deterministic' is violated by having
jhoafparser/consumer/HOAIntermediateCheckValidity.class	243	trace-or-step	, there is a transition that is not colored...
jhoafparser/consumer/HOAIntermediateCheckValidity.class	245	trace-or-step	, there is a transition that is colored even though the state is colored already...
jhoafparser/consumer/HOAIntermediateCheckValidity.class	249	trace-or-step	3Can not mix state and transition labeling (state
jhoafparser/consumer/HOAIntermediateCheckValidity.class	251	trace-or-step	JProperty 'state-labels' is violated by having transition labels in state
jhoafparser/consumer/HOAIntermediateCheckValidity.class	253	trace-or-step	]Property 'implicit-label' is violated by having a label expression on a transition in state
jhoafparser/consumer/HOAIntermediateCheckValidity.class	254	trace-or-step	QProperty 'explicit-label' is violated by having implicit transition(s) in state
jhoafparser/consumer/HOAIntermediateCheckValidity.class	255	trace-or-step	KProperty 'state-acc' is violated by having transition acceptance in state
jhoafparser/consumer/HOAIntermediateCheckValidity.class	269	trace-or-step	(target in a transition) is out of range (0 -
jhoafparser/consumer/HOAIntermediateTrace.class	14	trace-or-step	trace
org/rebecalang/rmc/timedrebeca/translator/TimedRebecaTermPrimaryExpressionTranslator.class	46	trace-or-step	"uYou are not allowed to initialize local variables while using delay and ""timed transition system"" analysis algorithm."
org/rebecalang/rmc/corerebeca/ltl/gov/nasa/ltl/trans/Node.class	38	trace-or-step	?org/rebecalang/rmc/corerebeca/ltl/gov/nasa/ltl/trans/Transition
org/rebecalang/rmc/corerebeca/ltl/gov/nasa/ltl/trans/Node.class	40	trace-or-step	D(Lorg/rebecalang/rmc/corerebeca/ltl/gov/nasa/ltl/trans/Transition;)V
org/rebecalang/rmc/corerebeca/ltl/gov/nasa/ltl/trans/LTL2Buchi.class	65	correspondence	Bisimulation applied
org/rebecalang/rmc/corerebeca/ltl/gov/nasa/ltl/trans/LTL2Buchi.class	67	correspondence	Fair simulation applied
org/rebecalang/rmc/corerebeca/ltl/gov/nasa/ltl/trans/LTL2Buchi.class	84	correspondence	"""-nobisim"" (no bisimulation reduction)"
org/rebecalang/rmc/corerebeca/ltl/gov/nasa/ltl/trans/LTL2Buchi.class	85	correspondence	"""-nofsim"" (no fair simulation reduction)"
org/rebecalang/rmc/corerebeca/ltl/gov/nasa/ltl/trans/State.class	16	trace-or-step	?org/rebecalang/rmc/corerebeca/ltl/gov/nasa/ltl/trans/Transition
org/rebecalang/rmc/corerebeca/ltl/gov/nasa/ltl/trans/State.class	32	trace-or-step	YLjava/util/LinkedList<Lorg/rebecalang/rmc/corerebeca/ltl/gov/nasa/ltl/trans/Transition;>;
org/rebecalang/rmc/corerebeca/ltl/gov/nasa/ltl/trans/State.class	40	trace-or-step	ALorg/rebecalang/rmc/corerebeca/ltl/gov/nasa/ltl/trans/Transition;
org/rebecalang/rmc/corerebeca/ltl/gov/nasa/ltl/trans/State.class	44	trace-or-step	[Ljava/util/ListIterator<Lorg/rebecalang/rmc/corerebeca/ltl/gov/nasa/ltl/trans/Transition;>;
org/rebecalang/rmc/corerebeca/ltl/gov/nasa/ltl/trans/State.class	50	trace-or-step	D(Lorg/rebecalang/rmc/corerebeca/ltl/gov/nasa/ltl/trans/Transition;)V
org/rebecalang/rmc/corerebeca/ltl/gov/nasa/ltl/trans/Automaton.class	55	correspondence	7ERROR - size of equivalence classes array was incorrect
org/rebecalang/rmc/corerebeca/ltl/gov/nasa/ltl/trans/Transition.class	3	trace-or-step	?org/rebecalang/rmc/corerebeca/ltl/gov/nasa/ltl/trans/Transition
org/rebecalang/rmc/corerebeca/ltl/gov/nasa/ltl/trans/Transition.class	56	trace-or-step	ALorg/rebecalang/rmc/corerebeca/ltl/gov/nasa/ltl/trans/Transition;
org/rebecalang/rmc/corerebeca/ltl/gov/nasa/ltl/trans/Transition.class	91	trace-or-step	Transition.java
org/rebecalang/rmc/corerebeca/ltl/gov/nasa/ltl/graph/Edge.class	73	trace-or-step	</transition>
org/rebecalang/rmc/corerebeca/ltl/gov/nasa/ltl/graph/Edge.class	110	trace-or-step	"<transition to="""
org/rebecalang/rmc/RMC.class	41	trace-or-step	)Exports transition system in an XML file.
org/rebecalang/rmc/RMC.class	106	trace-or-step	"D""Trace Generator"" and ""Export State Space"" options are incompatible."
