record_type	record_id	final_benchmark_id	mapping_status	matched_categories	record_json
benchmark	bound-payload--priority-selection--positive	bound-payload--priority-selection--positive	planned	priority	"{""benchmark_id"":""bound-payload--priority-selection--positive"",""evidence_modes"":""source-plus-formal-witness"",""implementation_status"":""planned"",""module_count"":""1"",""obligation_count"":""20"",""polarity"":""positive"",""primary_capability"":""priority-selection"",""required_stages"":""source,rmc,parser-json,decoded-dtr-ast,formal-witness,translated-lf-ast,lf-source,lfc"",""semantic_layer"":""bound-payload"",""source_path"":""tests/benchmarks/bound-payload--priority-selection--positive/source/model.rebeca"",""source_required"":""yes""}"
benchmark	core--priority-selection--positive	core--priority-selection--positive	planned	priority	"{""benchmark_id"":""core--priority-selection--positive"",""evidence_modes"":""source-plus-formal-witness"",""implementation_status"":""planned"",""module_count"":""3"",""obligation_count"":""54"",""polarity"":""positive"",""primary_capability"":""priority-selection"",""required_stages"":""source,rmc,parser-json,decoded-dtr-ast,formal-witness,translated-lf-ast,lf-source,lfc"",""semantic_layer"":""core"",""source_path"":""tests/benchmarks/core--priority-selection--positive/source/model.rebeca"",""source_required"":""yes""}"
benchmark	finite-store--priority-selection--positive	finite-store--priority-selection--positive	planned	priority	"{""benchmark_id"":""finite-store--priority-selection--positive"",""evidence_modes"":""source-plus-runtime-observation"",""implementation_status"":""planned"",""module_count"":""1"",""obligation_count"":""9"",""polarity"":""positive"",""primary_capability"":""priority-selection"",""required_stages"":""source,rmc,parser-json,decoded-dtr-ast,formal-witness,translated-lf-ast,lf-source,lfc,runtime"",""semantic_layer"":""finite-store"",""source_path"":""tests/benchmarks/finite-store--priority-selection--positive/source/model.rebeca"",""source_required"":""yes""}"
benchmark	global-multi-actor-payload--priority-selection--negative	global-multi-actor-payload--priority-selection--negative	planned	priority	"{""benchmark_id"":""global-multi-actor-payload--priority-selection--negative"",""evidence_modes"":""expected-boundary-or-rejection"",""implementation_status"":""planned"",""module_count"":""1"",""obligation_count"":""10"",""polarity"":""negative"",""primary_capability"":""priority-selection"",""required_stages"":""source,rmc,parser-json,decoded-dtr-ast,expected-boundary-stage,diagnostics"",""semantic_layer"":""global-multi-actor-payload"",""source_path"":""tests/benchmarks/global-multi-actor-payload--priority-selection--negative/source/model.rebeca"",""source_required"":""yes""}"
benchmark	multi-store--priority-selection--negative	multi-store--priority-selection--negative	planned	priority	"{""benchmark_id"":""multi-store--priority-selection--negative"",""evidence_modes"":""expected-boundary-or-rejection"",""implementation_status"":""planned"",""module_count"":""2"",""obligation_count"":""37"",""polarity"":""negative"",""primary_capability"":""priority-selection"",""required_stages"":""source,rmc,parser-json,decoded-dtr-ast,expected-boundary-stage,diagnostics"",""semantic_layer"":""multi-store"",""source_path"":""tests/benchmarks/multi-store--priority-selection--negative/source/model.rebeca"",""source_required"":""yes""}"
benchmark	multi-store--priority-selection--positive	multi-store--priority-selection--positive	planned	priority	"{""benchmark_id"":""multi-store--priority-selection--positive"",""evidence_modes"":""direct-source-translation,source-plus-runtime-observation"",""implementation_status"":""planned"",""module_count"":""5"",""obligation_count"":""35"",""polarity"":""positive"",""primary_capability"":""priority-selection"",""required_stages"":""source,rmc,parser-json,decoded-dtr-ast,formal-witness,translated-lf-ast,lf-source,lfc,runtime"",""semantic_layer"":""multi-store"",""source_path"":""tests/benchmarks/multi-store--priority-selection--positive/source/model.rebeca"",""source_required"":""yes""}"
benchmark	multi-store-payload--priority-selection--negative	multi-store-payload--priority-selection--negative	planned	priority	"{""benchmark_id"":""multi-store-payload--priority-selection--negative"",""evidence_modes"":""expected-boundary-or-rejection"",""implementation_status"":""planned"",""module_count"":""1"",""obligation_count"":""17"",""polarity"":""negative"",""primary_capability"":""priority-selection"",""required_stages"":""source,rmc,parser-json,decoded-dtr-ast,expected-boundary-stage,diagnostics"",""semantic_layer"":""multi-store-payload"",""source_path"":""tests/benchmarks/multi-store-payload--priority-selection--negative/source/model.rebeca"",""source_required"":""yes""}"
benchmark	multi-store-payload--priority-selection--positive	multi-store-payload--priority-selection--positive	planned	priority	"{""benchmark_id"":""multi-store-payload--priority-selection--positive"",""evidence_modes"":""source-capability,source-plus-formal-witness,source-plus-runtime-observation"",""implementation_status"":""planned"",""module_count"":""3"",""obligation_count"":""23"",""polarity"":""positive"",""primary_capability"":""priority-selection"",""required_stages"":""source,rmc,parser-json,decoded-dtr-ast,formal-witness,translated-lf-ast,lf-source,lfc,runtime"",""semantic_layer"":""multi-store-payload"",""source_path"":""tests/benchmarks/multi-store-payload--priority-selection--positive/source/model.rebeca"",""source_required"":""yes""}"
benchmark	payload--priority-selection--positive	payload--priority-selection--positive	planned	priority	"{""benchmark_id"":""payload--priority-selection--positive"",""evidence_modes"":""source-plus-formal-witness"",""implementation_status"":""planned"",""module_count"":""2"",""obligation_count"":""28"",""polarity"":""positive"",""primary_capability"":""priority-selection"",""required_stages"":""source,rmc,parser-json,decoded-dtr-ast,formal-witness,translated-lf-ast,lf-source,lfc"",""semantic_layer"":""payload"",""source_path"":""tests/benchmarks/payload--priority-selection--positive/source/model.rebeca"",""source_required"":""yes""}"
obligation	BoundPayloadFoundation:0001	bound-payload--priority-selection--positive	accepted	priority	"{""classification"":""test_fixture_or_helper"",""evidence_role"":""source-capability"",""final_benchmark_id"":""bound-payload--priority-selection--positive"",""kind"":""def"",""line_number"":""8"",""mapping_status"":""accepted"",""name_or_expression"":""boundPayloadParameter"",""obligation_id"":""BoundPayloadFoundation:0001"",""original_benchmark_candidate"":""test-bound-payload-foundation"",""test_file"":""Relico/Tests/BoundPayloadFoundation.lean""}"
obligation	BoundPayloadFoundation:0002	bound-payload--priority-selection--positive	accepted	priority	"{""classification"":""test_fixture_or_helper"",""evidence_role"":""source-capability"",""final_benchmark_id"":""bound-payload--priority-selection--positive"",""kind"":""def"",""line_number"":""12"",""mapping_status"":""accepted"",""name_or_expression"":""boundPayloadMessage"",""obligation_id"":""BoundPayloadFoundation:0002"",""original_benchmark_candidate"":""test-bound-payload-foundation"",""test_file"":""Relico/Tests/BoundPayloadFoundation.lean""}"
obligation	BoundPayloadFoundation:0003	bound-payload--priority-selection--positive	accepted	priority	"{""classification"":""test_fixture_or_helper"",""evidence_role"":""source-capability"",""final_benchmark_id"":""bound-payload--priority-selection--positive"",""kind"":""def"",""line_number"":""16"",""mapping_status"":""accepted"",""name_or_expression"":""boundPayloadDelay"",""obligation_id"":""BoundPayloadFoundation:0003"",""original_benchmark_candidate"":""test-bound-payload-foundation"",""test_file"":""Relico/Tests/BoundPayloadFoundation.lean""}"
obligation	BoundPayloadFoundation:0004	bound-payload--priority-selection--positive	accepted	priority	"{""classification"":""test_fixture_or_helper"",""evidence_role"":""source-capability"",""final_benchmark_id"":""bound-payload--priority-selection--positive"",""kind"":""def"",""line_number"":""22"",""mapping_status"":""accepted"",""name_or_expression"":""boundPayloadSourceExpression"",""obligation_id"":""BoundPayloadFoundation:0004"",""original_benchmark_candidate"":""test-bound-payload-foundation"",""test_file"":""Relico/Tests/BoundPayloadFoundation.lean""}"
obligation	BoundPayloadFoundation:0005	bound-payload--priority-selection--positive	accepted	priority	"{""classification"":""test_fixture_or_helper"",""evidence_role"":""source-capability"",""final_benchmark_id"":""bound-payload--priority-selection--positive"",""kind"":""def"",""line_number"":""27"",""mapping_status"":""accepted"",""name_or_expression"":""boundPayloadSourceServer"",""obligation_id"":""BoundPayloadFoundation:0005"",""original_benchmark_candidate"":""test-bound-payload-foundation"",""test_file"":""Relico/Tests/BoundPayloadFoundation.lean""}"
obligation	BoundPayloadFoundation:0006	bound-payload--priority-selection--positive	accepted	priority	"{""classification"":""test_fixture_or_helper"",""evidence_role"":""source-capability"",""final_benchmark_id"":""bound-payload--priority-selection--positive"",""kind"":""def"",""line_number"":""50"",""mapping_status"":""accepted"",""name_or_expression"":""boundPayloadTargetReaction"",""obligation_id"":""BoundPayloadFoundation:0006"",""original_benchmark_candidate"":""test-bound-payload-foundation"",""test_file"":""Relico/Tests/BoundPayloadFoundation.lean""}"
obligation	BoundPayloadFoundation:0007	bound-payload--priority-selection--positive	accepted	priority	"{""classification"":""test_fixture_or_helper"",""evidence_role"":""source-capability"",""final_benchmark_id"":""bound-payload--priority-selection--positive"",""kind"":""def"",""line_number"":""55"",""mapping_status"":""accepted"",""name_or_expression"":""boundPayloadParameters"",""obligation_id"":""BoundPayloadFoundation:0007"",""original_benchmark_candidate"":""test-bound-payload-foundation"",""test_file"":""Relico/Tests/BoundPayloadFoundation.lean""}"
obligation	BoundPayloadFoundation:0008	bound-payload--priority-selection--positive	accepted	priority	"{""classification"":""test_fixture_or_helper"",""evidence_role"":""source-capability"",""final_benchmark_id"":""bound-payload--priority-selection--positive"",""kind"":""def"",""line_number"":""61"",""mapping_status"":""accepted"",""name_or_expression"":""boundPayloadSourceState"",""obligation_id"":""BoundPayloadFoundation:0008"",""original_benchmark_candidate"":""test-bound-payload-foundation"",""test_file"":""Relico/Tests/BoundPayloadFoundation.lean""}"
obligation	BoundPayloadFoundation:0009	bound-payload--priority-selection--positive	accepted	priority	"{""classification"":""test_fixture_or_helper"",""evidence_role"":""source-capability"",""final_benchmark_id"":""bound-payload--priority-selection--positive"",""kind"":""def"",""line_number"":""80"",""mapping_status"":""accepted"",""name_or_expression"":""boundPayloadTargetTag"",""obligation_id"":""BoundPayloadFoundation:0009"",""original_benchmark_candidate"":""test-bound-payload-foundation"",""test_file"":""Relico/Tests/BoundPayloadFoundation.lean""}"
obligation	BoundPayloadFoundation:0010	bound-payload--priority-selection--positive	accepted	priority	"{""classification"":""test_fixture_or_helper"",""evidence_role"":""source-capability"",""final_benchmark_id"":""bound-payload--priority-selection--positive"",""kind"":""def"",""line_number"":""90"",""mapping_status"":""accepted"",""name_or_expression"":""boundPayloadTargetState"",""obligation_id"":""BoundPayloadFoundation:0010"",""original_benchmark_candidate"":""test-bound-payload-foundation"",""test_file"":""Relico/Tests/BoundPayloadFoundation.lean""}"
obligation	BoundPayloadFoundation:0011	bound-payload--priority-selection--positive	accepted	priority	"{""classification"":""proof_obligation"",""evidence_role"":""source-capability"",""final_benchmark_id"":""bound-payload--priority-selection--positive"",""kind"":""theorem"",""line_number"":""109"",""mapping_status"":""accepted"",""name_or_expression"":""bound_payload_formals_bind_exactly"",""obligation_id"":""BoundPayloadFoundation:0011"",""original_benchmark_candidate"":""test-bound-payload-foundation"",""test_file"":""Relico/Tests/BoundPayloadFoundation.lean""}"
obligation	BoundPayloadFoundation:0012	bound-payload--priority-selection--positive	accepted	priority	"{""classification"":""proof_obligation"",""evidence_role"":""source-capability"",""final_benchmark_id"":""bound-payload--priority-selection--positive"",""kind"":""theorem"",""line_number"":""122"",""mapping_status"":""accepted"",""name_or_expression"":""bound_payload_action_name_generated"",""obligation_id"":""BoundPayloadFoundation:0012"",""original_benchmark_candidate"":""test-bound-payload-foundation"",""test_file"":""Relico/Tests/BoundPayloadFoundation.lean""}"
obligation	BoundPayloadFoundation:0013	bound-payload--priority-selection--positive	accepted	priority	"{""classification"":""proof_obligation"",""evidence_role"":""source-capability"",""final_benchmark_id"":""bound-payload--priority-selection--positive"",""kind"":""theorem"",""line_number"":""128"",""mapping_status"":""accepted"",""name_or_expression"":""bound_payload_parameters_preserved"",""obligation_id"":""BoundPayloadFoundation:0013"",""original_benchmark_candidate"":""test-bound-payload-foundation"",""test_file"":""Relico/Tests/BoundPayloadFoundation.lean""}"
obligation	BoundPayloadFoundation:0014	bound-payload--priority-selection--positive	accepted	priority	"{""classification"":""proof_obligation"",""evidence_role"":""source-capability"",""final_benchmark_id"":""bound-payload--priority-selection--positive"",""kind"":""theorem"",""line_number"":""133"",""mapping_status"":""accepted"",""name_or_expression"":""bound_payload_priority_preserved"",""obligation_id"":""BoundPayloadFoundation:0014"",""original_benchmark_candidate"":""test-bound-payload-foundation"",""test_file"":""Relico/Tests/BoundPayloadFoundation.lean""}"
obligation	BoundPayloadFoundation:0015	bound-payload--priority-selection--positive	accepted	priority	"{""classification"":""proof_obligation"",""evidence_role"":""source-capability"",""final_benchmark_id"":""bound-payload--priority-selection--positive"",""kind"":""theorem"",""line_number"":""138"",""mapping_status"":""accepted"",""name_or_expression"":""bound_payload_body_compiles_exactly"",""obligation_id"":""BoundPayloadFoundation:0015"",""original_benchmark_candidate"":""test-bound-payload-foundation"",""test_file"":""Relico/Tests/BoundPayloadFoundation.lean""}"
obligation	BoundPayloadFoundation:0016	bound-payload--priority-selection--positive	accepted	priority	"{""classification"":""proof_obligation"",""evidence_role"":""source-capability"",""final_benchmark_id"":""bound-payload--priority-selection--positive"",""kind"":""theorem"",""line_number"":""144"",""mapping_status"":""accepted"",""name_or_expression"":""bound_payload_source_parameter_evaluates"",""obligation_id"":""BoundPayloadFoundation:0016"",""original_benchmark_candidate"":""test-bound-payload-foundation"",""test_file"":""Relico/Tests/BoundPayloadFoundation.lean""}"
obligation	BoundPayloadFoundation:0017	bound-payload--priority-selection--positive	accepted	priority	"{""classification"":""proof_obligation"",""evidence_role"":""source-capability"",""final_benchmark_id"":""bound-payload--priority-selection--positive"",""kind"":""theorem"",""line_number"":""157"",""mapping_status"":""accepted"",""name_or_expression"":""bound_payload_target_parameter_evaluates"",""obligation_id"":""BoundPayloadFoundation:0017"",""original_benchmark_candidate"":""test-bound-payload-foundation"",""test_file"":""Relico/Tests/BoundPayloadFoundation.lean""}"
obligation	BoundPayloadFoundation:0018	bound-payload--priority-selection--positive	accepted	priority	"{""classification"":""proof_obligation"",""evidence_role"":""source-capability"",""final_benchmark_id"":""bound-payload--priority-selection--positive"",""kind"":""theorem"",""line_number"":""171"",""mapping_status"":""accepted"",""name_or_expression"":""bound_payload_expression_evaluation_preserved"",""obligation_id"":""BoundPayloadFoundation:0018"",""original_benchmark_candidate"":""test-bound-payload-foundation"",""test_file"":""Relico/Tests/BoundPayloadFoundation.lean""}"
obligation	BoundPayloadFoundation:0019	bound-payload--priority-selection--positive	accepted	priority	"{""classification"":""proof_obligation"",""evidence_role"":""source-capability"",""final_benchmark_id"":""bound-payload--priority-selection--positive"",""kind"":""theorem"",""line_number"":""188"",""mapping_status"":""accepted"",""name_or_expression"":""bound_payload_foundation_states_correspond"",""obligation_id"":""BoundPayloadFoundation:0019"",""original_benchmark_candidate"":""test-bound-payload-foundation"",""test_file"":""Relico/Tests/BoundPayloadFoundation.lean""}"
obligation	BoundPayloadFoundation:0020	bound-payload--priority-selection--positive	accepted	priority	"{""classification"":""proof_obligation"",""evidence_role"":""source-capability"",""final_benchmark_id"":""bound-payload--priority-selection--positive"",""kind"":""theorem"",""line_number"":""210"",""mapping_status"":""accepted"",""name_or_expression"":""bound_payload_foundation_ordinary_queues_correspond"",""obligation_id"":""BoundPayloadFoundation:0020"",""original_benchmark_candidate"":""test-bound-payload-foundation"",""test_file"":""Relico/Tests/BoundPayloadFoundation.lean""}"
obligation	DetailedExecutableTranslation:0001	multi-store--priority-selection--positive	accepted	priority	"{""classification"":""proof_obligation"",""evidence_role"":""source-capability"",""final_benchmark_id"":""multi-store--priority-selection--positive"",""kind"":""theorem"",""line_number"":""8"",""mapping_status"":""accepted"",""name_or_expression"":""public_detailed_forward_interface"",""obligation_id"":""DetailedExecutableTranslation:0001"",""original_benchmark_candidate"":""test-detailed-executable-translation"",""test_file"":""Relico/Tests/DetailedExecutableTranslation.lean""}"
obligation	DetailedExecutableTranslation:0002	multi-store--priority-selection--positive	accepted	priority	"{""classification"":""proof_obligation"",""evidence_role"":""source-capability"",""final_benchmark_id"":""multi-store--priority-selection--positive"",""kind"":""theorem"",""line_number"":""76"",""mapping_status"":""accepted"",""name_or_expression"":""public_detailed_backward_interface"",""obligation_id"":""DetailedExecutableTranslation:0002"",""original_benchmark_candidate"":""test-detailed-executable-translation"",""test_file"":""Relico/Tests/DetailedExecutableTranslation.lean""}"
obligation	DetailedInvariantCarryingBackwardMatch:0001	multi-store--priority-selection--positive	accepted	priority	"{""classification"":""proof_obligation"",""evidence_role"":""source-capability"",""final_benchmark_id"":""multi-store--priority-selection--positive"",""kind"":""theorem"",""line_number"":""8"",""mapping_status"":""accepted"",""name_or_expression"":""target_invariant_preservation_regression"",""obligation_id"":""DetailedInvariantCarryingBackwardMatch:0001"",""original_benchmark_candidate"":""test-detailed-invariant-carrying-backward-match"",""test_file"":""Relico/Tests/DetailedInvariantCarryingBackwardMatch.lean""}"
obligation	DetailedInvariantCarryingBackwardMatch:0002	multi-store--priority-selection--positive	accepted	priority	"{""classification"":""proof_obligation"",""evidence_role"":""source-capability"",""final_benchmark_id"":""multi-store--priority-selection--positive"",""kind"":""theorem"",""line_number"":""55"",""mapping_status"":""accepted"",""name_or_expression"":""source_weak_invariant_preservation_regression"",""obligation_id"":""DetailedInvariantCarryingBackwardMatch:0002"",""original_benchmark_candidate"":""test-detailed-invariant-carrying-backward-match"",""test_file"":""Relico/Tests/DetailedInvariantCarryingBackwardMatch.lean""}"
obligation	DetailedInvariantCarryingBackwardMatch:0003	multi-store--priority-selection--positive	accepted	priority	"{""classification"":""proof_obligation"",""evidence_role"":""source-capability"",""final_benchmark_id"":""multi-store--priority-selection--positive"",""kind"":""theorem"",""line_number"":""102"",""mapping_status"":""accepted"",""name_or_expression"":""backward_invariant_match_regression"",""obligation_id"":""DetailedInvariantCarryingBackwardMatch:0003"",""original_benchmark_candidate"":""test-detailed-invariant-carrying-backward-match"",""test_file"":""Relico/Tests/DetailedInvariantCarryingBackwardMatch.lean""}"
obligation	DetailedInvariantCarryingForwardMatch:0001	multi-store--priority-selection--positive	accepted	priority	"{""classification"":""proof_obligation"",""evidence_role"":""source-capability"",""final_benchmark_id"":""multi-store--priority-selection--positive"",""kind"":""theorem"",""line_number"":""8"",""mapping_status"":""accepted"",""name_or_expression"":""forward_invariant_match_regression"",""obligation_id"":""DetailedInvariantCarryingForwardMatch:0001"",""original_benchmark_candidate"":""test-detailed-invariant-carrying-forward-match"",""test_file"":""Relico/Tests/DetailedInvariantCarryingForwardMatch.lean""}"
obligation	DetailedInvariantCarryingForwardMatch:0002	multi-store--priority-selection--positive	accepted	priority	"{""classification"":""proof_obligation"",""evidence_role"":""source-capability"",""final_benchmark_id"":""multi-store--priority-selection--positive"",""kind"":""theorem"",""line_number"":""72"",""mapping_status"":""accepted"",""name_or_expression"":""forward_invariant_match_has_corresponding_destination"",""obligation_id"":""DetailedInvariantCarryingForwardMatch:0002"",""original_benchmark_candidate"":""test-detailed-invariant-carrying-forward-match"",""test_file"":""Relico/Tests/DetailedInvariantCarryingForwardMatch.lean""}"
obligation	DetailedPriorityRuntimeInvariant:0001	multi-store--dispatch--positive	accepted	priority|trace-or-step	"{""classification"":""proof_obligation"",""evidence_role"":""source-capability"",""final_benchmark_id"":""multi-store--dispatch--positive"",""kind"":""theorem"",""line_number"":""8"",""mapping_status"":""accepted"",""name_or_expression"":""generated_initial_state_has_priority_runtime_invariant"",""obligation_id"":""DetailedPriorityRuntimeInvariant:0001"",""original_benchmark_candidate"":""test-detailed-priority-runtime-invariant"",""test_file"":""Relico/Tests/DetailedPriorityRuntimeInvariant.lean""}"
obligation	DetailedPriorityRuntimeInvariant:0002	multi-store--dispatch--positive	accepted	priority|trace-or-step	"{""classification"":""proof_obligation"",""evidence_role"":""source-capability"",""final_benchmark_id"":""multi-store--dispatch--positive"",""kind"":""theorem"",""line_number"":""18"",""mapping_status"":""accepted"",""name_or_expression"":""forward_dispatch_compatibility_is_derived"",""obligation_id"":""DetailedPriorityRuntimeInvariant:0002"",""original_benchmark_candidate"":""test-detailed-priority-runtime-invariant"",""test_file"":""Relico/Tests/DetailedPriorityRuntimeInvariant.lean""}"
obligation	DetailedPriorityRuntimeInvariant:0003	multi-store--dispatch--positive	accepted	priority|trace-or-step	"{""classification"":""proof_obligation"",""evidence_role"":""source-capability"",""final_benchmark_id"":""multi-store--dispatch--positive"",""kind"":""theorem"",""line_number"":""49"",""mapping_status"":""accepted"",""name_or_expression"":""target_machine_step_preserves_full_invariant"",""obligation_id"":""DetailedPriorityRuntimeInvariant:0003"",""original_benchmark_candidate"":""test-detailed-priority-runtime-invariant"",""test_file"":""Relico/Tests/DetailedPriorityRuntimeInvariant.lean""}"
obligation	DirectLFPayloadSelectionCompatibility:0001	payload--priority-selection--positive	accepted	priority	"{""classification"":""type_or_api_check"",""evidence_role"":""source-capability"",""final_benchmark_id"":""payload--priority-selection--positive"",""kind"":""#check"",""line_number"":""8"",""mapping_status"":""accepted"",""name_or_expression"":""#check Correctness.DirectLFPayloadBagQueueCorresponds"",""obligation_id"":""DirectLFPayloadSelectionCompatibility:0001"",""original_benchmark_candidate"":""test-direct-lfpayload-selection-compatibility"",""test_file"":""Relico/Tests/DirectLFPayloadSelectionCompatibility.lean""}"
obligation	DirectLFPayloadSelectionCompatibility:0002	payload--priority-selection--positive	accepted	priority	"{""classification"":""type_or_api_check"",""evidence_role"":""source-capability"",""final_benchmark_id"":""payload--priority-selection--positive"",""kind"":""#check"",""line_number"":""11"",""mapping_status"":""accepted"",""name_or_expression"":""#check Correctness.DirectLFPayloadBagQueueCorresponds.toBagQueueCorresponds"",""obligation_id"":""DirectLFPayloadSelectionCompatibility:0002"",""original_benchmark_candidate"":""test-direct-lfpayload-selection-compatibility"",""test_file"":""Relico/Tests/DirectLFPayloadSelectionCompatibility.lean""}"
obligation	DirectLFPayloadSelectionCompatibility:0003	payload--priority-selection--positive	accepted	priority	"{""classification"":""type_or_api_check"",""evidence_role"":""source-capability"",""final_benchmark_id"":""payload--priority-selection--positive"",""kind"":""#check"",""line_number"":""14"",""mapping_status"":""accepted"",""name_or_expression"":""#check Correctness.DirectLFPayloadBagQueueCorresponds.perm_source"",""obligation_id"":""DirectLFPayloadSelectionCompatibility:0003"",""original_benchmark_candidate"":""test-direct-lfpayload-selection-compatibility"",""test_file"":""Relico/Tests/DirectLFPayloadSelectionCompatibility.lean""}"
obligation	DirectLFPayloadSelectionCompatibility:0004	payload--priority-selection--positive	accepted	priority	"{""classification"":""type_or_api_check"",""evidence_role"":""source-capability"",""final_benchmark_id"":""payload--priority-selection--positive"",""kind"":""#check"",""line_number"":""17"",""mapping_status"":""accepted"",""name_or_expression"":""#check Correctness.DirectLFPayloadBagQueueCorresponds.perm_target"",""obligation_id"":""DirectLFPayloadSelectionCompatibility:0004"",""original_benchmark_candidate"":""test-direct-lfpayload-selection-compatibility"",""test_file"":""Relico/Tests/DirectLFPayloadSelectionCompatibility.lean""}"
obligation	DirectLFPayloadSelectionCompatibility:0005	payload--priority-selection--positive	accepted	priority	"{""classification"":""type_or_api_check"",""evidence_role"":""source-capability"",""final_benchmark_id"":""payload--priority-selection--positive"",""kind"":""#check"",""line_number"":""20"",""mapping_status"":""accepted"",""name_or_expression"":""#check Correctness.DirectLFPayloadBagQueueCorresponds.append_one"",""obligation_id"":""DirectLFPayloadSelectionCompatibility:0005"",""original_benchmark_candidate"":""test-direct-lfpayload-selection-compatibility"",""test_file"":""Relico/Tests/DirectLFPayloadSelectionCompatibility.lean""}"
obligation	DirectLFPayloadSelectionCompatibility:0006	payload--priority-selection--positive	accepted	priority	"{""classification"":""type_or_api_check"",""evidence_role"":""source-capability"",""final_benchmark_id"":""payload--priority-selection--positive"",""kind"":""#check"",""line_number"":""23"",""mapping_status"":""accepted"",""name_or_expression"":""#check Correctness.PayloadQueueCorresponds.append_one"",""obligation_id"":""DirectLFPayloadSelectionCompatibility:0006"",""original_benchmark_candidate"":""test-direct-lfpayload-selection-compatibility"",""test_file"":""Relico/Tests/DirectLFPayloadSelectionCompatibility.lean""}"
obligation	DirectLFPayloadSelectionCompatibility:0007	payload--priority-selection--positive	accepted	priority	"{""classification"":""type_or_api_check"",""evidence_role"":""source-capability"",""final_benchmark_id"":""payload--priority-selection--positive"",""kind"":""#check"",""line_number"":""26"",""mapping_status"":""accepted"",""name_or_expression"":""#check Correctness.PayloadQueueCorresponds.pendingPayloadCorresponds_of_aligned"",""obligation_id"":""DirectLFPayloadSelectionCompatibility:0007"",""original_benchmark_candidate"":""test-direct-lfpayload-selection-compatibility"",""test_file"":""Relico/Tests/DirectLFPayloadSelectionCompatibility.lean""}"
obligation	DirectLFPayloadSelectionCompatibility:0008	payload--priority-selection--positive	accepted	priority	"{""classification"":""type_or_api_check"",""evidence_role"":""source-capability"",""final_benchmark_id"":""payload--priority-selection--positive"",""kind"":""#check"",""line_number"":""29"",""mapping_status"":""accepted"",""name_or_expression"":""#check Correctness.DirectLFPayloadOrderedSelectionCompatible"",""obligation_id"":""DirectLFPayloadSelectionCompatibility:0008"",""original_benchmark_candidate"":""test-direct-lfpayload-selection-compatibility"",""test_file"":""Relico/Tests/DirectLFPayloadSelectionCompatibility.lean""}"
obligation	DirectLFPayloadSelectionCompatibility:0009	payload--priority-selection--positive	accepted	priority	"{""classification"":""type_or_api_check"",""evidence_role"":""source-capability"",""final_benchmark_id"":""payload--priority-selection--positive"",""kind"":""#check"",""line_number"":""32"",""mapping_status"":""accepted"",""name_or_expression"":""#check Correctness.DirectLFPayloadOrderedSelectionCompatible.toOrderedSelectionCompatible"",""obligation_id"":""DirectLFPayloadSelectionCompatibility:0009"",""original_benchmark_candidate"":""test-direct-lfpayload-selection-compatibility"",""test_file"":""Relico/Tests/DirectLFPayloadSelectionCompatibility.lean""}"
obligation	DirectLFPayloadSelectionCompatibility:0010	payload--priority-selection--positive	accepted	priority	"{""classification"":""type_or_api_check"",""evidence_role"":""source-capability"",""final_benchmark_id"":""payload--priority-selection--positive"",""kind"":""#check"",""line_number"":""35"",""mapping_status"":""accepted"",""name_or_expression"":""#check Correctness.DirectLFPayloadOrderedSelectionCompatible.alignedPayload"",""obligation_id"":""DirectLFPayloadSelectionCompatibility:0010"",""original_benchmark_candidate"":""test-direct-lfpayload-selection-compatibility"",""test_file"":""Relico/Tests/DirectLFPayloadSelectionCompatibility.lean""}"
obligation	DirectLFPayloadSelectionCompatibility:0011	payload--priority-selection--positive	accepted	priority	"{""classification"":""type_or_api_check"",""evidence_role"":""source-capability"",""final_benchmark_id"":""payload--priority-selection--positive"",""kind"":""#check"",""line_number"":""38"",""mapping_status"":""accepted"",""name_or_expression"":""#check Correctness.DirectLFPayloadSelectionCompatible"",""obligation_id"":""DirectLFPayloadSelectionCompatibility:0011"",""original_benchmark_candidate"":""test-direct-lfpayload-selection-compatibility"",""test_file"":""Relico/Tests/DirectLFPayloadSelectionCompatibility.lean""}"
obligation	DirectLFPayloadSelectionCompatibility:0012	payload--priority-selection--positive	accepted	priority	"{""classification"":""type_or_api_check"",""evidence_role"":""source-capability"",""final_benchmark_id"":""payload--priority-selection--positive"",""kind"":""#check"",""line_number"":""41"",""mapping_status"":""accepted"",""name_or_expression"":""#check Correctness.DirectLFPayloadSelectionCompatible.toSelectionCompatible"",""obligation_id"":""DirectLFPayloadSelectionCompatibility:0012"",""original_benchmark_candidate"":""test-direct-lfpayload-selection-compatibility"",""test_file"":""Relico/Tests/DirectLFPayloadSelectionCompatibility.lean""}"
obligation	DirectLFPayloadSelectionCompatibility:0013	payload--priority-selection--positive	accepted	priority	"{""classification"":""type_or_api_check"",""evidence_role"":""source-capability"",""final_benchmark_id"":""payload--priority-selection--positive"",""kind"":""#check"",""line_number"":""44"",""mapping_status"":""accepted"",""name_or_expression"":""#check Correctness.DirectLFPayloadSelectionCompatible.toPayloadBagQueueCorresponds"",""obligation_id"":""DirectLFPayloadSelectionCompatibility:0013"",""original_benchmark_candidate"":""test-direct-lfpayload-selection-compatibility"",""test_file"":""Relico/Tests/DirectLFPayloadSelectionCompatibility.lean""}"
obligation	DirectLFPayloadSelectionCompatibility:0014	payload--priority-selection--positive	accepted	priority	"{""classification"":""type_or_api_check"",""evidence_role"":""source-capability"",""final_benchmark_id"":""payload--priority-selection--positive"",""kind"":""#check"",""line_number"":""47"",""mapping_status"":""accepted"",""name_or_expression"":""#check Correctness.DirectLFPayloadSelectionCompatible.toBagQueueCorresponds"",""obligation_id"":""DirectLFPayloadSelectionCompatibility:0014"",""original_benchmark_candidate"":""test-direct-lfpayload-selection-compatibility"",""test_file"":""Relico/Tests/DirectLFPayloadSelectionCompatibility.lean""}"
obligation	DirectLFPayloadSelectionCompatibility:0015	payload--priority-selection--positive	accepted	priority	"{""classification"":""type_or_api_check"",""evidence_role"":""source-capability"",""final_benchmark_id"":""payload--priority-selection--positive"",""kind"":""#check"",""line_number"":""50"",""mapping_status"":""accepted"",""name_or_expression"":""#check Correctness.DirectLFPayloadSelectionCompatible.perm_source"",""obligation_id"":""DirectLFPayloadSelectionCompatibility:0015"",""original_benchmark_candidate"":""test-direct-lfpayload-selection-compatibility"",""test_file"":""Relico/Tests/DirectLFPayloadSelectionCompatibility.lean""}"
obligation	DirectLFPayloadSelectionCompatibility:0016	payload--priority-selection--positive	accepted	priority	"{""classification"":""type_or_api_check"",""evidence_role"":""source-capability"",""final_benchmark_id"":""payload--priority-selection--positive"",""kind"":""#check"",""line_number"":""53"",""mapping_status"":""accepted"",""name_or_expression"":""#check Correctness.DirectLFPayloadSelectionCompatible.perm_target"",""obligation_id"":""DirectLFPayloadSelectionCompatibility:0016"",""original_benchmark_candidate"":""test-direct-lfpayload-selection-compatibility"",""test_file"":""Relico/Tests/DirectLFPayloadSelectionCompatibility.lean""}"
obligation	DirectLFPayloadSelectionCompatibility:0017	payload--priority-selection--positive	accepted	priority	"{""classification"":""type_or_api_check"",""evidence_role"":""source-capability"",""final_benchmark_id"":""payload--priority-selection--positive"",""kind"":""#check"",""line_number"":""56"",""mapping_status"":""accepted"",""name_or_expression"":""#check Correctness.directLFPayloadSelectionCompatible_nil"",""obligation_id"":""DirectLFPayloadSelectionCompatibility:0017"",""original_benchmark_candidate"":""test-direct-lfpayload-selection-compatibility"",""test_file"":""Relico/Tests/DirectLFPayloadSelectionCompatibility.lean""}"
obligation	DirectLFPayloadSelectionCompatibility:0018	payload--priority-selection--positive	accepted	priority	"{""classification"":""proof_obligation"",""evidence_role"":""source-capability"",""final_benchmark_id"":""payload--priority-selection--positive"",""kind"":""example"",""line_number"":""59"",""mapping_status"":""accepted"",""name_or_expression"":""example@59"",""obligation_id"":""DirectLFPayloadSelectionCompatibility:0018"",""original_benchmark_candidate"":""test-direct-lfpayload-selection-compatibility"",""test_file"":""Relico/Tests/DirectLFPayloadSelectionCompatibility.lean""}"
obligation	DirectLFPayloadSelectionCompatibility:0019	payload--priority-selection--positive	accepted	priority	"{""classification"":""proof_obligation"",""evidence_role"":""source-capability"",""final_benchmark_id"":""payload--priority-selection--positive"",""kind"":""example"",""line_number"":""70"",""mapping_status"":""accepted"",""name_or_expression"":""example@70"",""obligation_id"":""DirectLFPayloadSelectionCompatibility:0019"",""original_benchmark_candidate"":""test-direct-lfpayload-selection-compatibility"",""test_file"":""Relico/Tests/DirectLFPayloadSelectionCompatibility.lean""}"
obligation	DirectLFPayloadSelectionCompatibility:0020	payload--priority-selection--positive	accepted	priority	"{""classification"":""proof_obligation"",""evidence_role"":""source-capability"",""final_benchmark_id"":""payload--priority-selection--positive"",""kind"":""example"",""line_number"":""87"",""mapping_status"":""accepted"",""name_or_expression"":""example@87"",""obligation_id"":""DirectLFPayloadSelectionCompatibility:0020"",""original_benchmark_candidate"":""test-direct-lfpayload-selection-compatibility"",""test_file"":""Relico/Tests/DirectLFPayloadSelectionCompatibility.lean""}"
obligation	DirectLFPayloadSelectionRemoval:0001	payload--priority-selection--positive	accepted	priority	"{""classification"":""type_or_api_check"",""evidence_role"":""source-capability"",""final_benchmark_id"":""payload--priority-selection--positive"",""kind"":""#check"",""line_number"":""8"",""mapping_status"":""accepted"",""name_or_expression"":""#check Correctness.directLFPayloadAlignedRemoval_of_source"",""obligation_id"":""DirectLFPayloadSelectionRemoval:0001"",""original_benchmark_candidate"":""test-direct-lfpayload-selection-removal"",""test_file"":""Relico/Tests/DirectLFPayloadSelectionRemoval.lean""}"
obligation	DirectLFPayloadSelectionRemoval:0002	payload--priority-selection--positive	accepted	priority	"{""classification"":""type_or_api_check"",""evidence_role"":""source-capability"",""final_benchmark_id"":""payload--priority-selection--positive"",""kind"":""#check"",""line_number"":""10"",""mapping_status"":""accepted"",""name_or_expression"":""#check Correctness.directLFPayloadAlignedRemoval_of_target"",""obligation_id"":""DirectLFPayloadSelectionRemoval:0002"",""original_benchmark_candidate"":""test-direct-lfpayload-selection-removal"",""test_file"":""Relico/Tests/DirectLFPayloadSelectionRemoval.lean""}"
obligation	DirectLFPayloadSelectionRemoval:0003	payload--priority-selection--positive	accepted	priority	"{""classification"":""type_or_api_check"",""evidence_role"":""source-capability"",""final_benchmark_id"":""payload--priority-selection--positive"",""kind"":""#check"",""line_number"":""11"",""mapping_status"":""accepted"",""name_or_expression"":""#check Correctness.DirectLFPayloadOrderedSelectionCompatible.remove_source"",""obligation_id"":""DirectLFPayloadSelectionRemoval:0003"",""original_benchmark_candidate"":""test-direct-lfpayload-selection-removal"",""test_file"":""Relico/Tests/DirectLFPayloadSelectionRemoval.lean""}"
obligation	DirectLFPayloadSelectionRemoval:0004	payload--priority-selection--positive	accepted	priority	"{""classification"":""type_or_api_check"",""evidence_role"":""source-capability"",""final_benchmark_id"":""payload--priority-selection--positive"",""kind"":""#check"",""line_number"":""12"",""mapping_status"":""accepted"",""name_or_expression"":""#check Correctness.DirectLFPayloadOrderedSelectionCompatible.remove_target"",""obligation_id"":""DirectLFPayloadSelectionRemoval:0004"",""original_benchmark_candidate"":""test-direct-lfpayload-selection-removal"",""test_file"":""Relico/Tests/DirectLFPayloadSelectionRemoval.lean""}"
obligation	DirectLFPayloadSelectionRemoval:0005	payload--priority-selection--positive	accepted	priority	"{""classification"":""type_or_api_check"",""evidence_role"":""source-capability"",""final_benchmark_id"":""payload--priority-selection--positive"",""kind"":""#check"",""line_number"":""13"",""mapping_status"":""accepted"",""name_or_expression"":""#check Correctness.DirectLFPayloadSelectionCompatible.remove_source"",""obligation_id"":""DirectLFPayloadSelectionRemoval:0005"",""original_benchmark_candidate"":""test-direct-lfpayload-selection-removal"",""test_file"":""Relico/Tests/DirectLFPayloadSelectionRemoval.lean""}"
obligation	DirectLFPayloadSelectionRemoval:0006	payload--priority-selection--positive	accepted	priority	"{""classification"":""type_or_api_check"",""evidence_role"":""source-capability"",""final_benchmark_id"":""payload--priority-selection--positive"",""kind"":""#check"",""line_number"":""14"",""mapping_status"":""accepted"",""name_or_expression"":""#check Correctness.DirectLFPayloadSelectionCompatible.remove_target"",""obligation_id"":""DirectLFPayloadSelectionRemoval:0006"",""original_benchmark_candidate"":""test-direct-lfpayload-selection-removal"",""test_file"":""Relico/Tests/DirectLFPayloadSelectionRemoval.lean""}"
obligation	DirectLFPayloadSelectionRemoval:0007	payload--priority-selection--positive	accepted	priority	"{""classification"":""proof_obligation"",""evidence_role"":""source-capability"",""final_benchmark_id"":""payload--priority-selection--positive"",""kind"":""example"",""line_number"":""15"",""mapping_status"":""accepted"",""name_or_expression"":""example@15"",""obligation_id"":""DirectLFPayloadSelectionRemoval:0007"",""original_benchmark_candidate"":""test-direct-lfpayload-selection-removal"",""test_file"":""Relico/Tests/DirectLFPayloadSelectionRemoval.lean""}"
obligation	DirectLFPayloadSelectionRemoval:0008	payload--priority-selection--positive	accepted	priority	"{""classification"":""proof_obligation"",""evidence_role"":""source-capability"",""final_benchmark_id"":""payload--priority-selection--positive"",""kind"":""example"",""line_number"":""48"",""mapping_status"":""accepted"",""name_or_expression"":""example@48"",""obligation_id"":""DirectLFPayloadSelectionRemoval:0008"",""original_benchmark_candidate"":""test-direct-lfpayload-selection-removal"",""test_file"":""Relico/Tests/DirectLFPayloadSelectionRemoval.lean""}"
obligation	DirectLFRuntimeStateCorrespondence:0001	finite-store--priority-selection--positive	accepted	priority|correspondence	"{""classification"":""proof_obligation"",""evidence_role"":""source-capability"",""final_benchmark_id"":""finite-store--priority-selection--positive"",""kind"":""theorem"",""line_number"":""8"",""mapping_status"":""accepted"",""name_or_expression"":""runtime_contains_structural_correspondence"",""obligation_id"":""DirectLFRuntimeStateCorrespondence:0001"",""original_benchmark_candidate"":""test-direct-lfruntime-state-correspondence"",""test_file"":""Relico/Tests/DirectLFRuntimeStateCorrespondence.lean""}"
obligation	DirectLFRuntimeStateCorrespondence:0002	finite-store--priority-selection--positive	accepted	priority|correspondence	"{""classification"":""proof_obligation"",""evidence_role"":""source-capability"",""final_benchmark_id"":""finite-store--priority-selection--positive"",""kind"":""theorem"",""line_number"":""26"",""mapping_status"":""accepted"",""name_or_expression"":""runtime_contains_pending_not_past"",""obligation_id"":""DirectLFRuntimeStateCorrespondence:0002"",""original_benchmark_candidate"":""test-direct-lfruntime-state-correspondence"",""test_file"":""Relico/Tests/DirectLFRuntimeStateCorrespondence.lean""}"
obligation	DirectLFRuntimeStateCorrespondence:0003	finite-store--priority-selection--positive	accepted	priority|correspondence	"{""classification"":""type_or_api_check"",""evidence_role"":""source-capability"",""final_benchmark_id"":""finite-store--priority-selection--positive"",""kind"":""#check"",""line_number"":""42"",""mapping_status"":""accepted"",""name_or_expression"":""#check Correctness.DirectLFRuntimeStateCorresponds"",""obligation_id"":""DirectLFRuntimeStateCorrespondence:0003"",""original_benchmark_candidate"":""test-direct-lfruntime-state-correspondence"",""test_file"":""Relico/Tests/DirectLFRuntimeStateCorrespondence.lean""}"
obligation	DirectLFRuntimeStateCorrespondence:0004	finite-store--priority-selection--positive	accepted	priority|correspondence	"{""classification"":""type_or_api_check"",""evidence_role"":""source-capability"",""final_benchmark_id"":""finite-store--priority-selection--positive"",""kind"":""#check"",""line_number"":""45"",""mapping_status"":""accepted"",""name_or_expression"":""#check Correctness.DirectLFRuntimeStateCorresponds.toBagQueueCorresponds"",""obligation_id"":""DirectLFRuntimeStateCorrespondence:0004"",""original_benchmark_candidate"":""test-direct-lfruntime-state-correspondence"",""test_file"":""Relico/Tests/DirectLFRuntimeStateCorrespondence.lean""}"
obligation	DirectLFRuntimeStateCorrespondence:0005	finite-store--priority-selection--positive	accepted	priority|correspondence	"{""classification"":""type_or_api_check"",""evidence_role"":""source-capability"",""final_benchmark_id"":""finite-store--priority-selection--positive"",""kind"":""#check"",""line_number"":""48"",""mapping_status"":""accepted"",""name_or_expression"":""#check Correctness.DirectLFRuntimeStateCorresponds.selectionCompatible"",""obligation_id"":""DirectLFRuntimeStateCorrespondence:0005"",""original_benchmark_candidate"":""test-direct-lfruntime-state-correspondence"",""test_file"":""Relico/Tests/DirectLFRuntimeStateCorrespondence.lean""}"
obligation	DirectLFRuntimeStateCorrespondence:0006	finite-store--priority-selection--positive	accepted	priority|correspondence	"{""classification"":""type_or_api_check"",""evidence_role"":""source-capability"",""final_benchmark_id"":""finite-store--priority-selection--positive"",""kind"":""#check"",""line_number"":""51"",""mapping_status"":""accepted"",""name_or_expression"":""#check Correctness.directLF_multiStore_step_forward_runtime"",""obligation_id"":""DirectLFRuntimeStateCorrespondence:0006"",""original_benchmark_candidate"":""test-direct-lfruntime-state-correspondence"",""test_file"":""Relico/Tests/DirectLFRuntimeStateCorrespondence.lean""}"
obligation	DirectLFRuntimeStateCorrespondence:0007	finite-store--priority-selection--positive	accepted	priority|correspondence	"{""classification"":""type_or_api_check"",""evidence_role"":""source-capability"",""final_benchmark_id"":""finite-store--priority-selection--positive"",""kind"":""#check"",""line_number"":""54"",""mapping_status"":""accepted"",""name_or_expression"":""#check Correctness.directLF_multiStore_step_backward_runtime"",""obligation_id"":""DirectLFRuntimeStateCorrespondence:0007"",""original_benchmark_candidate"":""test-direct-lfruntime-state-correspondence"",""test_file"":""Relico/Tests/DirectLFRuntimeStateCorrespondence.lean""}"
obligation	DirectLFRuntimeStateCorrespondence:0008	finite-store--priority-selection--positive	accepted	priority|correspondence	"{""classification"":""type_or_api_check"",""evidence_role"":""source-capability"",""final_benchmark_id"":""finite-store--priority-selection--positive"",""kind"":""#check"",""line_number"":""57"",""mapping_status"":""accepted"",""name_or_expression"":""#check runtime_contains_structural_correspondence"",""obligation_id"":""DirectLFRuntimeStateCorrespondence:0008"",""original_benchmark_candidate"":""test-direct-lfruntime-state-correspondence"",""test_file"":""Relico/Tests/DirectLFRuntimeStateCorrespondence.lean""}"
obligation	DirectLFRuntimeStateCorrespondence:0009	finite-store--priority-selection--positive	accepted	priority|correspondence	"{""classification"":""type_or_api_check"",""evidence_role"":""source-capability"",""final_benchmark_id"":""finite-store--priority-selection--positive"",""kind"":""#check"",""line_number"":""59"",""mapping_status"":""accepted"",""name_or_expression"":""#check runtime_contains_pending_not_past"",""obligation_id"":""DirectLFRuntimeStateCorrespondence:0009"",""original_benchmark_candidate"":""test-direct-lfruntime-state-correspondence"",""test_file"":""Relico/Tests/DirectLFRuntimeStateCorrespondence.lean""}"
obligation	DirectLFSelectionAppend:0001	core--priority-selection--positive	accepted	priority	"{""classification"":""proof_obligation"",""evidence_role"":""source-capability"",""final_benchmark_id"":""core--priority-selection--positive"",""kind"":""theorem"",""line_number"":""13"",""mapping_status"":""accepted"",""name_or_expression"":""empty_accepts_corresponding_occurrence"",""obligation_id"":""DirectLFSelectionAppend:0001"",""original_benchmark_candidate"":""test-direct-lfselection-append"",""test_file"":""Relico/Tests/DirectLFSelectionAppend.lean""}"
obligation	DirectLFSelectionAppend:0002	core--priority-selection--positive	accepted	priority	"{""classification"":""proof_obligation"",""evidence_role"":""source-capability"",""final_benchmark_id"":""core--priority-selection--positive"",""kind"":""theorem"",""line_number"":""38"",""mapping_status"":""accepted"",""name_or_expression"":""singleton_compatible"",""obligation_id"":""DirectLFSelectionAppend:0002"",""original_benchmark_candidate"":""test-direct-lfselection-append"",""test_file"":""Relico/Tests/DirectLFSelectionAppend.lean""}"
obligation	DirectLFSelectionAppend:0003	core--priority-selection--positive	accepted	priority	"{""classification"":""proof_obligation"",""evidence_role"":""source-capability"",""final_benchmark_id"":""core--priority-selection--positive"",""kind"":""theorem"",""line_number"":""61"",""mapping_status"":""accepted"",""name_or_expression"":""append_one_preserves"",""obligation_id"":""DirectLFSelectionAppend:0003"",""original_benchmark_candidate"":""test-direct-lfselection-append"",""test_file"":""Relico/Tests/DirectLFSelectionAppend.lean""}"
obligation	DirectLFSelectionAppend:0004	core--priority-selection--positive	accepted	priority	"{""classification"":""proof_obligation"",""evidence_role"":""source-capability"",""final_benchmark_id"":""core--priority-selection--positive"",""kind"":""theorem"",""line_number"":""89"",""mapping_status"":""accepted"",""name_or_expression"":""cons_one_preserves"",""obligation_id"":""DirectLFSelectionAppend:0004"",""original_benchmark_candidate"":""test-direct-lfselection-append"",""test_file"":""Relico/Tests/DirectLFSelectionAppend.lean""}"
obligation	DirectLFSelectionAppend:0005	core--priority-selection--positive	accepted	priority	"{""classification"":""proof_obligation"",""evidence_role"":""source-capability"",""final_benchmark_id"":""core--priority-selection--positive"",""kind"":""theorem"",""line_number"":""117"",""mapping_status"":""accepted"",""name_or_expression"":""append_premise_contains_previous_invariant"",""obligation_id"":""DirectLFSelectionAppend:0005"",""original_benchmark_candidate"":""test-direct-lfselection-append"",""test_file"":""Relico/Tests/DirectLFSelectionAppend.lean""}"
obligation	DirectLFSelectionAppend:0006	core--priority-selection--positive	accepted	priority	"{""classification"":""type_or_api_check"",""evidence_role"":""source-capability"",""final_benchmark_id"":""core--priority-selection--positive"",""kind"":""#check"",""line_number"":""140"",""mapping_status"":""accepted"",""name_or_expression"":""#check Correctness.directLF_append_singleton_perm_cons"",""obligation_id"":""DirectLFSelectionAppend:0006"",""original_benchmark_candidate"":""test-direct-lfselection-append"",""test_file"":""Relico/Tests/DirectLFSelectionAppend.lean""}"
obligation	DirectLFSelectionAppend:0007	core--priority-selection--positive	accepted	priority	"{""classification"":""type_or_api_check"",""evidence_role"":""source-capability"",""final_benchmark_id"":""core--priority-selection--positive"",""kind"":""#check"",""line_number"":""142"",""mapping_status"":""accepted"",""name_or_expression"":""#check Correctness.directLFAlignedOccurrence_cons_cases"",""obligation_id"":""DirectLFSelectionAppend:0007"",""original_benchmark_candidate"":""test-direct-lfselection-append"",""test_file"":""Relico/Tests/DirectLFSelectionAppend.lean""}"
obligation	DirectLFSelectionAppend:0008	core--priority-selection--positive	accepted	priority	"{""classification"":""type_or_api_check"",""evidence_role"":""source-capability"",""final_benchmark_id"":""core--priority-selection--positive"",""kind"":""#check"",""line_number"":""143"",""mapping_status"":""accepted"",""name_or_expression"":""#check Correctness.DirectLFSelectionAppendCompatible"",""obligation_id"":""DirectLFSelectionAppend:0008"",""original_benchmark_candidate"":""test-direct-lfselection-append"",""test_file"":""Relico/Tests/DirectLFSelectionAppend.lean""}"
obligation	DirectLFSelectionAppend:0009	core--priority-selection--positive	accepted	priority	"{""classification"":""type_or_api_check"",""evidence_role"":""source-capability"",""final_benchmark_id"":""core--priority-selection--positive"",""kind"":""#check"",""line_number"":""145"",""mapping_status"":""accepted"",""name_or_expression"":""#check Correctness.DirectLFSelectionAppendCompatible.toSelectionCompatible"",""obligation_id"":""DirectLFSelectionAppend:0009"",""original_benchmark_candidate"":""test-direct-lfselection-append"",""test_file"":""Relico/Tests/DirectLFSelectionAppend.lean""}"
obligation	DirectLFSelectionAppend:0010	core--priority-selection--positive	accepted	priority	"{""classification"":""type_or_api_check"",""evidence_role"":""source-capability"",""final_benchmark_id"":""core--priority-selection--positive"",""kind"":""#check"",""line_number"":""148"",""mapping_status"":""accepted"",""name_or_expression"":""#check Correctness.directLFOrderedSelectionCompatible_cons"",""obligation_id"":""DirectLFSelectionAppend:0010"",""original_benchmark_candidate"":""test-direct-lfselection-append"",""test_file"":""Relico/Tests/DirectLFSelectionAppend.lean""}"
obligation	DirectLFSelectionAppend:0011	core--priority-selection--positive	accepted	priority	"{""classification"":""type_or_api_check"",""evidence_role"":""source-capability"",""final_benchmark_id"":""core--priority-selection--positive"",""kind"":""#check"",""line_number"":""150"",""mapping_status"":""accepted"",""name_or_expression"":""#check Correctness.directLFSelectionAppendCompatible_nil"",""obligation_id"":""DirectLFSelectionAppend:0011"",""original_benchmark_candidate"":""test-direct-lfselection-append"",""test_file"":""Relico/Tests/DirectLFSelectionAppend.lean""}"
obligation	DirectLFSelectionAppend:0012	core--priority-selection--positive	accepted	priority	"{""classification"":""type_or_api_check"",""evidence_role"":""source-capability"",""final_benchmark_id"":""core--priority-selection--positive"",""kind"":""#check"",""line_number"":""151"",""mapping_status"":""accepted"",""name_or_expression"":""#check Correctness.DirectLFSelectionAppendCompatible.cons_one"",""obligation_id"":""DirectLFSelectionAppend:0012"",""original_benchmark_candidate"":""test-direct-lfselection-append"",""test_file"":""Relico/Tests/DirectLFSelectionAppend.lean""}"
obligation	DirectLFSelectionAppend:0013	core--priority-selection--positive	accepted	priority	"{""classification"":""type_or_api_check"",""evidence_role"":""source-capability"",""final_benchmark_id"":""core--priority-selection--positive"",""kind"":""#check"",""line_number"":""153"",""mapping_status"":""accepted"",""name_or_expression"":""#check Correctness.DirectLFSelectionAppendCompatible.append_one"",""obligation_id"":""DirectLFSelectionAppend:0013"",""original_benchmark_candidate"":""test-direct-lfselection-append"",""test_file"":""Relico/Tests/DirectLFSelectionAppend.lean""}"
obligation	DirectLFSelectionAppend:0014	core--priority-selection--positive	accepted	priority	"{""classification"":""type_or_api_check"",""evidence_role"":""source-capability"",""final_benchmark_id"":""core--priority-selection--positive"",""kind"":""#check"",""line_number"":""154"",""mapping_status"":""accepted"",""name_or_expression"":""#check Correctness.directLFSelectionCompatible_singleton"",""obligation_id"":""DirectLFSelectionAppend:0014"",""original_benchmark_candidate"":""test-direct-lfselection-append"",""test_file"":""Relico/Tests/DirectLFSelectionAppend.lean""}"
obligation	DirectLFSelectionAppend:0015	core--priority-selection--positive	accepted	priority	"{""classification"":""type_or_api_check"",""evidence_role"":""source-capability"",""final_benchmark_id"":""core--priority-selection--positive"",""kind"":""#check"",""line_number"":""156"",""mapping_status"":""accepted"",""name_or_expression"":""#check empty_accepts_corresponding_occurrence"",""obligation_id"":""DirectLFSelectionAppend:0015"",""original_benchmark_candidate"":""test-direct-lfselection-append"",""test_file"":""Relico/Tests/DirectLFSelectionAppend.lean""}"
obligation	DirectLFSelectionAppend:0016	core--priority-selection--positive	accepted	priority	"{""classification"":""type_or_api_check"",""evidence_role"":""source-capability"",""final_benchmark_id"":""core--priority-selection--positive"",""kind"":""#check"",""line_number"":""158"",""mapping_status"":""accepted"",""name_or_expression"":""#check singleton_compatible"",""obligation_id"":""DirectLFSelectionAppend:0016"",""original_benchmark_candidate"":""test-direct-lfselection-append"",""test_file"":""Relico/Tests/DirectLFSelectionAppend.lean""}"
obligation	DirectLFSelectionAppend:0017	core--priority-selection--positive	accepted	priority	"{""classification"":""type_or_api_check"",""evidence_role"":""source-capability"",""final_benchmark_id"":""core--priority-selection--positive"",""kind"":""#check"",""line_number"":""159"",""mapping_status"":""accepted"",""name_or_expression"":""#check append_one_preserves"",""obligation_id"":""DirectLFSelectionAppend:0017"",""original_benchmark_candidate"":""test-direct-lfselection-append"",""test_file"":""Relico/Tests/DirectLFSelectionAppend.lean""}"
obligation	DirectLFSelectionAppend:0018	core--priority-selection--positive	accepted	priority	"{""classification"":""type_or_api_check"",""evidence_role"":""source-capability"",""final_benchmark_id"":""core--priority-selection--positive"",""kind"":""#check"",""line_number"":""160"",""mapping_status"":""accepted"",""name_or_expression"":""#check cons_one_preserves"",""obligation_id"":""DirectLFSelectionAppend:0018"",""original_benchmark_candidate"":""test-direct-lfselection-append"",""test_file"":""Relico/Tests/DirectLFSelectionAppend.lean""}"
obligation	DirectLFSelectionAppend:0019	core--priority-selection--positive	accepted	priority	"{""classification"":""type_or_api_check"",""evidence_role"":""source-capability"",""final_benchmark_id"":""core--priority-selection--positive"",""kind"":""#check"",""line_number"":""161"",""mapping_status"":""accepted"",""name_or_expression"":""#check append_premise_contains_previous_invariant"",""obligation_id"":""DirectLFSelectionAppend:0019"",""original_benchmark_candidate"":""test-direct-lfselection-append"",""test_file"":""Relico/Tests/DirectLFSelectionAppend.lean""}"
obligation	DirectLFSelectionCompatibility:0001	core--priority-selection--positive	accepted	priority	"{""classification"":""proof_obligation"",""evidence_role"":""source-capability"",""final_benchmark_id"":""core--priority-selection--positive"",""kind"":""theorem"",""line_number"":""12"",""mapping_status"":""accepted"",""name_or_expression"":""empty_compatible"",""obligation_id"":""DirectLFSelectionCompatibility:0001"",""original_benchmark_candidate"":""test-direct-lfselection-compatibility"",""test_file"":""Relico/Tests/DirectLFSelectionCompatibility.lean""}"
obligation	DirectLFSelectionCompatibility:0002	core--priority-selection--positive	accepted	priority	"{""classification"":""proof_obligation"",""evidence_role"":""source-capability"",""final_benchmark_id"":""core--priority-selection--positive"",""kind"":""theorem"",""line_number"":""26"",""mapping_status"":""accepted"",""name_or_expression"":""same_microstep_pair_compatible"",""obligation_id"":""DirectLFSelectionCompatibility:0002"",""original_benchmark_candidate"":""test-direct-lfselection-compatibility"",""test_file"":""Relico/Tests/DirectLFSelectionCompatibility.lean""}"
obligation	DirectLFSelectionCompatibility:0003	core--priority-selection--positive	accepted	priority	"{""classification"":""proof_obligation"",""evidence_role"":""source-capability"",""final_benchmark_id"":""core--priority-selection--positive"",""kind"":""theorem"",""line_number"":""58"",""mapping_status"":""accepted"",""name_or_expression"":""earlier_microstep_pair_compatible"",""obligation_id"":""DirectLFSelectionCompatibility:0003"",""original_benchmark_candidate"":""test-direct-lfselection-compatibility"",""test_file"":""Relico/Tests/DirectLFSelectionCompatibility.lean""}"
obligation	DirectLFSelectionCompatibility:0004	core--priority-selection--positive	accepted	priority	"{""classification"":""proof_obligation"",""evidence_role"":""source-capability"",""final_benchmark_id"":""core--priority-selection--positive"",""kind"":""theorem"",""line_number"":""97"",""mapping_status"":""accepted"",""name_or_expression"":""earlier_microstep_recovers_priority"",""obligation_id"":""DirectLFSelectionCompatibility:0004"",""original_benchmark_candidate"":""test-direct-lfselection-compatibility"",""test_file"":""Relico/Tests/DirectLFSelectionCompatibility.lean""}"
obligation	DirectLFSelectionCompatibility:0005	core--priority-selection--positive	accepted	priority	"{""classification"":""type_or_api_check"",""evidence_role"":""source-capability"",""final_benchmark_id"":""core--priority-selection--positive"",""kind"":""#check"",""line_number"":""124"",""mapping_status"":""accepted"",""name_or_expression"":""#check Correctness.DirectLFStrictPriorityPrecedes"",""obligation_id"":""DirectLFSelectionCompatibility:0005"",""original_benchmark_candidate"":""test-direct-lfselection-compatibility"",""test_file"":""Relico/Tests/DirectLFSelectionCompatibility.lean""}"
obligation	DirectLFSelectionCompatibility:0006	core--priority-selection--positive	accepted	priority	"{""classification"":""type_or_api_check"",""evidence_role"":""source-capability"",""final_benchmark_id"":""core--priority-selection--positive"",""kind"":""#check"",""line_number"":""126"",""mapping_status"":""accepted"",""name_or_expression"":""#check Correctness.DirectLFPairSelectionCompatible"",""obligation_id"":""DirectLFSelectionCompatibility:0006"",""original_benchmark_candidate"":""test-direct-lfselection-compatibility"",""test_file"":""Relico/Tests/DirectLFSelectionCompatibility.lean""}"
obligation	DirectLFSelectionCompatibility:0007	core--priority-selection--positive	accepted	priority	"{""classification"":""type_or_api_check"",""evidence_role"":""source-capability"",""final_benchmark_id"":""core--priority-selection--positive"",""kind"":""#check"",""line_number"":""127"",""mapping_status"":""accepted"",""name_or_expression"":""#check Correctness.DirectLFPairSelectionCompatible.symm"",""obligation_id"":""DirectLFSelectionCompatibility:0007"",""original_benchmark_candidate"":""test-direct-lfselection-compatibility"",""test_file"":""Relico/Tests/DirectLFSelectionCompatibility.lean""}"
obligation	DirectLFSelectionCompatibility:0008	core--priority-selection--positive	accepted	priority	"{""classification"":""type_or_api_check"",""evidence_role"":""source-capability"",""final_benchmark_id"":""core--priority-selection--positive"",""kind"":""#check"",""line_number"":""128"",""mapping_status"":""accepted"",""name_or_expression"":""#check Correctness.DirectLFAlignedOccurrence"",""obligation_id"":""DirectLFSelectionCompatibility:0008"",""original_benchmark_candidate"":""test-direct-lfselection-compatibility"",""test_file"":""Relico/Tests/DirectLFSelectionCompatibility.lean""}"
obligation	DirectLFSelectionCompatibility:0009	core--priority-selection--positive	accepted	priority	"{""classification"":""type_or_api_check"",""evidence_role"":""source-capability"",""final_benchmark_id"":""core--priority-selection--positive"",""kind"":""#check"",""line_number"":""129"",""mapping_status"":""accepted"",""name_or_expression"":""#check Correctness.DirectLFOrderedSelectionCompatible"",""obligation_id"":""DirectLFSelectionCompatibility:0009"",""original_benchmark_candidate"":""test-direct-lfselection-compatibility"",""test_file"":""Relico/Tests/DirectLFSelectionCompatibility.lean""}"
obligation	DirectLFSelectionCompatibility:0010	core--priority-selection--positive	accepted	priority	"{""classification"":""type_or_api_check"",""evidence_role"":""source-capability"",""final_benchmark_id"":""core--priority-selection--positive"",""kind"":""#check"",""line_number"":""130"",""mapping_status"":""accepted"",""name_or_expression"":""#check Correctness.DirectLFSelectionCompatible"",""obligation_id"":""DirectLFSelectionCompatibility:0010"",""original_benchmark_candidate"":""test-direct-lfselection-compatibility"",""test_file"":""Relico/Tests/DirectLFSelectionCompatibility.lean""}"
obligation	DirectLFSelectionCompatibility:0011	core--priority-selection--positive	accepted	priority	"{""classification"":""type_or_api_check"",""evidence_role"":""source-capability"",""final_benchmark_id"":""core--priority-selection--positive"",""kind"":""#check"",""line_number"":""131"",""mapping_status"":""accepted"",""name_or_expression"":""#check Correctness.DirectLFSelectionCompatible.toBagQueueCorresponds"",""obligation_id"":""DirectLFSelectionCompatibility:0011"",""original_benchmark_candidate"":""test-direct-lfselection-compatibility"",""test_file"":""Relico/Tests/DirectLFSelectionCompatibility.lean""}"
obligation	DirectLFSelectionCompatibility:0012	core--priority-selection--positive	accepted	priority	"{""classification"":""type_or_api_check"",""evidence_role"":""source-capability"",""final_benchmark_id"":""core--priority-selection--positive"",""kind"":""#check"",""line_number"":""134"",""mapping_status"":""accepted"",""name_or_expression"":""#check Correctness.directLFAlignedOccurrence_of_source_mem"",""obligation_id"":""DirectLFSelectionCompatibility:0012"",""original_benchmark_candidate"":""test-direct-lfselection-compatibility"",""test_file"":""Relico/Tests/DirectLFSelectionCompatibility.lean""}"
obligation	DirectLFSelectionCompatibility:0013	core--priority-selection--positive	accepted	priority	"{""classification"":""type_or_api_check"",""evidence_role"":""source-capability"",""final_benchmark_id"":""core--priority-selection--positive"",""kind"":""#check"",""line_number"":""137"",""mapping_status"":""accepted"",""name_or_expression"":""#check Correctness.directLFAlignedOccurrence_of_target_mem"",""obligation_id"":""DirectLFSelectionCompatibility:0013"",""original_benchmark_candidate"":""test-direct-lfselection-compatibility"",""test_file"":""Relico/Tests/DirectLFSelectionCompatibility.lean""}"
obligation	DirectLFSelectionCompatibility:0014	core--priority-selection--positive	accepted	message-server-priority|priority	"{""classification"":""type_or_api_check"",""evidence_role"":""source-capability"",""final_benchmark_id"":""core--priority-selection--positive"",""kind"":""#check"",""line_number"":""140"",""mapping_status"":""accepted"",""name_or_expression"":""#check Correctness.directLF_sourcePriorityEligible_implies_exists_targetReactionPriorityEligible"",""obligation_id"":""DirectLFSelectionCompatibility:0014"",""original_benchmark_candidate"":""test-direct-lfselection-compatibility"",""test_file"":""Relico/Tests/DirectLFSelectionCompatibility.lean""}"
obligation	DirectLFSelectionCompatibility:0015	core--priority-selection--positive	accepted	message-server-priority|priority	"{""classification"":""type_or_api_check"",""evidence_role"":""source-capability"",""final_benchmark_id"":""core--priority-selection--positive"",""kind"":""#check"",""line_number"":""143"",""mapping_status"":""accepted"",""name_or_expression"":""#check Correctness.directLF_targetReactionPriorityEligible_implies_exists_sourcePriorityEligible"",""obligation_id"":""DirectLFSelectionCompatibility:0015"",""original_benchmark_candidate"":""test-direct-lfselection-compatibility"",""test_file"":""Relico/Tests/DirectLFSelectionCompatibility.lean""}"
obligation	DirectLFSelectionCompatibility:0016	core--priority-selection--positive	accepted	priority	"{""classification"":""type_or_api_check"",""evidence_role"":""source-capability"",""final_benchmark_id"":""core--priority-selection--positive"",""kind"":""#check"",""line_number"":""146"",""mapping_status"":""accepted"",""name_or_expression"":""#check empty_compatible"",""obligation_id"":""DirectLFSelectionCompatibility:0016"",""original_benchmark_candidate"":""test-direct-lfselection-compatibility"",""test_file"":""Relico/Tests/DirectLFSelectionCompatibility.lean""}"
obligation	DirectLFSelectionCompatibility:0017	core--priority-selection--positive	accepted	priority	"{""classification"":""type_or_api_check"",""evidence_role"":""source-capability"",""final_benchmark_id"":""core--priority-selection--positive"",""kind"":""#check"",""line_number"":""148"",""mapping_status"":""accepted"",""name_or_expression"":""#check same_microstep_pair_compatible"",""obligation_id"":""DirectLFSelectionCompatibility:0017"",""original_benchmark_candidate"":""test-direct-lfselection-compatibility"",""test_file"":""Relico/Tests/DirectLFSelectionCompatibility.lean""}"
obligation	DirectLFSelectionCompatibility:0018	core--priority-selection--positive	accepted	priority	"{""classification"":""type_or_api_check"",""evidence_role"":""source-capability"",""final_benchmark_id"":""core--priority-selection--positive"",""kind"":""#check"",""line_number"":""149"",""mapping_status"":""accepted"",""name_or_expression"":""#check earlier_microstep_pair_compatible"",""obligation_id"":""DirectLFSelectionCompatibility:0018"",""original_benchmark_candidate"":""test-direct-lfselection-compatibility"",""test_file"":""Relico/Tests/DirectLFSelectionCompatibility.lean""}"
obligation	DirectLFSelectionCompatibility:0019	core--priority-selection--positive	accepted	priority	"{""classification"":""type_or_api_check"",""evidence_role"":""source-capability"",""final_benchmark_id"":""core--priority-selection--positive"",""kind"":""#check"",""line_number"":""150"",""mapping_status"":""accepted"",""name_or_expression"":""#check earlier_microstep_recovers_priority"",""obligation_id"":""DirectLFSelectionCompatibility:0019"",""original_benchmark_candidate"":""test-direct-lfselection-compatibility"",""test_file"":""Relico/Tests/DirectLFSelectionCompatibility.lean""}"
obligation	DirectLFSelectionRemoval:0001	core--priority-selection--positive	accepted	priority	"{""classification"":""proof_obligation"",""evidence_role"":""source-capability"",""final_benchmark_id"":""core--priority-selection--positive"",""kind"":""theorem"",""line_number"":""13"",""mapping_status"":""accepted"",""name_or_expression"":""source_removal_preserves"",""obligation_id"":""DirectLFSelectionRemoval:0001"",""original_benchmark_candidate"":""test-direct-lfselection-removal"",""test_file"":""Relico/Tests/DirectLFSelectionRemoval.lean""}"
obligation	DirectLFSelectionRemoval:0002	core--priority-selection--positive	accepted	priority	"{""classification"":""proof_obligation"",""evidence_role"":""source-capability"",""final_benchmark_id"":""core--priority-selection--positive"",""kind"":""theorem"",""line_number"":""52"",""mapping_status"":""accepted"",""name_or_expression"":""target_removal_preserves"",""obligation_id"":""DirectLFSelectionRemoval:0002"",""original_benchmark_candidate"":""test-direct-lfselection-removal"",""test_file"":""Relico/Tests/DirectLFSelectionRemoval.lean""}"
obligation	DirectLFSelectionRemoval:0003	core--priority-selection--positive	accepted	priority	"{""classification"":""proof_obligation"",""evidence_role"":""source-capability"",""final_benchmark_id"":""core--priority-selection--positive"",""kind"":""theorem"",""line_number"":""90"",""mapping_status"":""accepted"",""name_or_expression"":""source_permutation_preserves"",""obligation_id"":""DirectLFSelectionRemoval:0003"",""original_benchmark_candidate"":""test-direct-lfselection-removal"",""test_file"":""Relico/Tests/DirectLFSelectionRemoval.lean""}"
obligation	DirectLFSelectionRemoval:0004	core--priority-selection--positive	accepted	priority	"{""classification"":""proof_obligation"",""evidence_role"":""source-capability"",""final_benchmark_id"":""core--priority-selection--positive"",""kind"":""theorem"",""line_number"":""115"",""mapping_status"":""accepted"",""name_or_expression"":""target_permutation_preserves"",""obligation_id"":""DirectLFSelectionRemoval:0004"",""original_benchmark_candidate"":""test-direct-lfselection-removal"",""test_file"":""Relico/Tests/DirectLFSelectionRemoval.lean""}"
obligation	DirectLFSelectionRemoval:0005	core--priority-selection--positive	accepted	priority	"{""classification"":""type_or_api_check"",""evidence_role"":""source-capability"",""final_benchmark_id"":""core--priority-selection--positive"",""kind"":""#check"",""line_number"":""136"",""mapping_status"":""accepted"",""name_or_expression"":""#check Correctness.DirectLFSelectionCompatible.perm_source"",""obligation_id"":""DirectLFSelectionRemoval:0005"",""original_benchmark_candidate"":""test-direct-lfselection-removal"",""test_file"":""Relico/Tests/DirectLFSelectionRemoval.lean""}"
obligation	DirectLFSelectionRemoval:0006	core--priority-selection--positive	accepted	priority	"{""classification"":""type_or_api_check"",""evidence_role"":""source-capability"",""final_benchmark_id"":""core--priority-selection--positive"",""kind"":""#check"",""line_number"":""138"",""mapping_status"":""accepted"",""name_or_expression"":""#check Correctness.DirectLFSelectionCompatible.perm_target"",""obligation_id"":""DirectLFSelectionRemoval:0006"",""original_benchmark_candidate"":""test-direct-lfselection-removal"",""test_file"":""Relico/Tests/DirectLFSelectionRemoval.lean""}"
obligation	DirectLFSelectionRemoval:0007	core--priority-selection--positive	accepted	priority	"{""classification"":""type_or_api_check"",""evidence_role"":""source-capability"",""final_benchmark_id"":""core--priority-selection--positive"",""kind"":""#check"",""line_number"":""139"",""mapping_status"":""accepted"",""name_or_expression"":""#check Correctness.directLFAlignedRemoval_of_source"",""obligation_id"":""DirectLFSelectionRemoval:0007"",""original_benchmark_candidate"":""test-direct-lfselection-removal"",""test_file"":""Relico/Tests/DirectLFSelectionRemoval.lean""}"
obligation	DirectLFSelectionRemoval:0008	core--priority-selection--positive	accepted	priority	"{""classification"":""type_or_api_check"",""evidence_role"":""source-capability"",""final_benchmark_id"":""core--priority-selection--positive"",""kind"":""#check"",""line_number"":""141"",""mapping_status"":""accepted"",""name_or_expression"":""#check Correctness.directLFAlignedRemoval_of_target"",""obligation_id"":""DirectLFSelectionRemoval:0008"",""original_benchmark_candidate"":""test-direct-lfselection-removal"",""test_file"":""Relico/Tests/DirectLFSelectionRemoval.lean""}"
obligation	DirectLFSelectionRemoval:0009	core--priority-selection--positive	accepted	priority	"{""classification"":""type_or_api_check"",""evidence_role"":""source-capability"",""final_benchmark_id"":""core--priority-selection--positive"",""kind"":""#check"",""line_number"":""142"",""mapping_status"":""accepted"",""name_or_expression"":""#check Correctness.DirectLFOrderedSelectionCompatible.remove_source"",""obligation_id"":""DirectLFSelectionRemoval:0009"",""original_benchmark_candidate"":""test-direct-lfselection-removal"",""test_file"":""Relico/Tests/DirectLFSelectionRemoval.lean""}"
obligation	DirectLFSelectionRemoval:0010	core--priority-selection--positive	accepted	priority	"{""classification"":""type_or_api_check"",""evidence_role"":""source-capability"",""final_benchmark_id"":""core--priority-selection--positive"",""kind"":""#check"",""line_number"":""144"",""mapping_status"":""accepted"",""name_or_expression"":""#check Correctness.DirectLFOrderedSelectionCompatible.remove_target"",""obligation_id"":""DirectLFSelectionRemoval:0010"",""original_benchmark_candidate"":""test-direct-lfselection-removal"",""test_file"":""Relico/Tests/DirectLFSelectionRemoval.lean""}"
obligation	DirectLFSelectionRemoval:0011	core--priority-selection--positive	accepted	priority	"{""classification"":""type_or_api_check"",""evidence_role"":""source-capability"",""final_benchmark_id"":""core--priority-selection--positive"",""kind"":""#check"",""line_number"":""145"",""mapping_status"":""accepted"",""name_or_expression"":""#check Correctness.DirectLFSelectionCompatible.remove_source"",""obligation_id"":""DirectLFSelectionRemoval:0011"",""original_benchmark_candidate"":""test-direct-lfselection-removal"",""test_file"":""Relico/Tests/DirectLFSelectionRemoval.lean""}"
obligation	DirectLFSelectionRemoval:0012	core--priority-selection--positive	accepted	priority	"{""classification"":""type_or_api_check"",""evidence_role"":""source-capability"",""final_benchmark_id"":""core--priority-selection--positive"",""kind"":""#check"",""line_number"":""147"",""mapping_status"":""accepted"",""name_or_expression"":""#check Correctness.DirectLFSelectionCompatible.remove_target"",""obligation_id"":""DirectLFSelectionRemoval:0012"",""original_benchmark_candidate"":""test-direct-lfselection-removal"",""test_file"":""Relico/Tests/DirectLFSelectionRemoval.lean""}"
obligation	DirectLFSelectionRemoval:0013	core--priority-selection--positive	accepted	priority	"{""classification"":""type_or_api_check"",""evidence_role"":""source-capability"",""final_benchmark_id"":""core--priority-selection--positive"",""kind"":""#check"",""line_number"":""148"",""mapping_status"":""accepted"",""name_or_expression"":""#check source_removal_preserves"",""obligation_id"":""DirectLFSelectionRemoval:0013"",""original_benchmark_candidate"":""test-direct-lfselection-removal"",""test_file"":""Relico/Tests/DirectLFSelectionRemoval.lean""}"
obligation	DirectLFSelectionRemoval:0014	core--priority-selection--positive	accepted	priority	"{""classification"":""type_or_api_check"",""evidence_role"":""source-capability"",""final_benchmark_id"":""core--priority-selection--positive"",""kind"":""#check"",""line_number"":""150"",""mapping_status"":""accepted"",""name_or_expression"":""#check target_removal_preserves"",""obligation_id"":""DirectLFSelectionRemoval:0014"",""original_benchmark_candidate"":""test-direct-lfselection-removal"",""test_file"":""Relico/Tests/DirectLFSelectionRemoval.lean""}"
obligation	DirectLFSelectionRemoval:0015	core--priority-selection--positive	accepted	priority	"{""classification"":""type_or_api_check"",""evidence_role"":""source-capability"",""final_benchmark_id"":""core--priority-selection--positive"",""kind"":""#check"",""line_number"":""151"",""mapping_status"":""accepted"",""name_or_expression"":""#check source_permutation_preserves"",""obligation_id"":""DirectLFSelectionRemoval:0015"",""original_benchmark_candidate"":""test-direct-lfselection-removal"",""test_file"":""Relico/Tests/DirectLFSelectionRemoval.lean""}"
obligation	DirectLFSelectionRemoval:0016	core--priority-selection--positive	accepted	priority	"{""classification"":""type_or_api_check"",""evidence_role"":""source-capability"",""final_benchmark_id"":""core--priority-selection--positive"",""kind"":""#check"",""line_number"":""152"",""mapping_status"":""accepted"",""name_or_expression"":""#check target_permutation_preserves"",""obligation_id"":""DirectLFSelectionRemoval:0016"",""original_benchmark_candidate"":""test-direct-lfselection-removal"",""test_file"":""Relico/Tests/DirectLFSelectionRemoval.lean""}"
obligation	GlobalMultiStorePayloadActorPriorityBoundary:0001	global-multi-actor-payload--priority-selection--negative	accepted	actor-priority|priority	"{""classification"":""proof_obligation"",""evidence_role"":""source-capability"",""final_benchmark_id"":""global-multi-actor-payload--priority-selection--negative"",""kind"":""theorem"",""line_number"":""8"",""mapping_status"":""accepted"",""name_or_expression"":""sourceMetadata_absent"",""obligation_id"":""GlobalMultiStorePayloadActorPriorityBoundary:0001"",""original_benchmark_candidate"":""test-global-multi-store-payload-actor-priority-boundary"",""test_file"":""Relico/Tests/GlobalMultiStorePayloadActorPriorityBoundary.lean""}"
obligation	GlobalMultiStorePayloadActorPriorityBoundary:0002	global-multi-actor-payload--priority-selection--negative	accepted	actor-priority|priority	"{""classification"":""proof_obligation"",""evidence_role"":""source-capability"",""final_benchmark_id"":""global-multi-actor-payload--priority-selection--negative"",""kind"":""theorem"",""line_number"":""13"",""mapping_status"":""accepted"",""name_or_expression"":""targetMetadata_absent"",""obligation_id"":""GlobalMultiStorePayloadActorPriorityBoundary:0002"",""original_benchmark_candidate"":""test-global-multi-store-payload-actor-priority-boundary"",""test_file"":""Relico/Tests/GlobalMultiStorePayloadActorPriorityBoundary.lean""}"
obligation	GlobalMultiStorePayloadActorPriorityBoundary:0003	global-multi-actor-payload--priority-selection--negative	accepted	actor-priority|priority	"{""classification"":""proof_obligation"",""evidence_role"":""source-capability"",""final_benchmark_id"":""global-multi-actor-payload--priority-selection--negative"",""kind"":""theorem"",""line_number"":""18"",""mapping_status"":""accepted"",""name_or_expression"":""sourceTargetMetadata_correspond"",""obligation_id"":""GlobalMultiStorePayloadActorPriorityBoundary:0003"",""original_benchmark_candidate"":""test-global-multi-store-payload-actor-priority-boundary"",""test_file"":""Relico/Tests/GlobalMultiStorePayloadActorPriorityBoundary.lean""}"
obligation	GlobalMultiStorePayloadActorPriorityBoundary:0004	global-multi-actor-payload--priority-selection--negative	accepted	actor-priority|priority	"{""classification"":""proof_obligation"",""evidence_role"":""source-capability"",""final_benchmark_id"":""global-multi-actor-payload--priority-selection--negative"",""kind"":""theorem"",""line_number"":""24"",""mapping_status"":""accepted"",""name_or_expression"":""absentRequest_supported"",""obligation_id"":""GlobalMultiStorePayloadActorPriorityBoundary:0004"",""original_benchmark_candidate"":""test-global-multi-store-payload-actor-priority-boundary"",""test_file"":""Relico/Tests/GlobalMultiStorePayloadActorPriorityBoundary.lean""}"
obligation	GlobalMultiStorePayloadActorPriorityBoundary:0005	global-multi-actor-payload--priority-selection--negative	accepted	actor-priority|priority	"{""classification"":""proof_obligation"",""evidence_role"":""source-capability"",""final_benchmark_id"":""global-multi-actor-payload--priority-selection--negative"",""kind"":""theorem"",""line_number"":""28"",""mapping_status"":""accepted"",""name_or_expression"":""explicitRequest_rejected"",""obligation_id"":""GlobalMultiStorePayloadActorPriorityBoundary:0005"",""original_benchmark_candidate"":""test-global-multi-store-payload-actor-priority-boundary"",""test_file"":""Relico/Tests/GlobalMultiStorePayloadActorPriorityBoundary.lean""}"
obligation	GlobalMultiStorePayloadActorPriorityBoundary:0006	global-multi-actor-payload--priority-selection--negative	accepted	actor-priority|priority	"{""classification"":""proof_obligation"",""evidence_role"":""source-capability"",""final_benchmark_id"":""global-multi-actor-payload--priority-selection--negative"",""kind"":""theorem"",""line_number"":""33"",""mapping_status"":""accepted"",""name_or_expression"":""emptyExplicitAssignment_rejected"",""obligation_id"":""GlobalMultiStorePayloadActorPriorityBoundary:0006"",""original_benchmark_candidate"":""test-global-multi-store-payload-actor-priority-boundary"",""test_file"":""Relico/Tests/GlobalMultiStorePayloadActorPriorityBoundary.lean""}"
obligation	GlobalMultiStorePayloadActorPriorityBoundary:0007	global-multi-actor-payload--priority-selection--negative	accepted	actor-priority|priority	"{""classification"":""proof_obligation"",""evidence_role"":""source-capability"",""final_benchmark_id"":""global-multi-actor-payload--priority-selection--negative"",""kind"":""theorem"",""line_number"":""38"",""mapping_status"":""accepted"",""name_or_expression"":""boundary_characterization"",""obligation_id"":""GlobalMultiStorePayloadActorPriorityBoundary:0007"",""original_benchmark_candidate"":""test-global-multi-store-payload-actor-priority-boundary"",""test_file"":""Relico/Tests/GlobalMultiStorePayloadActorPriorityBoundary.lean""}"
obligation	GlobalMultiStorePayloadActorPriorityBoundary:0008	global-multi-actor-payload--priority-selection--negative	accepted	actor-priority|priority	"{""classification"":""proof_obligation"",""evidence_role"":""source-capability"",""final_benchmark_id"":""global-multi-actor-payload--priority-selection--negative"",""kind"":""theorem"",""line_number"":""49"",""mapping_status"":""accepted"",""name_or_expression"":""absentBoundary_supported"",""obligation_id"":""GlobalMultiStorePayloadActorPriorityBoundary:0008"",""original_benchmark_candidate"":""test-global-multi-store-payload-actor-priority-boundary"",""test_file"":""Relico/Tests/GlobalMultiStorePayloadActorPriorityBoundary.lean""}"
obligation	GlobalMultiStorePayloadActorPriorityBoundary:0009	global-multi-actor-payload--priority-selection--negative	accepted	actor-priority|priority	"{""classification"":""proof_obligation"",""evidence_role"":""source-capability"",""final_benchmark_id"":""global-multi-actor-payload--priority-selection--negative"",""kind"":""theorem"",""line_number"":""57"",""mapping_status"":""accepted"",""name_or_expression"":""explicitBoundary_rejected"",""obligation_id"":""GlobalMultiStorePayloadActorPriorityBoundary:0009"",""original_benchmark_candidate"":""test-global-multi-store-payload-actor-priority-boundary"",""test_file"":""Relico/Tests/GlobalMultiStorePayloadActorPriorityBoundary.lean""}"
obligation	GlobalMultiStorePayloadActorPriorityBoundary:0010	global-multi-actor-payload--priority-selection--negative	accepted	actor-priority|message-server-priority|priority	"{""classification"":""proof_obligation"",""evidence_role"":""source-capability"",""final_benchmark_id"":""global-multi-actor-payload--priority-selection--negative"",""kind"":""theorem"",""line_number"":""67"",""mapping_status"":""accepted"",""name_or_expression"":""localPriority_preserved"",""obligation_id"":""GlobalMultiStorePayloadActorPriorityBoundary:0010"",""original_benchmark_candidate"":""test-global-multi-store-payload-actor-priority-boundary"",""test_file"":""Relico/Tests/GlobalMultiStorePayloadActorPriorityBoundary.lean""}"
obligation	MessageServerPriority:0001	multi-store--priority-selection--positive	accepted	message-server-priority|priority	"{""classification"":""test_fixture_or_helper"",""evidence_role"":""source-capability"",""final_benchmark_id"":""multi-store--priority-selection--positive"",""kind"":""def"",""line_number"":""8"",""mapping_status"":""accepted"",""name_or_expression"":""priorityHighName"",""obligation_id"":""MessageServerPriority:0001"",""original_benchmark_candidate"":""test-message-server-priority"",""test_file"":""Relico/Tests/MessageServerPriority.lean""}"
obligation	MessageServerPriority:0002	multi-store--priority-selection--positive	accepted	message-server-priority|priority	"{""classification"":""test_fixture_or_helper"",""evidence_role"":""source-capability"",""final_benchmark_id"":""multi-store--priority-selection--positive"",""kind"":""def"",""line_number"":""12"",""mapping_status"":""accepted"",""name_or_expression"":""priorityHighTieName"",""obligation_id"":""MessageServerPriority:0002"",""original_benchmark_candidate"":""test-message-server-priority"",""test_file"":""Relico/Tests/MessageServerPriority.lean""}"
obligation	MessageServerPriority:0003	multi-store--priority-selection--positive	accepted	message-server-priority|priority	"{""classification"":""test_fixture_or_helper"",""evidence_role"":""source-capability"",""final_benchmark_id"":""multi-store--priority-selection--positive"",""kind"":""def"",""line_number"":""16"",""mapping_status"":""accepted"",""name_or_expression"":""priorityLowName"",""obligation_id"":""MessageServerPriority:0003"",""original_benchmark_candidate"":""test-message-server-priority"",""test_file"":""Relico/Tests/MessageServerPriority.lean""}"
obligation	MessageServerPriority:0004	multi-store--priority-selection--positive	accepted	message-server-priority|priority	"{""classification"":""test_fixture_or_helper"",""evidence_role"":""source-capability"",""final_benchmark_id"":""multi-store--priority-selection--positive"",""kind"":""def"",""line_number"":""20"",""mapping_status"":""accepted"",""name_or_expression"":""priorityNoneName"",""obligation_id"":""MessageServerPriority:0004"",""original_benchmark_candidate"":""test-message-server-priority"",""test_file"":""Relico/Tests/MessageServerPriority.lean""}"
obligation	MessageServerPriority:0005	multi-store--priority-selection--positive	accepted	message-server-priority|priority	"{""classification"":""test_fixture_or_helper"",""evidence_role"":""source-capability"",""final_benchmark_id"":""multi-store--priority-selection--positive"",""kind"":""def"",""line_number"":""24"",""mapping_status"":""accepted"",""name_or_expression"":""priorityHighServer"",""obligation_id"":""MessageServerPriority:0005"",""original_benchmark_candidate"":""test-message-server-priority"",""test_file"":""Relico/Tests/MessageServerPriority.lean""}"
obligation	MessageServerPriority:0006	multi-store--priority-selection--positive	accepted	message-server-priority|priority	"{""classification"":""test_fixture_or_helper"",""evidence_role"":""source-capability"",""final_benchmark_id"":""multi-store--priority-selection--positive"",""kind"":""def"",""line_number"":""36"",""mapping_status"":""accepted"",""name_or_expression"":""priorityHighTieServer"",""obligation_id"":""MessageServerPriority:0006"",""original_benchmark_candidate"":""test-message-server-priority"",""test_file"":""Relico/Tests/MessageServerPriority.lean""}"
obligation	MessageServerPriority:0007	multi-store--priority-selection--positive	accepted	message-server-priority|priority	"{""classification"":""test_fixture_or_helper"",""evidence_role"":""source-capability"",""final_benchmark_id"":""multi-store--priority-selection--positive"",""kind"":""def"",""line_number"":""48"",""mapping_status"":""accepted"",""name_or_expression"":""priorityLowServer"",""obligation_id"":""MessageServerPriority:0007"",""original_benchmark_candidate"":""test-message-server-priority"",""test_file"":""Relico/Tests/MessageServerPriority.lean""}"
obligation	MessageServerPriority:0008	multi-store--priority-selection--positive	accepted	message-server-priority|priority	"{""classification"":""test_fixture_or_helper"",""evidence_role"":""source-capability"",""final_benchmark_id"":""multi-store--priority-selection--positive"",""kind"":""def"",""line_number"":""60"",""mapping_status"":""accepted"",""name_or_expression"":""priorityNoneServer"",""obligation_id"":""MessageServerPriority:0008"",""original_benchmark_candidate"":""test-message-server-priority"",""test_file"":""Relico/Tests/MessageServerPriority.lean""}"
obligation	MessageServerPriority:0009	multi-store--priority-selection--positive	accepted	message-server-priority|priority	"{""classification"":""proof_obligation"",""evidence_role"":""source-capability"",""final_benchmark_id"":""multi-store--priority-selection--positive"",""kind"":""theorem"",""line_number"":""73"",""mapping_status"":""accepted"",""name_or_expression"":""explicit_priority_numeric_order"",""obligation_id"":""MessageServerPriority:0009"",""original_benchmark_candidate"":""test-message-server-priority"",""test_file"":""Relico/Tests/MessageServerPriority.lean""}"
obligation	MessageServerPriority:0010	multi-store--priority-selection--positive	accepted	message-server-priority|priority	"{""classification"":""proof_obligation"",""evidence_role"":""source-capability"",""final_benchmark_id"":""multi-store--priority-selection--positive"",""kind"":""theorem"",""line_number"":""89"",""mapping_status"":""accepted"",""name_or_expression"":""explicit_priority_precedes_none"",""obligation_id"":""MessageServerPriority:0010"",""original_benchmark_candidate"":""test-message-server-priority"",""test_file"":""Relico/Tests/MessageServerPriority.lean""}"
obligation	MessageServerPriority:0011	multi-store--priority-selection--positive	accepted	message-server-priority|priority	"{""classification"":""proof_obligation"",""evidence_role"":""source-capability"",""final_benchmark_id"":""multi-store--priority-selection--positive"",""kind"":""theorem"",""line_number"":""104"",""mapping_status"":""accepted"",""name_or_expression"":""priority_normalization_regression"",""obligation_id"":""MessageServerPriority:0011"",""original_benchmark_candidate"":""test-message-server-priority"",""test_file"":""Relico/Tests/MessageServerPriority.lean""}"
obligation	MessageServerPriority:0012	multi-store--priority-selection--positive	accepted	message-server-priority|priority	"{""classification"":""proof_obligation"",""evidence_role"":""source-capability"",""final_benchmark_id"":""multi-store--priority-selection--positive"",""kind"":""theorem"",""line_number"":""121"",""mapping_status"":""accepted"",""name_or_expression"":""priority_normalization_preserves_membership"",""obligation_id"":""MessageServerPriority:0012"",""original_benchmark_candidate"":""test-message-server-priority"",""test_file"":""Relico/Tests/MessageServerPriority.lean""}"
obligation	MessageServerPriority:0013	multi-store--priority-selection--positive	accepted	message-server-priority|priority	"{""classification"":""proof_obligation"",""evidence_role"":""source-capability"",""final_benchmark_id"":""multi-store--priority-selection--positive"",""kind"":""theorem"",""line_number"":""148"",""mapping_status"":""accepted"",""name_or_expression"":""priority_normalization_preserves_length"",""obligation_id"":""MessageServerPriority:0013"",""original_benchmark_candidate"":""test-message-server-priority"",""test_file"":""Relico/Tests/MessageServerPriority.lean""}"
obligation	MessageServerPriority:0014	multi-store--priority-selection--positive	accepted	message-server-priority|priority	"{""classification"":""test_fixture_or_helper"",""evidence_role"":""source-capability"",""final_benchmark_id"":""multi-store--priority-selection--positive"",""kind"":""def"",""line_number"":""160"",""mapping_status"":""accepted"",""name_or_expression"":""def@160"",""obligation_id"":""MessageServerPriority:0014"",""original_benchmark_candidate"":""test-message-server-priority"",""test_file"":""Relico/Tests/MessageServerPriority.lean""}"
obligation	MessageServerPriority:0015	multi-store--priority-selection--positive	accepted	message-server-priority|priority	"{""classification"":""proof_obligation"",""evidence_role"":""source-capability"",""final_benchmark_id"":""multi-store--priority-selection--positive"",""kind"":""theorem"",""line_number"":""162"",""mapping_status"":""accepted"",""name_or_expression"":""existing_tick_server_has_no_priority"",""obligation_id"":""MessageServerPriority:0015"",""original_benchmark_candidate"":""test-message-server-priority"",""test_file"":""Relico/Tests/MessageServerPriority.lean""}"
obligation	MessageServerPriority:0016	multi-store--priority-selection--positive	accepted	message-server-priority|priority	"{""classification"":""proof_obligation"",""evidence_role"":""source-capability"",""final_benchmark_id"":""multi-store--priority-selection--positive"",""kind"":""theorem"",""line_number"":""166"",""mapping_status"":""accepted"",""name_or_expression"":""existing_reset_server_has_no_priority"",""obligation_id"":""MessageServerPriority:0016"",""original_benchmark_candidate"":""test-message-server-priority"",""test_file"":""Relico/Tests/MessageServerPriority.lean""}"
obligation	MessageServerPriority:0017	multi-store--priority-selection--positive	accepted	message-server-priority|priority	"{""classification"":""proof_obligation"",""evidence_role"":""source-capability"",""final_benchmark_id"":""multi-store--priority-selection--positive"",""kind"":""theorem"",""line_number"":""176"",""mapping_status"":""accepted"",""name_or_expression"":""existing_unannotated_order_regression"",""obligation_id"":""MessageServerPriority:0017"",""original_benchmark_candidate"":""test-message-server-priority"",""test_file"":""Relico/Tests/MessageServerPriority.lean""}"
obligation	MessageServerPriority:0018	multi-store--priority-selection--positive	accepted	message-server-priority|priority	"{""classification"":""test_fixture_or_helper"",""evidence_role"":""source-capability"",""final_benchmark_id"":""multi-store--priority-selection--positive"",""kind"":""def"",""line_number"":""181"",""mapping_status"":""accepted"",""name_or_expression"":""priorityTranslationServers"",""obligation_id"":""MessageServerPriority:0018"",""original_benchmark_candidate"":""test-message-server-priority"",""test_file"":""Relico/Tests/MessageServerPriority.lean""}"
obligation	MessageServerPriority:0019	multi-store--priority-selection--positive	accepted	message-server-priority|priority	"{""classification"":""proof_obligation"",""evidence_role"":""source-capability"",""final_benchmark_id"":""multi-store--priority-selection--positive"",""kind"":""theorem"",""line_number"":""194"",""mapping_status"":""accepted"",""name_or_expression"":""priority_translation_preserves_source_declarations"",""obligation_id"":""MessageServerPriority:0019"",""original_benchmark_candidate"":""test-message-server-priority"",""test_file"":""Relico/Tests/MessageServerPriority.lean""}"
obligation	MessageServerPriority:0020	multi-store--priority-selection--positive	accepted	message-server-priority|priority	"{""classification"":""proof_obligation"",""evidence_role"":""source-capability"",""final_benchmark_id"":""multi-store--priority-selection--positive"",""kind"":""theorem"",""line_number"":""206"",""mapping_status"":""accepted"",""name_or_expression"":""priority_translation_action_order"",""obligation_id"":""MessageServerPriority:0020"",""original_benchmark_candidate"":""test-message-server-priority"",""test_file"":""Relico/Tests/MessageServerPriority.lean""}"
obligation	MessageServerPriority:0021	multi-store--priority-selection--positive	accepted	message-server-priority|priority	"{""classification"":""proof_obligation"",""evidence_role"":""source-capability"",""final_benchmark_id"":""multi-store--priority-selection--positive"",""kind"":""theorem"",""line_number"":""223"",""mapping_status"":""accepted"",""name_or_expression"":""priority_translation_reaction_order"",""obligation_id"":""MessageServerPriority:0021"",""original_benchmark_candidate"":""test-message-server-priority"",""test_file"":""Relico/Tests/MessageServerPriority.lean""}"
obligation	MessageServerPriority:0022	multi-store--priority-selection--positive	accepted	message-server-priority|priority	"{""classification"":""proof_obligation"",""evidence_role"":""source-capability"",""final_benchmark_id"":""multi-store--priority-selection--positive"",""kind"":""theorem"",""line_number"":""241"",""mapping_status"":""accepted"",""name_or_expression"":""priority_translation_triggers_align"",""obligation_id"":""MessageServerPriority:0022"",""original_benchmark_candidate"":""test-message-server-priority"",""test_file"":""Relico/Tests/MessageServerPriority.lean""}"
obligation	MultiStoreCppBackend:0001	multi-store--priority-selection--positive	accepted	priority	"{""classification"":""proof_obligation"",""evidence_role"":""source-capability"",""final_benchmark_id"":""multi-store--priority-selection--positive"",""kind"":""theorem"",""line_number"":""17"",""mapping_status"":""accepted"",""name_or_expression"":""existing_store_cpp_printer_embeds_exactly"",""obligation_id"":""MultiStoreCppBackend:0001"",""original_benchmark_candidate"":""test-multi-store-cpp-backend"",""test_file"":""Relico/Tests/MultiStoreCppBackend.lean""}"
obligation	MultiStoreCppBackend:0002	multi-store--priority-selection--positive	accepted	priority	"{""classification"":""proof_obligation"",""evidence_role"":""source-capability"",""final_benchmark_id"":""multi-store--priority-selection--positive"",""kind"":""theorem"",""line_number"":""35"",""mapping_status"":""accepted"",""name_or_expression"":""priority_cpp_action_declaration_order"",""obligation_id"":""MultiStoreCppBackend:0002"",""original_benchmark_candidate"":""test-multi-store-cpp-backend"",""test_file"":""Relico/Tests/MultiStoreCppBackend.lean""}"
obligation	MultiStoreCppBackend:0003	multi-store--priority-selection--positive	accepted	priority	"{""classification"":""proof_obligation"",""evidence_role"":""source-capability"",""final_benchmark_id"":""multi-store--priority-selection--positive"",""kind"":""theorem"",""line_number"":""56"",""mapping_status"":""accepted"",""name_or_expression"":""priority_cpp_reaction_declaration_order"",""obligation_id"":""MultiStoreCppBackend:0003"",""original_benchmark_candidate"":""test-multi-store-cpp-backend"",""test_file"":""Relico/Tests/MultiStoreCppBackend.lean""}"
obligation	MultiStoreCppBackend:0004	multi-store--priority-selection--positive	accepted	priority	"{""classification"":""proof_obligation"",""evidence_role"":""source-capability"",""final_benchmark_id"":""multi-store--priority-selection--positive"",""kind"":""theorem"",""line_number"":""81"",""mapping_status"":""accepted"",""name_or_expression"":""twoMessageModel_renders_from_executable_translation"",""obligation_id"":""MultiStoreCppBackend:0004"",""original_benchmark_candidate"":""test-multi-store-cpp-backend"",""test_file"":""Relico/Tests/MultiStoreCppBackend.lean""}"
obligation	MultiStoreCppBackend:0005	multi-store--priority-selection--positive	accepted	priority	"{""classification"":""proof_obligation"",""evidence_role"":""source-capability"",""final_benchmark_id"":""multi-store--priority-selection--positive"",""kind"":""theorem"",""line_number"":""94"",""mapping_status"":""accepted"",""name_or_expression"":""decoded_priority_cpp_action_declaration_order"",""obligation_id"":""MultiStoreCppBackend:0005"",""original_benchmark_candidate"":""test-multi-store-cpp-backend"",""test_file"":""Relico/Tests/MultiStoreCppBackend.lean""}"
obligation	MultiStoreCppBackend:0006	multi-store--priority-selection--positive	accepted	priority	"{""classification"":""proof_obligation"",""evidence_role"":""source-capability"",""final_benchmark_id"":""multi-store--priority-selection--positive"",""kind"":""theorem"",""line_number"":""110"",""mapping_status"":""accepted"",""name_or_expression"":""decoded_priority_cpp_reaction_trigger_order"",""obligation_id"":""MultiStoreCppBackend:0006"",""original_benchmark_candidate"":""test-multi-store-cpp-backend"",""test_file"":""Relico/Tests/MultiStoreCppBackend.lean""}"
obligation	MultiStoreFrontendDecoder:0001	multi-store--priority-selection--negative	accepted	priority	"{""classification"":""test_fixture_or_helper"",""evidence_role"":""source-capability"",""final_benchmark_id"":""multi-store--priority-selection--negative"",""kind"":""def"",""line_number"":""10"",""mapping_status"":""accepted"",""name_or_expression"":""frontendMultiX"",""obligation_id"":""MultiStoreFrontendDecoder:0001"",""original_benchmark_candidate"":""test-multi-store-frontend-decoder"",""test_file"":""Relico/Tests/MultiStoreFrontendDecoder.lean""}"
obligation	MultiStoreFrontendDecoder:0002	multi-store--priority-selection--negative	accepted	priority	"{""classification"":""test_fixture_or_helper"",""evidence_role"":""source-capability"",""final_benchmark_id"":""multi-store--priority-selection--negative"",""kind"":""def"",""line_number"":""14"",""mapping_status"":""accepted"",""name_or_expression"":""frontendLowName"",""obligation_id"":""MultiStoreFrontendDecoder:0002"",""original_benchmark_candidate"":""test-multi-store-frontend-decoder"",""test_file"":""Relico/Tests/MultiStoreFrontendDecoder.lean""}"
obligation	MultiStoreFrontendDecoder:0003	multi-store--priority-selection--negative	accepted	priority	"{""classification"":""test_fixture_or_helper"",""evidence_role"":""source-capability"",""final_benchmark_id"":""multi-store--priority-selection--negative"",""kind"":""def"",""line_number"":""18"",""mapping_status"":""accepted"",""name_or_expression"":""frontendHighName"",""obligation_id"":""MultiStoreFrontendDecoder:0003"",""original_benchmark_candidate"":""test-multi-store-frontend-decoder"",""test_file"":""Relico/Tests/MultiStoreFrontendDecoder.lean""}"
obligation	MultiStoreFrontendDecoder:0004	multi-store--priority-selection--negative	accepted	priority	"{""classification"":""test_fixture_or_helper"",""evidence_role"":""source-capability"",""final_benchmark_id"":""multi-store--priority-selection--negative"",""kind"":""def"",""line_number"":""22"",""mapping_status"":""accepted"",""name_or_expression"":""validRawMultiStoreModel"",""obligation_id"":""MultiStoreFrontendDecoder:0004"",""original_benchmark_candidate"":""test-multi-store-frontend-decoder"",""test_file"":""Relico/Tests/MultiStoreFrontendDecoder.lean""}"
obligation	MultiStoreFrontendDecoder:0005	multi-store--priority-selection--negative	accepted	priority	"{""classification"":""test_fixture_or_helper"",""evidence_role"":""source-capability"",""final_benchmark_id"":""multi-store--priority-selection--negative"",""kind"":""class"",""line_number"":""28"",""mapping_status"":""accepted"",""name_or_expression"":""class@28"",""obligation_id"":""MultiStoreFrontendDecoder:0005"",""original_benchmark_candidate"":""test-multi-store-frontend-decoder"",""test_file"":""Relico/Tests/MultiStoreFrontendDecoder.lean""}"
obligation	MultiStoreFrontendDecoder:0006	multi-store--priority-selection--negative	accepted	priority	"{""classification"":""test_fixture_or_helper"",""evidence_role"":""source-capability"",""final_benchmark_id"":""multi-store--priority-selection--negative"",""kind"":""def"",""line_number"":""119"",""mapping_status"":""accepted"",""name_or_expression"":""expectedDecodedMultiStoreModel"",""obligation_id"":""MultiStoreFrontendDecoder:0006"",""original_benchmark_candidate"":""test-multi-store-frontend-decoder"",""test_file"":""Relico/Tests/MultiStoreFrontendDecoder.lean""}"
obligation	MultiStoreFrontendDecoder:0007	multi-store--priority-selection--negative	accepted	priority	"{""classification"":""test_fixture_or_helper"",""evidence_role"":""source-capability"",""final_benchmark_id"":""multi-store--priority-selection--negative"",""kind"":""class"",""line_number"":""182"",""mapping_status"":""accepted"",""name_or_expression"":""class@182"",""obligation_id"":""MultiStoreFrontendDecoder:0007"",""original_benchmark_candidate"":""test-multi-store-frontend-decoder"",""test_file"":""Relico/Tests/MultiStoreFrontendDecoder.lean""}"
obligation	MultiStoreFrontendDecoder:0008	multi-store--priority-selection--negative	accepted	priority	"{""classification"":""proof_obligation"",""evidence_role"":""source-capability"",""final_benchmark_id"":""multi-store--priority-selection--negative"",""kind"":""theorem"",""line_number"":""186"",""mapping_status"":""accepted"",""name_or_expression"":""validRawMultiStoreModel_decodes"",""obligation_id"":""MultiStoreFrontendDecoder:0008"",""original_benchmark_candidate"":""test-multi-store-frontend-decoder"",""test_file"":""Relico/Tests/MultiStoreFrontendDecoder.lean""}"
obligation	MultiStoreFrontendDecoder:0009	multi-store--priority-selection--negative	accepted	priority	"{""classification"":""proof_obligation"",""evidence_role"":""source-capability"",""final_benchmark_id"":""multi-store--priority-selection--negative"",""kind"":""theorem"",""line_number"":""198"",""mapping_status"":""accepted"",""name_or_expression"":""multiStore_decoder_preserves_declaration_order"",""obligation_id"":""MultiStoreFrontendDecoder:0009"",""original_benchmark_candidate"":""test-multi-store-frontend-decoder"",""test_file"":""Relico/Tests/MultiStoreFrontendDecoder.lean""}"
obligation	MultiStoreFrontendDecoder:0010	multi-store--priority-selection--negative	accepted	priority	"{""classification"":""proof_obligation"",""evidence_role"":""source-capability"",""final_benchmark_id"":""multi-store--priority-selection--negative"",""kind"":""theorem"",""line_number"":""206"",""mapping_status"":""accepted"",""name_or_expression"":""multiStore_decoder_preserves_priorities"",""obligation_id"":""MultiStoreFrontendDecoder:0010"",""original_benchmark_candidate"":""test-multi-store-frontend-decoder"",""test_file"":""Relico/Tests/MultiStoreFrontendDecoder.lean""}"
obligation	MultiStoreFrontendDecoder:0011	multi-store--priority-selection--negative	accepted	priority	"{""classification"":""proof_obligation"",""evidence_role"":""source-capability"",""final_benchmark_id"":""multi-store--priority-selection--negative"",""kind"":""theorem"",""line_number"":""220"",""mapping_status"":""accepted"",""name_or_expression"":""decoded_multiStore_translation_uses_priority_order"",""obligation_id"":""MultiStoreFrontendDecoder:0011"",""original_benchmark_candidate"":""test-multi-store-frontend-decoder"",""test_file"":""Relico/Tests/MultiStoreFrontendDecoder.lean""}"
obligation	MultiStoreFrontendDecoder:0012	multi-store--priority-selection--negative	accepted	priority	"{""classification"":""proof_obligation"",""evidence_role"":""source-capability"",""final_benchmark_id"":""multi-store--priority-selection--negative"",""kind"":""theorem"",""line_number"":""235"",""mapping_status"":""accepted"",""name_or_expression"":""declared_cross_server_send_decodes"",""obligation_id"":""MultiStoreFrontendDecoder:0012"",""original_benchmark_candidate"":""test-multi-store-frontend-decoder"",""test_file"":""Relico/Tests/MultiStoreFrontendDecoder.lean""}"
obligation	MultiStoreFrontendDecoder:0013	multi-store--priority-selection--negative	accepted	priority	"{""classification"":""test_fixture_or_helper"",""evidence_role"":""source-capability"",""final_benchmark_id"":""multi-store--priority-selection--negative"",""kind"":""def"",""line_number"":""254"",""mapping_status"":""accepted"",""name_or_expression"":""undeclaredSendRawMultiStoreModel"",""obligation_id"":""MultiStoreFrontendDecoder:0013"",""original_benchmark_candidate"":""test-multi-store-frontend-decoder"",""test_file"":""Relico/Tests/MultiStoreFrontendDecoder.lean""}"
obligation	MultiStoreFrontendDecoder:0014	multi-store--priority-selection--negative	accepted	priority	"{""classification"":""proof_obligation"",""evidence_role"":""source-capability"",""final_benchmark_id"":""multi-store--priority-selection--negative"",""kind"":""theorem"",""line_number"":""273"",""mapping_status"":""accepted"",""name_or_expression"":""undeclared_multiStore_send_is_rejected"",""obligation_id"":""MultiStoreFrontendDecoder:0014"",""original_benchmark_candidate"":""test-multi-store-frontend-decoder"",""test_file"":""Relico/Tests/MultiStoreFrontendDecoder.lean""}"
obligation	MultiStoreFrontendDecoder:0015	multi-store--priority-selection--negative	accepted	priority	"{""classification"":""test_fixture_or_helper"",""evidence_role"":""source-capability"",""final_benchmark_id"":""multi-store--priority-selection--negative"",""kind"":""def"",""line_number"":""283"",""mapping_status"":""accepted"",""name_or_expression"":""duplicateMessageServerRawModel"",""obligation_id"":""MultiStoreFrontendDecoder:0015"",""original_benchmark_candidate"":""test-multi-store-frontend-decoder"",""test_file"":""Relico/Tests/MultiStoreFrontendDecoder.lean""}"
obligation	MultiStoreFrontendDecoder:0016	multi-store--priority-selection--negative	accepted	priority	"{""classification"":""proof_obligation"",""evidence_role"":""source-capability"",""final_benchmark_id"":""multi-store--priority-selection--negative"",""kind"":""theorem"",""line_number"":""312"",""mapping_status"":""accepted"",""name_or_expression"":""duplicate_message_server_is_rejected"",""obligation_id"":""MultiStoreFrontendDecoder:0016"",""original_benchmark_candidate"":""test-multi-store-frontend-decoder"",""test_file"":""Relico/Tests/MultiStoreFrontendDecoder.lean""}"
obligation	MultiStoreFrontendDecoder:0017	multi-store--priority-selection--negative	accepted	priority	"{""classification"":""test_fixture_or_helper"",""evidence_role"":""source-capability"",""final_benchmark_id"":""multi-store--priority-selection--negative"",""kind"":""def"",""line_number"":""322"",""mapping_status"":""accepted"",""name_or_expression"":""emptyMessageServersRawModel"",""obligation_id"":""MultiStoreFrontendDecoder:0017"",""original_benchmark_candidate"":""test-multi-store-frontend-decoder"",""test_file"":""Relico/Tests/MultiStoreFrontendDecoder.lean""}"
obligation	MultiStoreFrontendDecoder:0018	multi-store--priority-selection--negative	accepted	priority	"{""classification"":""proof_obligation"",""evidence_role"":""source-capability"",""final_benchmark_id"":""multi-store--priority-selection--negative"",""kind"":""theorem"",""line_number"":""331"",""mapping_status"":""accepted"",""name_or_expression"":""empty_message_server_list_is_rejected"",""obligation_id"":""MultiStoreFrontendDecoder:0018"",""original_benchmark_candidate"":""test-multi-store-frontend-decoder"",""test_file"":""Relico/Tests/MultiStoreFrontendDecoder.lean""}"
obligation	MultiStoreFrontendDecoder:0019	multi-store--priority-selection--negative	accepted	priority	"{""classification"":""test_fixture_or_helper"",""evidence_role"":""source-capability"",""final_benchmark_id"":""multi-store--priority-selection--negative"",""kind"":""def"",""line_number"":""339"",""mapping_status"":""accepted"",""name_or_expression"":""invalidVersionRawMultiStoreModel"",""obligation_id"":""MultiStoreFrontendDecoder:0019"",""original_benchmark_candidate"":""test-multi-store-frontend-decoder"",""test_file"":""Relico/Tests/MultiStoreFrontendDecoder.lean""}"
obligation	MultiStoreFrontendDecoder:0020	multi-store--priority-selection--negative	accepted	priority	"{""classification"":""proof_obligation"",""evidence_role"":""source-capability"",""final_benchmark_id"":""multi-store--priority-selection--negative"",""kind"":""theorem"",""line_number"":""348"",""mapping_status"":""accepted"",""name_or_expression"":""invalid_multiStore_schema_is_rejected"",""obligation_id"":""MultiStoreFrontendDecoder:0020"",""original_benchmark_candidate"":""test-multi-store-frontend-decoder"",""test_file"":""Relico/Tests/MultiStoreFrontendDecoder.lean""}"
obligation	MultiStorePayloadFoundation:0001	multi-store-payload--priority-selection--negative	accepted	priority	"{""classification"":""test_fixture_or_helper"",""evidence_role"":""source-capability"",""final_benchmark_id"":""multi-store-payload--priority-selection--negative"",""kind"":""def"",""line_number"":""8"",""mapping_status"":""accepted"",""name_or_expression"":""counterName"",""obligation_id"":""MultiStorePayloadFoundation:0001"",""original_benchmark_candidate"":""test-multi-store-payload-foundation"",""test_file"":""Relico/Tests/MultiStorePayloadFoundation.lean""}"
obligation	MultiStorePayloadFoundation:0002	multi-store-payload--priority-selection--negative	accepted	priority	"{""classification"":""test_fixture_or_helper"",""evidence_role"":""source-capability"",""final_benchmark_id"":""multi-store-payload--priority-selection--negative"",""kind"":""def"",""line_number"":""12"",""mapping_status"":""accepted"",""name_or_expression"":""parameterName"",""obligation_id"":""MultiStorePayloadFoundation:0002"",""original_benchmark_candidate"":""test-multi-store-payload-foundation"",""test_file"":""Relico/Tests/MultiStorePayloadFoundation.lean""}"
obligation	MultiStorePayloadFoundation:0003	multi-store-payload--priority-selection--negative	accepted	priority	"{""classification"":""test_fixture_or_helper"",""evidence_role"":""source-capability"",""final_benchmark_id"":""multi-store-payload--priority-selection--negative"",""kind"":""def"",""line_number"":""16"",""mapping_status"":""accepted"",""name_or_expression"":""highMessageName"",""obligation_id"":""MultiStorePayloadFoundation:0003"",""original_benchmark_candidate"":""test-multi-store-payload-foundation"",""test_file"":""Relico/Tests/MultiStorePayloadFoundation.lean""}"
obligation	MultiStorePayloadFoundation:0004	multi-store-payload--priority-selection--negative	accepted	priority	"{""classification"":""test_fixture_or_helper"",""evidence_role"":""source-capability"",""final_benchmark_id"":""multi-store-payload--priority-selection--negative"",""kind"":""def"",""line_number"":""20"",""mapping_status"":""accepted"",""name_or_expression"":""lowMessageName"",""obligation_id"":""MultiStorePayloadFoundation:0004"",""original_benchmark_candidate"":""test-multi-store-payload-foundation"",""test_file"":""Relico/Tests/MultiStorePayloadFoundation.lean""}"
obligation	MultiStorePayloadFoundation:0005	multi-store-payload--priority-selection--negative	accepted	priority	"{""classification"":""test_fixture_or_helper"",""evidence_role"":""source-capability"",""final_benchmark_id"":""multi-store-payload--priority-selection--negative"",""kind"":""def"",""line_number"":""24"",""mapping_status"":""accepted"",""name_or_expression"":""payloadExpressions"",""obligation_id"":""MultiStorePayloadFoundation:0005"",""original_benchmark_candidate"":""test-multi-store-payload-foundation"",""test_file"":""Relico/Tests/MultiStorePayloadFoundation.lean""}"
obligation	MultiStorePayloadFoundation:0006	multi-store-payload--priority-selection--negative	accepted	priority	"{""classification"":""proof_obligation"",""evidence_role"":""source-capability"",""final_benchmark_id"":""multi-store-payload--priority-selection--negative"",""kind"":""theorem"",""line_number"":""37"",""mapping_status"":""accepted"",""name_or_expression"":""payload_evaluation_preserves_order"",""obligation_id"":""MultiStorePayloadFoundation:0006"",""original_benchmark_candidate"":""test-multi-store-payload-foundation"",""test_file"":""Relico/Tests/MultiStorePayloadFoundation.lean""}"
obligation	MultiStorePayloadFoundation:0007	multi-store-payload--priority-selection--negative	accepted	priority	"{""classification"":""proof_obligation"",""evidence_role"":""source-capability"",""final_benchmark_id"":""multi-store-payload--priority-selection--negative"",""kind"":""theorem"",""line_number"":""48"",""mapping_status"":""accepted"",""name_or_expression"":""payload_expression_compilation_preserves_order"",""obligation_id"":""MultiStorePayloadFoundation:0007"",""original_benchmark_candidate"":""test-multi-store-payload-foundation"",""test_file"":""Relico/Tests/MultiStorePayloadFoundation.lean""}"
obligation	MultiStorePayloadFoundation:0008	multi-store-payload--priority-selection--negative	accepted	priority	"{""classification"":""proof_obligation"",""evidence_role"":""source-capability"",""final_benchmark_id"":""multi-store-payload--priority-selection--negative"",""kind"":""theorem"",""line_number"":""65"",""mapping_status"":""accepted"",""name_or_expression"":""zero_delay_payload_send_is_preserved"",""obligation_id"":""MultiStorePayloadFoundation:0008"",""original_benchmark_candidate"":""test-multi-store-payload-foundation"",""test_file"":""Relico/Tests/MultiStorePayloadFoundation.lean""}"
obligation	MultiStorePayloadFoundation:0009	multi-store-payload--priority-selection--negative	accepted	priority	"{""classification"":""test_fixture_or_helper"",""evidence_role"":""source-capability"",""final_benchmark_id"":""multi-store-payload--priority-selection--negative"",""kind"":""def"",""line_number"":""78"",""mapping_status"":""accepted"",""name_or_expression"":""highMessageServer"",""obligation_id"":""MultiStorePayloadFoundation:0009"",""original_benchmark_candidate"":""test-multi-store-payload-foundation"",""test_file"":""Relico/Tests/MultiStorePayloadFoundation.lean""}"
obligation	MultiStorePayloadFoundation:0010	multi-store-payload--priority-selection--negative	accepted	priority	"{""classification"":""test_fixture_or_helper"",""evidence_role"":""source-capability"",""final_benchmark_id"":""multi-store-payload--priority-selection--negative"",""kind"":""def"",""line_number"":""97"",""mapping_status"":""accepted"",""name_or_expression"":""lowMessageServer"",""obligation_id"":""MultiStorePayloadFoundation:0010"",""original_benchmark_candidate"":""test-multi-store-payload-foundation"",""test_file"":""Relico/Tests/MultiStorePayloadFoundation.lean""}"
obligation	MultiStorePayloadFoundation:0011	multi-store-payload--priority-selection--negative	accepted	priority	"{""classification"":""test_fixture_or_helper"",""evidence_role"":""source-capability"",""final_benchmark_id"":""multi-store-payload--priority-selection--negative"",""kind"":""def"",""line_number"":""117"",""mapping_status"":""accepted"",""name_or_expression"":""duplicatePriorityMessageServer"",""obligation_id"":""MultiStorePayloadFoundation:0011"",""original_benchmark_candidate"":""test-multi-store-payload-foundation"",""test_file"":""Relico/Tests/MultiStorePayloadFoundation.lean""}"
obligation	MultiStorePayloadFoundation:0012	multi-store-payload--priority-selection--negative	accepted	priority	"{""classification"":""proof_obligation"",""evidence_role"":""source-capability"",""final_benchmark_id"":""multi-store-payload--priority-selection--negative"",""kind"":""theorem"",""line_number"":""137"",""mapping_status"":""accepted"",""name_or_expression"":""distinct_priority_fixture_is_well_formed"",""obligation_id"":""MultiStorePayloadFoundation:0012"",""original_benchmark_candidate"":""test-multi-store-payload-foundation"",""test_file"":""Relico/Tests/MultiStorePayloadFoundation.lean""}"
obligation	MultiStorePayloadFoundation:0013	multi-store-payload--priority-selection--negative	accepted	priority	"{""classification"":""proof_obligation"",""evidence_role"":""source-capability"",""final_benchmark_id"":""multi-store-payload--priority-selection--negative"",""kind"":""theorem"",""line_number"":""149"",""mapping_status"":""accepted"",""name_or_expression"":""duplicate_priority_fixture_is_rejected"",""obligation_id"":""MultiStorePayloadFoundation:0013"",""original_benchmark_candidate"":""test-multi-store-payload-foundation"",""test_file"":""Relico/Tests/MultiStorePayloadFoundation.lean""}"
obligation	MultiStorePayloadFoundation:0014	multi-store-payload--priority-selection--negative	accepted	priority	"{""classification"":""proof_obligation"",""evidence_role"":""source-capability"",""final_benchmark_id"":""multi-store-payload--priority-selection--negative"",""kind"":""theorem"",""line_number"":""160"",""mapping_status"":""accepted"",""name_or_expression"":""priority_normalization_regression"",""obligation_id"":""MultiStorePayloadFoundation:0014"",""original_benchmark_candidate"":""test-multi-store-payload-foundation"",""test_file"":""Relico/Tests/MultiStorePayloadFoundation.lean""}"
obligation	MultiStorePayloadFoundation:0015	multi-store-payload--priority-selection--negative	accepted	priority	"{""classification"":""proof_obligation"",""evidence_role"":""source-capability"",""final_benchmark_id"":""multi-store-payload--priority-selection--negative"",""kind"":""theorem"",""line_number"":""176"",""mapping_status"":""accepted"",""name_or_expression"":""reaction_signature_and_priority_are_preserved"",""obligation_id"":""MultiStorePayloadFoundation:0015"",""original_benchmark_candidate"":""test-multi-store-payload-foundation"",""test_file"":""Relico/Tests/MultiStorePayloadFoundation.lean""}"
obligation	MultiStorePayloadFoundation:0016	multi-store-payload--priority-selection--negative	accepted	priority	"{""classification"":""test_fixture_or_helper"",""evidence_role"":""source-capability"",""final_benchmark_id"":""multi-store-payload--priority-selection--negative"",""kind"":""def"",""line_number"":""185"",""mapping_status"":""accepted"",""name_or_expression"":""payloadReactiveClass"",""obligation_id"":""MultiStorePayloadFoundation:0016"",""original_benchmark_candidate"":""test-multi-store-payload-foundation"",""test_file"":""Relico/Tests/MultiStorePayloadFoundation.lean""}"
obligation	MultiStorePayloadFoundation:0017	multi-store-payload--priority-selection--negative	accepted	priority	"{""classification"":""proof_obligation"",""evidence_role"":""source-capability"",""final_benchmark_id"":""multi-store-payload--priority-selection--negative"",""kind"":""theorem"",""line_number"":""219"",""mapping_status"":""accepted"",""name_or_expression"":""reactor_action_and_reaction_order_agree"",""obligation_id"":""MultiStorePayloadFoundation:0017"",""original_benchmark_candidate"":""test-multi-store-payload-foundation"",""test_file"":""Relico/Tests/MultiStorePayloadFoundation.lean""}"
obligation	MultiStorePayloadReactionMembership:0001	multi-store-payload--priority-selection--positive	accepted	priority	"{""classification"":""proof_obligation"",""evidence_role"":""source-capability"",""final_benchmark_id"":""multi-store-payload--priority-selection--positive"",""kind"":""theorem"",""line_number"":""8"",""mapping_status"":""accepted"",""name_or_expression"":""insertion_preserves_membership"",""obligation_id"":""MultiStorePayloadReactionMembership:0001"",""original_benchmark_candidate"":""test-multi-store-payload-reaction-membership"",""test_file"":""Relico/Tests/MultiStorePayloadReactionMembership.lean""}"
obligation	MultiStorePayloadReactionMembership:0002	multi-store-payload--priority-selection--positive	accepted	priority	"{""classification"":""proof_obligation"",""evidence_role"":""source-capability"",""final_benchmark_id"":""multi-store-payload--priority-selection--positive"",""kind"":""theorem"",""line_number"":""27"",""mapping_status"":""accepted"",""name_or_expression"":""normalization_preserves_membership"",""obligation_id"":""MultiStorePayloadReactionMembership:0002"",""original_benchmark_candidate"":""test-multi-store-payload-reaction-membership"",""test_file"":""Relico/Tests/MultiStorePayloadReactionMembership.lean""}"
obligation	MultiStorePayloadReactionMembership:0003	multi-store-payload--priority-selection--positive	accepted	priority	"{""classification"":""proof_obligation"",""evidence_role"":""source-capability"",""final_benchmark_id"":""multi-store-payload--priority-selection--positive"",""kind"":""theorem"",""line_number"":""42"",""mapping_status"":""accepted"",""name_or_expression"":""priority_ordered_preserves_membership"",""obligation_id"":""MultiStorePayloadReactionMembership:0003"",""original_benchmark_candidate"":""test-multi-store-payload-reaction-membership"",""test_file"":""Relico/Tests/MultiStorePayloadReactionMembership.lean""}"
obligation	MultiStorePayloadReactionMembership:0004	multi-store-payload--priority-selection--positive	accepted	priority	"{""classification"":""proof_obligation"",""evidence_role"":""source-capability"",""final_benchmark_id"":""multi-store-payload--priority-selection--positive"",""kind"":""theorem"",""line_number"":""57"",""mapping_status"":""accepted"",""name_or_expression"":""declared_server_generates_reaction"",""obligation_id"":""MultiStorePayloadReactionMembership:0004"",""original_benchmark_candidate"":""test-multi-store-payload-reaction-membership"",""test_file"":""Relico/Tests/MultiStorePayloadReactionMembership.lean""}"
obligation	MultiStorePayloadReactionMembership:0005	multi-store-payload--priority-selection--positive	accepted	priority	"{""classification"":""proof_obligation"",""evidence_role"":""source-capability"",""final_benchmark_id"":""multi-store-payload--priority-selection--positive"",""kind"":""theorem"",""line_number"":""73"",""mapping_status"":""accepted"",""name_or_expression"":""generated_reaction_has_declared_server"",""obligation_id"":""MultiStorePayloadReactionMembership:0005"",""original_benchmark_candidate"":""test-multi-store-payload-reaction-membership"",""test_file"":""Relico/Tests/MultiStorePayloadReactionMembership.lean""}"
obligation	MultiStorePayloadReactionMembership:0006	multi-store-payload--priority-selection--positive	accepted	priority	"{""classification"":""proof_obligation"",""evidence_role"":""source-capability"",""final_benchmark_id"":""multi-store-payload--priority-selection--positive"",""kind"":""theorem"",""line_number"":""92"",""mapping_status"":""accepted"",""name_or_expression"":""generated_reaction_inversion_orientation"",""obligation_id"":""MultiStorePayloadReactionMembership:0006"",""original_benchmark_candidate"":""test-multi-store-payload-reaction-membership"",""test_file"":""Relico/Tests/MultiStorePayloadReactionMembership.lean""}"
obligation	MultiStorePayloadRuntimeStateCorrespondence:0001	multi-store-payload--priority-selection--positive	accepted	priority|correspondence	"{""classification"":""proof_obligation"",""evidence_role"":""source-capability"",""final_benchmark_id"":""multi-store-payload--priority-selection--positive"",""kind"":""theorem"",""line_number"":""8"",""mapping_status"":""accepted"",""name_or_expression"":""store_relation_contains_structural"",""obligation_id"":""MultiStorePayloadRuntimeStateCorrespondence:0001"",""original_benchmark_candidate"":""test-multi-store-payload-runtime-state-correspondence"",""test_file"":""Relico/Tests/MultiStorePayloadRuntimeStateCorrespondence.lean""}"
obligation	MultiStorePayloadRuntimeStateCorrespondence:0002	multi-store-payload--priority-selection--positive	accepted	priority|correspondence	"{""classification"":""proof_obligation"",""evidence_role"":""source-capability"",""final_benchmark_id"":""multi-store-payload--priority-selection--positive"",""kind"":""theorem"",""line_number"":""26"",""mapping_status"":""accepted"",""name_or_expression"":""store_relation_contains_selection"",""obligation_id"":""MultiStorePayloadRuntimeStateCorrespondence:0002"",""original_benchmark_candidate"":""test-multi-store-payload-runtime-state-correspondence"",""test_file"":""Relico/Tests/MultiStorePayloadRuntimeStateCorrespondence.lean""}"
obligation	MultiStorePayloadRuntimeStateCorrespondence:0003	multi-store-payload--priority-selection--positive	accepted	priority|correspondence	"{""classification"":""proof_obligation"",""evidence_role"":""source-capability"",""final_benchmark_id"":""multi-store-payload--priority-selection--positive"",""kind"":""theorem"",""line_number"":""45"",""mapping_status"":""accepted"",""name_or_expression"":""runtime_contains_store_relation"",""obligation_id"":""MultiStorePayloadRuntimeStateCorrespondence:0003"",""original_benchmark_candidate"":""test-multi-store-payload-runtime-state-correspondence"",""test_file"":""Relico/Tests/MultiStorePayloadRuntimeStateCorrespondence.lean""}"
obligation	MultiStorePayloadRuntimeStateCorrespondence:0004	multi-store-payload--priority-selection--positive	accepted	priority|correspondence	"{""classification"":""proof_obligation"",""evidence_role"":""source-capability"",""final_benchmark_id"":""multi-store-payload--priority-selection--positive"",""kind"":""theorem"",""line_number"":""64"",""mapping_status"":""accepted"",""name_or_expression"":""runtime_contains_structural"",""obligation_id"":""MultiStorePayloadRuntimeStateCorrespondence:0004"",""original_benchmark_candidate"":""test-multi-store-payload-runtime-state-correspondence"",""test_file"":""Relico/Tests/MultiStorePayloadRuntimeStateCorrespondence.lean""}"
obligation	MultiStorePayloadRuntimeStateCorrespondence:0005	multi-store-payload--priority-selection--positive	accepted	priority|correspondence	"{""classification"":""proof_obligation"",""evidence_role"":""source-capability"",""final_benchmark_id"":""multi-store-payload--priority-selection--positive"",""kind"":""theorem"",""line_number"":""82"",""mapping_status"":""accepted"",""name_or_expression"":""runtime_contains_selection"",""obligation_id"":""MultiStorePayloadRuntimeStateCorrespondence:0005"",""original_benchmark_candidate"":""test-multi-store-payload-runtime-state-correspondence"",""test_file"":""Relico/Tests/MultiStorePayloadRuntimeStateCorrespondence.lean""}"
obligation	MultiStorePayloadRuntimeStateCorrespondence:0006	multi-store-payload--priority-selection--positive	accepted	priority|correspondence	"{""classification"":""proof_obligation"",""evidence_role"":""source-capability"",""final_benchmark_id"":""multi-store-payload--priority-selection--positive"",""kind"":""theorem"",""line_number"":""101"",""mapping_status"":""accepted"",""name_or_expression"":""runtime_contains_exact_payload_queues"",""obligation_id"":""MultiStorePayloadRuntimeStateCorrespondence:0006"",""original_benchmark_candidate"":""test-multi-store-payload-runtime-state-correspondence"",""test_file"":""Relico/Tests/MultiStorePayloadRuntimeStateCorrespondence.lean""}"
obligation	MultiStorePayloadRuntimeStateCorrespondence:0007	multi-store-payload--priority-selection--positive	accepted	priority|correspondence	"{""classification"":""proof_obligation"",""evidence_role"":""source-capability"",""final_benchmark_id"":""multi-store-payload--priority-selection--positive"",""kind"":""theorem"",""line_number"":""119"",""mapping_status"":""accepted"",""name_or_expression"":""runtime_pending_action_not_past"",""obligation_id"":""MultiStorePayloadRuntimeStateCorrespondence:0007"",""original_benchmark_candidate"":""test-multi-store-payload-runtime-state-correspondence"",""test_file"":""Relico/Tests/MultiStorePayloadRuntimeStateCorrespondence.lean""}"
obligation	MultiStorePayloadRuntimeStateCorrespondence:0008	multi-store-payload--priority-selection--positive	accepted	priority|correspondence	"{""classification"":""proof_obligation"",""evidence_role"":""source-capability"",""final_benchmark_id"":""multi-store-payload--priority-selection--positive"",""kind"":""theorem"",""line_number"":""142"",""mapping_status"":""accepted"",""name_or_expression"":""empty_target_queue_pending_not_past"",""obligation_id"":""MultiStorePayloadRuntimeStateCorrespondence:0008"",""original_benchmark_candidate"":""test-multi-store-payload-runtime-state-correspondence"",""test_file"":""Relico/Tests/MultiStorePayloadRuntimeStateCorrespondence.lean""}"
obligation	MultiStorePayloadSelectionCompatibility:0001	multi-store-payload--priority-selection--positive	accepted	priority	"{""classification"":""proof_obligation"",""evidence_role"":""source-capability"",""final_benchmark_id"":""multi-store-payload--priority-selection--positive"",""kind"":""theorem"",""line_number"":""8"",""mapping_status"":""accepted"",""name_or_expression"":""empty_compatible"",""obligation_id"":""MultiStorePayloadSelectionCompatibility:0001"",""original_benchmark_candidate"":""test-multi-store-payload-selection-compatibility"",""test_file"":""Relico/Tests/MultiStorePayloadSelectionCompatibility.lean""}"
obligation	MultiStorePayloadSelectionCompatibility:0002	multi-store-payload--priority-selection--positive	accepted	priority	"{""classification"":""proof_obligation"",""evidence_role"":""source-capability"",""final_benchmark_id"":""multi-store-payload--priority-selection--positive"",""kind"":""theorem"",""line_number"":""19"",""mapping_status"":""accepted"",""name_or_expression"":""same_microstep_pair_compatible"",""obligation_id"":""MultiStorePayloadSelectionCompatibility:0002"",""original_benchmark_candidate"":""test-multi-store-payload-selection-compatibility"",""test_file"":""Relico/Tests/MultiStorePayloadSelectionCompatibility.lean""}"
obligation	MultiStorePayloadSelectionCompatibility:0003	multi-store-payload--priority-selection--positive	accepted	priority	"{""classification"":""proof_obligation"",""evidence_role"":""source-capability"",""final_benchmark_id"":""multi-store-payload--priority-selection--positive"",""kind"":""theorem"",""line_number"":""49"",""mapping_status"":""accepted"",""name_or_expression"":""earlier_microstep_pair_compatible"",""obligation_id"":""MultiStorePayloadSelectionCompatibility:0003"",""original_benchmark_candidate"":""test-multi-store-payload-selection-compatibility"",""test_file"":""Relico/Tests/MultiStorePayloadSelectionCompatibility.lean""}"
obligation	MultiStorePayloadSelectionCompatibility:0004	multi-store-payload--priority-selection--positive	accepted	priority	"{""classification"":""proof_obligation"",""evidence_role"":""source-capability"",""final_benchmark_id"":""multi-store-payload--priority-selection--positive"",""kind"":""theorem"",""line_number"":""85"",""mapping_status"":""accepted"",""name_or_expression"":""earlier_microstep_recovers_priority"",""obligation_id"":""MultiStorePayloadSelectionCompatibility:0004"",""original_benchmark_candidate"":""test-multi-store-payload-selection-compatibility"",""test_file"":""Relico/Tests/MultiStorePayloadSelectionCompatibility.lean""}"
obligation	MultiStorePayloadSelectionCompatibility:0005	multi-store-payload--priority-selection--positive	accepted	priority	"{""classification"":""proof_obligation"",""evidence_role"":""source-capability"",""final_benchmark_id"":""multi-store-payload--priority-selection--positive"",""kind"":""theorem"",""line_number"":""114"",""mapping_status"":""accepted"",""name_or_expression"":""payload_projects_base"",""obligation_id"":""MultiStorePayloadSelectionCompatibility:0005"",""original_benchmark_candidate"":""test-multi-store-payload-selection-compatibility"",""test_file"":""Relico/Tests/MultiStorePayloadSelectionCompatibility.lean""}"
obligation	MultiStorePayloadSelectionCompatibility:0006	multi-store-payload--priority-selection--positive	accepted	priority	"{""classification"":""proof_obligation"",""evidence_role"":""source-capability"",""final_benchmark_id"":""multi-store-payload--priority-selection--positive"",""kind"":""theorem"",""line_number"":""133"",""mapping_status"":""accepted"",""name_or_expression"":""payload_projects_exact_bag"",""obligation_id"":""MultiStorePayloadSelectionCompatibility:0006"",""original_benchmark_candidate"":""test-multi-store-payload-selection-compatibility"",""test_file"":""Relico/Tests/MultiStorePayloadSelectionCompatibility.lean""}"
obligation	MultiStorePayloadSelectionCompatibility:0007	multi-store-payload--priority-selection--positive	accepted	priority	"{""classification"":""proof_obligation"",""evidence_role"":""source-capability"",""final_benchmark_id"":""multi-store-payload--priority-selection--positive"",""kind"":""theorem"",""line_number"":""151"",""mapping_status"":""accepted"",""name_or_expression"":""aligned_occurrence_preserves_payload"",""obligation_id"":""MultiStorePayloadSelectionCompatibility:0007"",""original_benchmark_candidate"":""test-multi-store-payload-selection-compatibility"",""test_file"":""Relico/Tests/MultiStorePayloadSelectionCompatibility.lean""}"
obligation	MultiStorePayloadSelectionCompatibility:0008	multi-store-payload--priority-selection--positive	accepted	priority	"{""classification"":""proof_obligation"",""evidence_role"":""source-capability"",""final_benchmark_id"":""multi-store-payload--priority-selection--positive"",""kind"":""theorem"",""line_number"":""180"",""mapping_status"":""accepted"",""name_or_expression"":""source_permutation_preserves_compatibility"",""obligation_id"":""MultiStorePayloadSelectionCompatibility:0008"",""original_benchmark_candidate"":""test-multi-store-payload-selection-compatibility"",""test_file"":""Relico/Tests/MultiStorePayloadSelectionCompatibility.lean""}"
obligation	MultiStorePayloadSelectionCompatibility:0009	multi-store-payload--priority-selection--positive	accepted	priority	"{""classification"":""proof_obligation"",""evidence_role"":""source-capability"",""final_benchmark_id"":""multi-store-payload--priority-selection--positive"",""kind"":""theorem"",""line_number"":""204"",""mapping_status"":""accepted"",""name_or_expression"":""target_permutation_preserves_compatibility"",""obligation_id"":""MultiStorePayloadSelectionCompatibility:0009"",""original_benchmark_candidate"":""test-multi-store-payload-selection-compatibility"",""test_file"":""Relico/Tests/MultiStorePayloadSelectionCompatibility.lean""}"
obligation	PriorityDispatchScheduling:0001	multi-store--dispatch--negative	accepted	priority|scheduler|trace-or-step	"{""classification"":""test_fixture_or_helper"",""evidence_role"":""source-capability"",""final_benchmark_id"":""multi-store--dispatch--negative"",""kind"":""def"",""line_number"":""10"",""mapping_status"":""accepted"",""name_or_expression"":""dispatchPriorityLowName"",""obligation_id"":""PriorityDispatchScheduling:0001"",""original_benchmark_candidate"":""test-priority-dispatch-scheduling"",""test_file"":""Relico/Tests/PriorityDispatchScheduling.lean""}"
obligation	PriorityDispatchScheduling:0002	multi-store--dispatch--negative	accepted	priority|scheduler|trace-or-step	"{""classification"":""test_fixture_or_helper"",""evidence_role"":""source-capability"",""final_benchmark_id"":""multi-store--dispatch--negative"",""kind"":""def"",""line_number"":""14"",""mapping_status"":""accepted"",""name_or_expression"":""dispatchPriorityHighName"",""obligation_id"":""PriorityDispatchScheduling:0002"",""original_benchmark_candidate"":""test-priority-dispatch-scheduling"",""test_file"":""Relico/Tests/PriorityDispatchScheduling.lean""}"
obligation	PriorityDispatchScheduling:0003	multi-store--dispatch--negative	accepted	priority|scheduler|trace-or-step	"{""classification"":""test_fixture_or_helper"",""evidence_role"":""source-capability"",""final_benchmark_id"":""multi-store--dispatch--negative"",""kind"":""def"",""line_number"":""18"",""mapping_status"":""accepted"",""name_or_expression"":""dispatchPriorityLowServer"",""obligation_id"":""PriorityDispatchScheduling:0003"",""original_benchmark_candidate"":""test-priority-dispatch-scheduling"",""test_file"":""Relico/Tests/PriorityDispatchScheduling.lean""}"
obligation	PriorityDispatchScheduling:0004	multi-store--dispatch--negative	accepted	priority|scheduler|trace-or-step	"{""classification"":""test_fixture_or_helper"",""evidence_role"":""source-capability"",""final_benchmark_id"":""multi-store--dispatch--negative"",""kind"":""def"",""line_number"":""30"",""mapping_status"":""accepted"",""name_or_expression"":""dispatchPriorityHighServer"",""obligation_id"":""PriorityDispatchScheduling:0004"",""original_benchmark_candidate"":""test-priority-dispatch-scheduling"",""test_file"":""Relico/Tests/PriorityDispatchScheduling.lean""}"
obligation	PriorityDispatchScheduling:0005	multi-store--dispatch--negative	accepted	priority|scheduler|trace-or-step	"{""classification"":""test_fixture_or_helper"",""evidence_role"":""source-capability"",""final_benchmark_id"":""multi-store--dispatch--negative"",""kind"":""def"",""line_number"":""47"",""mapping_status"":""accepted"",""name_or_expression"":""dispatchPriorityServers"",""obligation_id"":""PriorityDispatchScheduling:0005"",""original_benchmark_candidate"":""test-priority-dispatch-scheduling"",""test_file"":""Relico/Tests/PriorityDispatchScheduling.lean""}"
obligation	PriorityDispatchScheduling:0006	multi-store--dispatch--negative	accepted	priority|scheduler|trace-or-step	"{""classification"":""test_fixture_or_helper"",""evidence_role"":""source-capability"",""final_benchmark_id"":""multi-store--dispatch--negative"",""kind"":""def"",""line_number"":""52"",""mapping_status"":""accepted"",""name_or_expression"":""dispatchLowMessage"",""obligation_id"":""PriorityDispatchScheduling:0006"",""original_benchmark_candidate"":""test-priority-dispatch-scheduling"",""test_file"":""Relico/Tests/PriorityDispatchScheduling.lean""}"
obligation	PriorityDispatchScheduling:0007	multi-store--dispatch--negative	accepted	priority|scheduler|trace-or-step	"{""classification"":""test_fixture_or_helper"",""evidence_role"":""source-capability"",""final_benchmark_id"":""multi-store--dispatch--negative"",""kind"":""def"",""line_number"":""61"",""mapping_status"":""accepted"",""name_or_expression"":""dispatchHighMessage"",""obligation_id"":""PriorityDispatchScheduling:0007"",""original_benchmark_candidate"":""test-priority-dispatch-scheduling"",""test_file"":""Relico/Tests/PriorityDispatchScheduling.lean""}"
obligation	PriorityDispatchScheduling:0008	multi-store--dispatch--negative	accepted	priority|scheduler|trace-or-step	"{""classification"":""test_fixture_or_helper"",""evidence_role"":""source-capability"",""final_benchmark_id"":""multi-store--dispatch--negative"",""kind"":""def"",""line_number"":""70"",""mapping_status"":""accepted"",""name_or_expression"":""dispatchSourcePriorityQueue"",""obligation_id"":""PriorityDispatchScheduling:0008"",""original_benchmark_candidate"":""test-priority-dispatch-scheduling"",""test_file"":""Relico/Tests/PriorityDispatchScheduling.lean""}"
obligation	PriorityDispatchScheduling:0009	multi-store--dispatch--negative	accepted	priority|scheduler|trace-or-step	"{""classification"":""proof_obligation"",""evidence_role"":""source-capability"",""final_benchmark_id"":""multi-store--dispatch--negative"",""kind"":""theorem"",""line_number"":""81"",""mapping_status"":""accepted"",""name_or_expression"":""dispatch_source_high_precedes_low"",""obligation_id"":""PriorityDispatchScheduling:0009"",""original_benchmark_candidate"":""test-priority-dispatch-scheduling"",""test_file"":""Relico/Tests/PriorityDispatchScheduling.lean""}"
obligation	PriorityDispatchScheduling:0010	multi-store--dispatch--negative	accepted	priority|scheduler|trace-or-step	"{""classification"":""proof_obligation"",""evidence_role"":""source-capability"",""final_benchmark_id"":""multi-store--dispatch--negative"",""kind"":""theorem"",""line_number"":""87"",""mapping_status"":""accepted"",""name_or_expression"":""dispatch_source_high_precedes_itself"",""obligation_id"":""PriorityDispatchScheduling:0010"",""original_benchmark_candidate"":""test-priority-dispatch-scheduling"",""test_file"":""Relico/Tests/PriorityDispatchScheduling.lean""}"
obligation	PriorityDispatchScheduling:0011	multi-store--dispatch--negative	accepted	priority|scheduler|trace-or-step	"{""classification"":""proof_obligation"",""evidence_role"":""source-capability"",""final_benchmark_id"":""multi-store--dispatch--negative"",""kind"":""theorem"",""line_number"":""94"",""mapping_status"":""accepted"",""name_or_expression"":""dispatch_source_low_does_not_precede_high"",""obligation_id"":""PriorityDispatchScheduling:0011"",""original_benchmark_candidate"":""test-priority-dispatch-scheduling"",""test_file"":""Relico/Tests/PriorityDispatchScheduling.lean""}"
obligation	PriorityDispatchScheduling:0012	multi-store--dispatch--negative	accepted	priority|scheduler|trace-or-step	"{""classification"":""proof_obligation"",""evidence_role"":""source-capability"",""final_benchmark_id"":""multi-store--dispatch--negative"",""kind"":""theorem"",""line_number"":""106"",""mapping_status"":""accepted"",""name_or_expression"":""dispatch_source_high_is_priority_eligible"",""obligation_id"":""PriorityDispatchScheduling:0012"",""original_benchmark_candidate"":""test-priority-dispatch-scheduling"",""test_file"":""Relico/Tests/PriorityDispatchScheduling.lean""}"
obligation	PriorityDispatchScheduling:0013	multi-store--dispatch--negative	accepted	priority|scheduler|trace-or-step	"{""classification"":""proof_obligation"",""evidence_role"":""source-capability"",""final_benchmark_id"":""multi-store--dispatch--negative"",""kind"":""theorem"",""line_number"":""161"",""mapping_status"":""accepted"",""name_or_expression"":""dispatch_source_low_is_not_priority_eligible"",""obligation_id"":""PriorityDispatchScheduling:0013"",""original_benchmark_candidate"":""test-priority-dispatch-scheduling"",""test_file"":""Relico/Tests/PriorityDispatchScheduling.lean""}"
obligation	PriorityDispatchScheduling:0014	multi-store--dispatch--negative	accepted	priority|scheduler|trace-or-step	"{""classification"":""test_fixture_or_helper"",""evidence_role"":""source-capability"",""final_benchmark_id"":""multi-store--dispatch--negative"",""kind"":""def"",""line_number"":""188"",""mapping_status"":""accepted"",""name_or_expression"":""dispatchPriorityTag"",""obligation_id"":""PriorityDispatchScheduling:0014"",""original_benchmark_candidate"":""test-priority-dispatch-scheduling"",""test_file"":""Relico/Tests/PriorityDispatchScheduling.lean""}"
obligation	PriorityDispatchScheduling:0015	multi-store--dispatch--negative	accepted	priority|scheduler|trace-or-step	"{""classification"":""test_fixture_or_helper"",""evidence_role"":""source-capability"",""final_benchmark_id"":""multi-store--dispatch--negative"",""kind"":""def"",""line_number"":""197"",""mapping_status"":""accepted"",""name_or_expression"":""dispatchLowAction"",""obligation_id"":""PriorityDispatchScheduling:0015"",""original_benchmark_candidate"":""test-priority-dispatch-scheduling"",""test_file"":""Relico/Tests/PriorityDispatchScheduling.lean""}"
obligation	PriorityDispatchScheduling:0016	multi-store--dispatch--negative	accepted	priority|scheduler|trace-or-step	"{""classification"":""test_fixture_or_helper"",""evidence_role"":""source-capability"",""final_benchmark_id"":""multi-store--dispatch--negative"",""kind"":""def"",""line_number"":""207"",""mapping_status"":""accepted"",""name_or_expression"":""dispatchHighAction"",""obligation_id"":""PriorityDispatchScheduling:0016"",""original_benchmark_candidate"":""test-priority-dispatch-scheduling"",""test_file"":""Relico/Tests/PriorityDispatchScheduling.lean""}"
obligation	PriorityDispatchScheduling:0017	multi-store--dispatch--negative	accepted	priority|scheduler|trace-or-step	"{""classification"":""test_fixture_or_helper"",""evidence_role"":""source-capability"",""final_benchmark_id"":""multi-store--dispatch--negative"",""kind"":""def"",""line_number"":""217"",""mapping_status"":""accepted"",""name_or_expression"":""dispatchTargetPriorityQueue"",""obligation_id"":""PriorityDispatchScheduling:0017"",""original_benchmark_candidate"":""test-priority-dispatch-scheduling"",""test_file"":""Relico/Tests/PriorityDispatchScheduling.lean""}"
obligation	PriorityDispatchScheduling:0018	multi-store--dispatch--negative	accepted	priority|scheduler|trace-or-step	"{""classification"":""test_fixture_or_helper"",""evidence_role"":""source-capability"",""final_benchmark_id"":""multi-store--dispatch--negative"",""kind"":""def"",""line_number"":""223"",""mapping_status"":""accepted"",""name_or_expression"":""dispatchPriorityReactions"",""obligation_id"":""PriorityDispatchScheduling:0018"",""original_benchmark_candidate"":""test-priority-dispatch-scheduling"",""test_file"":""Relico/Tests/PriorityDispatchScheduling.lean""}"
obligation	PriorityDispatchScheduling:0019	multi-store--dispatch--negative	accepted	priority|scheduler|trace-or-step	"{""classification"":""proof_obligation"",""evidence_role"":""source-capability"",""final_benchmark_id"":""multi-store--dispatch--negative"",""kind"":""theorem"",""line_number"":""233"",""mapping_status"":""accepted"",""name_or_expression"":""dispatch_target_high_reaction_precedes_low"",""obligation_id"":""PriorityDispatchScheduling:0019"",""original_benchmark_candidate"":""test-priority-dispatch-scheduling"",""test_file"":""Relico/Tests/PriorityDispatchScheduling.lean""}"
obligation	PriorityDispatchScheduling:0020	multi-store--dispatch--negative	accepted	priority|scheduler|trace-or-step	"{""classification"":""proof_obligation"",""evidence_role"":""source-capability"",""final_benchmark_id"":""multi-store--dispatch--negative"",""kind"":""theorem"",""line_number"":""241"",""mapping_status"":""accepted"",""name_or_expression"":""dispatch_target_high_reaction_precedes_itself"",""obligation_id"":""PriorityDispatchScheduling:0020"",""original_benchmark_candidate"":""test-priority-dispatch-scheduling"",""test_file"":""Relico/Tests/PriorityDispatchScheduling.lean""}"
obligation	PriorityDispatchScheduling:0021	multi-store--dispatch--negative	accepted	priority|scheduler|trace-or-step	"{""classification"":""proof_obligation"",""evidence_role"":""source-capability"",""final_benchmark_id"":""multi-store--dispatch--negative"",""kind"":""theorem"",""line_number"":""250"",""mapping_status"":""accepted"",""name_or_expression"":""dispatch_target_low_reaction_does_not_precede_high"",""obligation_id"":""PriorityDispatchScheduling:0021"",""original_benchmark_candidate"":""test-priority-dispatch-scheduling"",""test_file"":""Relico/Tests/PriorityDispatchScheduling.lean""}"
obligation	PriorityDispatchScheduling:0022	multi-store--dispatch--negative	accepted	message-server-priority|priority|scheduler|trace-or-step	"{""classification"":""proof_obligation"",""evidence_role"":""source-capability"",""final_benchmark_id"":""multi-store--dispatch--negative"",""kind"":""theorem"",""line_number"":""264"",""mapping_status"":""accepted"",""name_or_expression"":""dispatch_target_high_is_reaction_priority_eligible"",""obligation_id"":""PriorityDispatchScheduling:0022"",""original_benchmark_candidate"":""test-priority-dispatch-scheduling"",""test_file"":""Relico/Tests/PriorityDispatchScheduling.lean""}"
obligation	PriorityDispatchScheduling:0023	multi-store--dispatch--negative	accepted	message-server-priority|priority|scheduler|trace-or-step	"{""classification"":""proof_obligation"",""evidence_role"":""source-capability"",""final_benchmark_id"":""multi-store--dispatch--negative"",""kind"":""theorem"",""line_number"":""323"",""mapping_status"":""accepted"",""name_or_expression"":""dispatch_target_low_is_not_reaction_priority_eligible"",""obligation_id"":""PriorityDispatchScheduling:0023"",""original_benchmark_candidate"":""test-priority-dispatch-scheduling"",""test_file"":""Relico/Tests/PriorityDispatchScheduling.lean""}"
obligation	PriorityEligibility:0001	core--dispatch--positive	accepted	priority|trace-or-step	"{""classification"":""proof_obligation"",""evidence_role"":""source-capability"",""final_benchmark_id"":""core--dispatch--positive"",""kind"":""theorem"",""line_number"":""8"",""mapping_status"":""accepted"",""name_or_expression"":""dispatch_low_pending_corresponds"",""obligation_id"":""PriorityEligibility:0001"",""original_benchmark_candidate"":""test-priority-eligibility"",""test_file"":""Relico/Tests/PriorityEligibility.lean""}"
obligation	PriorityEligibility:0002	core--dispatch--positive	accepted	priority|trace-or-step	"{""classification"":""proof_obligation"",""evidence_role"":""source-capability"",""final_benchmark_id"":""core--dispatch--positive"",""kind"":""theorem"",""line_number"":""21"",""mapping_status"":""accepted"",""name_or_expression"":""dispatch_high_pending_corresponds"",""obligation_id"":""PriorityEligibility:0002"",""original_benchmark_candidate"":""test-priority-eligibility"",""test_file"":""Relico/Tests/PriorityEligibility.lean""}"
obligation	PriorityEligibility:0003	core--dispatch--positive	accepted	priority|trace-or-step	"{""classification"":""proof_obligation"",""evidence_role"":""source-capability"",""final_benchmark_id"":""core--dispatch--positive"",""kind"":""theorem"",""line_number"":""34"",""mapping_status"":""accepted"",""name_or_expression"":""dispatch_priority_queues_correspond"",""obligation_id"":""PriorityEligibility:0003"",""original_benchmark_candidate"":""test-priority-eligibility"",""test_file"":""Relico/Tests/PriorityEligibility.lean""}"
obligation	PriorityEligibility:0004	core--dispatch--positive	accepted	priority|trace-or-step	"{""classification"":""proof_obligation"",""evidence_role"":""source-capability"",""final_benchmark_id"":""core--dispatch--positive"",""kind"":""theorem"",""line_number"":""46"",""mapping_status"":""accepted"",""name_or_expression"":""dispatch_target_priority_queue_all_microsteps_zero"",""obligation_id"":""PriorityEligibility:0004"",""original_benchmark_candidate"":""test-priority-eligibility"",""test_file"":""Relico/Tests/PriorityEligibility.lean""}"
obligation	PriorityEligibility:0005	core--dispatch--positive	accepted	priority|trace-or-step	"{""classification"":""proof_obligation"",""evidence_role"":""source-capability"",""final_benchmark_id"":""core--dispatch--positive"",""kind"":""theorem"",""line_number"":""66"",""mapping_status"":""accepted"",""name_or_expression"":""dispatch_source_priority_transports_forward"",""obligation_id"":""PriorityEligibility:0005"",""original_benchmark_candidate"":""test-priority-eligibility"",""test_file"":""Relico/Tests/PriorityEligibility.lean""}"
obligation	PriorityEligibility:0006	core--dispatch--positive	accepted	priority|trace-or-step	"{""classification"":""proof_obligation"",""evidence_role"":""source-capability"",""final_benchmark_id"":""core--dispatch--positive"",""kind"":""theorem"",""line_number"":""84"",""mapping_status"":""accepted"",""name_or_expression"":""dispatch_target_priority_transports_backward"",""obligation_id"":""PriorityEligibility:0006"",""original_benchmark_candidate"":""test-priority-eligibility"",""test_file"":""Relico/Tests/PriorityEligibility.lean""}"
obligation	PriorityEligibility:0007	core--dispatch--positive	accepted	priority|trace-or-step	"{""classification"":""proof_obligation"",""evidence_role"":""source-capability"",""final_benchmark_id"":""core--dispatch--positive"",""kind"":""theorem"",""line_number"":""101"",""mapping_status"":""accepted"",""name_or_expression"":""dispatch_source_earliest_transports_at_microstep_zero"",""obligation_id"":""PriorityEligibility:0007"",""original_benchmark_candidate"":""test-priority-eligibility"",""test_file"":""Relico/Tests/PriorityEligibility.lean""}"
obligation	PriorityMachineTiming:0001	multi-store--dispatch--positive	accepted	priority|trace-or-step	"{""classification"":""proof_obligation"",""evidence_role"":""source-capability"",""final_benchmark_id"":""multi-store--dispatch--positive"",""kind"":""theorem"",""line_number"":""8"",""mapping_status"":""accepted"",""name_or_expression"":""multi_statement_source_priority_timing"",""obligation_id"":""PriorityMachineTiming:0001"",""original_benchmark_candidate"":""test-priority-machine-timing"",""test_file"":""Relico/Tests/PriorityMachineTiming.lean""}"
obligation	PriorityMachineTiming:0002	multi-store--dispatch--positive	accepted	priority|trace-or-step	"{""classification"":""proof_obligation"",""evidence_role"":""source-capability"",""final_benchmark_id"":""multi-store--dispatch--positive"",""kind"":""theorem"",""line_number"":""18"",""mapping_status"":""accepted"",""name_or_expression"":""multi_statement_source_step_preserves_priority_timing"",""obligation_id"":""PriorityMachineTiming:0002"",""original_benchmark_candidate"":""test-priority-machine-timing"",""test_file"":""Relico/Tests/PriorityMachineTiming.lean""}"
obligation	PriorityMachineTiming:0003	multi-store--dispatch--positive	accepted	priority|trace-or-step	"{""classification"":""proof_obligation"",""evidence_role"":""source-capability"",""final_benchmark_id"":""multi-store--dispatch--positive"",""kind"":""theorem"",""line_number"":""27"",""mapping_status"":""accepted"",""name_or_expression"":""multi_statement_target_pending_microsteps_zero"",""obligation_id"":""PriorityMachineTiming:0003"",""original_benchmark_candidate"":""test-priority-machine-timing"",""test_file"":""Relico/Tests/PriorityMachineTiming.lean""}"
obligation	PriorityMachineTiming:0004	multi-store--dispatch--positive	accepted	priority|trace-or-step	"{""classification"":""proof_obligation"",""evidence_role"":""source-capability"",""final_benchmark_id"":""multi-store--dispatch--positive"",""kind"":""theorem"",""line_number"":""37"",""mapping_status"":""accepted"",""name_or_expression"":""multi_statement_target_step_preserves_microsteps_zero"",""obligation_id"":""PriorityMachineTiming:0004"",""original_benchmark_candidate"":""test-priority-machine-timing"",""test_file"":""Relico/Tests/PriorityMachineTiming.lean""}"
obligation	PriorityMachineTiming:0005	multi-store--dispatch--positive	accepted	priority|trace-or-step	"{""classification"":""proof_obligation"",""evidence_role"":""source-capability"",""final_benchmark_id"":""multi-store--dispatch--positive"",""kind"":""theorem"",""line_number"":""48"",""mapping_status"":""accepted"",""name_or_expression"":""multi_dispatch_target_step_preserves_microsteps_zero"",""obligation_id"":""PriorityMachineTiming:0005"",""original_benchmark_candidate"":""test-priority-machine-timing"",""test_file"":""Relico/Tests/PriorityMachineTiming.lean""}"
obligation	PriorityOrder:0001	core--dispatch--positive	accepted	priority|trace-or-step	"{""classification"":""proof_obligation"",""evidence_role"":""source-capability"",""final_benchmark_id"":""core--dispatch--positive"",""kind"":""theorem"",""line_number"":""8"",""mapping_status"":""accepted"",""name_or_expression"":""priority_order_transport_equivalence"",""obligation_id"":""PriorityOrder:0001"",""original_benchmark_candidate"":""test-priority-order"",""test_file"":""Relico/Tests/PriorityOrder.lean""}"
obligation	PriorityOrder:0002	core--dispatch--positive	accepted	priority|trace-or-step	"{""classification"":""proof_obligation"",""evidence_role"":""source-capability"",""final_benchmark_id"":""core--dispatch--positive"",""kind"":""theorem"",""line_number"":""26"",""mapping_status"":""accepted"",""name_or_expression"":""priority_order_transport_high_before_low"",""obligation_id"":""PriorityOrder:0002"",""original_benchmark_candidate"":""test-priority-order"",""test_file"":""Relico/Tests/PriorityOrder.lean""}"
obligation	PriorityOrder:0003	core--dispatch--positive	accepted	priority|trace-or-step	"{""classification"":""proof_obligation"",""evidence_role"":""source-capability"",""final_benchmark_id"":""core--dispatch--positive"",""kind"":""theorem"",""line_number"":""39"",""mapping_status"":""accepted"",""name_or_expression"":""priority_order_transport_low_not_before_high"",""obligation_id"":""PriorityOrder:0003"",""original_benchmark_candidate"":""test-priority-order"",""test_file"":""Relico/Tests/PriorityOrder.lean""}"
obligation	PriorityTiming:0001	multi-store--priority-selection--negative	accepted	priority	"{""classification"":""test_fixture_or_helper"",""evidence_role"":""source-capability"",""final_benchmark_id"":""multi-store--priority-selection--negative"",""kind"":""def"",""line_number"":""8"",""mapping_status"":""accepted"",""name_or_expression"":""priorityTimingPositiveBody"",""obligation_id"":""PriorityTiming:0001"",""original_benchmark_candidate"":""test-priority-timing"",""test_file"":""Relico/Tests/PriorityTiming.lean""}"
obligation	PriorityTiming:0002	multi-store--priority-selection--negative	accepted	priority	"{""classification"":""test_fixture_or_helper"",""evidence_role"":""source-capability"",""final_benchmark_id"":""multi-store--priority-selection--negative"",""kind"":""def"",""line_number"":""15"",""mapping_status"":""accepted"",""name_or_expression"":""priorityTimingZeroBody"",""obligation_id"":""PriorityTiming:0002"",""original_benchmark_candidate"":""test-priority-timing"",""test_file"":""Relico/Tests/PriorityTiming.lean""}"
obligation	PriorityTiming:0003	multi-store--priority-selection--negative	accepted	priority	"{""classification"":""proof_obligation"",""evidence_role"":""source-capability"",""final_benchmark_id"":""multi-store--priority-selection--negative"",""kind"":""theorem"",""line_number"":""22"",""mapping_status"":""accepted"",""name_or_expression"":""priority_timing_accepts_positive_delay"",""obligation_id"":""PriorityTiming:0003"",""original_benchmark_candidate"":""test-priority-timing"",""test_file"":""Relico/Tests/PriorityTiming.lean""}"
obligation	PriorityTiming:0004	multi-store--priority-selection--negative	accepted	priority	"{""classification"":""proof_obligation"",""evidence_role"":""source-capability"",""final_benchmark_id"":""multi-store--priority-selection--negative"",""kind"":""theorem"",""line_number"":""30"",""mapping_status"":""accepted"",""name_or_expression"":""priority_timing_rejects_zero_delay"",""obligation_id"":""PriorityTiming:0004"",""original_benchmark_candidate"":""test-priority-timing"",""test_file"":""Relico/Tests/PriorityTiming.lean""}"
obligation	PriorityTiming:0005	multi-store--priority-selection--negative	accepted	priority	"{""classification"":""test_fixture_or_helper"",""evidence_role"":""source-capability"",""final_benchmark_id"":""multi-store--priority-selection--negative"",""kind"":""def"",""line_number"":""38"",""mapping_status"":""accepted"",""name_or_expression"":""priorityTimingBaseTag"",""obligation_id"":""PriorityTiming:0005"",""original_benchmark_candidate"":""test-priority-timing"",""test_file"":""Relico/Tests/PriorityTiming.lean""}"
obligation	PriorityTiming:0006	multi-store--priority-selection--negative	accepted	priority	"{""classification"":""proof_obligation"",""evidence_role"":""source-capability"",""final_benchmark_id"":""multi-store--priority-selection--negative"",""kind"":""theorem"",""line_number"":""47"",""mapping_status"":""accepted"",""name_or_expression"":""positive_delay_resets_microstep"",""obligation_id"":""PriorityTiming:0006"",""original_benchmark_candidate"":""test-priority-timing"",""test_file"":""Relico/Tests/PriorityTiming.lean""}"
obligation	PriorityTiming:0007	multi-store--priority-selection--negative	accepted	priority	"{""classification"":""proof_obligation"",""evidence_role"":""source-capability"",""final_benchmark_id"":""multi-store--priority-selection--negative"",""kind"":""theorem"",""line_number"":""59"",""mapping_status"":""accepted"",""name_or_expression"":""zero_delay_advances_microstep"",""obligation_id"":""PriorityTiming:0007"",""original_benchmark_candidate"":""test-priority-timing"",""test_file"":""Relico/Tests/PriorityTiming.lean""}"
obligation	PriorityTiming:0008	multi-store--priority-selection--negative	accepted	priority	"{""classification"":""test_fixture_or_helper"",""evidence_role"":""source-capability"",""final_benchmark_id"":""multi-store--priority-selection--negative"",""kind"":""def"",""line_number"":""67"",""mapping_status"":""accepted"",""name_or_expression"":""priorityTimingLeftMessage"",""obligation_id"":""PriorityTiming:0008"",""original_benchmark_candidate"":""test-priority-timing"",""test_file"":""Relico/Tests/PriorityTiming.lean""}"
obligation	PriorityTiming:0009	multi-store--priority-selection--negative	accepted	priority	"{""classification"":""test_fixture_or_helper"",""evidence_role"":""source-capability"",""final_benchmark_id"":""multi-store--priority-selection--negative"",""kind"":""def"",""line_number"":""76"",""mapping_status"":""accepted"",""name_or_expression"":""priorityTimingRightMessage"",""obligation_id"":""PriorityTiming:0009"",""original_benchmark_candidate"":""test-priority-timing"",""test_file"":""Relico/Tests/PriorityTiming.lean""}"
obligation	PriorityTiming:0010	multi-store--priority-selection--negative	accepted	priority	"{""classification"":""test_fixture_or_helper"",""evidence_role"":""source-capability"",""final_benchmark_id"":""multi-store--priority-selection--negative"",""kind"":""def"",""line_number"":""85"",""mapping_status"":""accepted"",""name_or_expression"":""priorityTimingLeftAction"",""obligation_id"":""PriorityTiming:0010"",""original_benchmark_candidate"":""test-priority-timing"",""test_file"":""Relico/Tests/PriorityTiming.lean""}"
obligation	PriorityTiming:0011	multi-store--priority-selection--negative	accepted	priority	"{""classification"":""test_fixture_or_helper"",""evidence_role"":""source-capability"",""final_benchmark_id"":""multi-store--priority-selection--negative"",""kind"":""def"",""line_number"":""100"",""mapping_status"":""accepted"",""name_or_expression"":""priorityTimingRightAction"",""obligation_id"":""PriorityTiming:0011"",""original_benchmark_candidate"":""test-priority-timing"",""test_file"":""Relico/Tests/PriorityTiming.lean""}"
obligation	PriorityTiming:0012	multi-store--priority-selection--negative	accepted	priority	"{""classification"":""proof_obligation"",""evidence_role"":""source-capability"",""final_benchmark_id"":""multi-store--priority-selection--negative"",""kind"":""theorem"",""line_number"":""115"",""mapping_status"":""accepted"",""name_or_expression"":""priorityTimingLeftCorresponds"",""obligation_id"":""PriorityTiming:0012"",""original_benchmark_candidate"":""test-priority-timing"",""test_file"":""Relico/Tests/PriorityTiming.lean""}"
obligation	PriorityTiming:0013	multi-store--priority-selection--negative	accepted	priority	"{""classification"":""proof_obligation"",""evidence_role"":""source-capability"",""final_benchmark_id"":""multi-store--priority-selection--negative"",""kind"":""theorem"",""line_number"":""128"",""mapping_status"":""accepted"",""name_or_expression"":""priorityTimingRightCorresponds"",""obligation_id"":""PriorityTiming:0013"",""original_benchmark_candidate"":""test-priority-timing"",""test_file"":""Relico/Tests/PriorityTiming.lean""}"
obligation	PriorityTiming:0014	multi-store--priority-selection--negative	accepted	priority	"{""classification"":""proof_obligation"",""evidence_role"":""source-capability"",""final_benchmark_id"":""multi-store--priority-selection--negative"",""kind"":""theorem"",""line_number"":""141"",""mapping_status"":""accepted"",""name_or_expression"":""equal_source_times_and_zero_microsteps_give_equal_tags"",""obligation_id"":""PriorityTiming:0014"",""original_benchmark_candidate"":""test-priority-timing"",""test_file"":""Relico/Tests/PriorityTiming.lean""}"
obligation	PriorityTiming:0015	multi-store--priority-selection--negative	accepted	priority	"{""classification"":""test_fixture_or_helper"",""evidence_role"":""source-capability"",""final_benchmark_id"":""multi-store--priority-selection--negative"",""kind"":""def"",""line_number"":""153"",""mapping_status"":""accepted"",""name_or_expression"":""priorityTimingQueue"",""obligation_id"":""PriorityTiming:0015"",""original_benchmark_candidate"":""test-priority-timing"",""test_file"":""Relico/Tests/PriorityTiming.lean""}"
obligation	PriorityTiming:0016	multi-store--priority-selection--negative	accepted	priority	"{""classification"":""proof_obligation"",""evidence_role"":""source-capability"",""final_benchmark_id"":""multi-store--priority-selection--negative"",""kind"":""theorem"",""line_number"":""159"",""mapping_status"":""accepted"",""name_or_expression"":""priority_timing_queue_has_zero_microsteps"",""obligation_id"":""PriorityTiming:0016"",""original_benchmark_candidate"":""test-priority-timing"",""test_file"":""Relico/Tests/PriorityTiming.lean""}"
obligation	PriorityTiming:0017	multi-store--priority-selection--negative	accepted	priority	"{""classification"":""proof_obligation"",""evidence_role"":""source-capability"",""final_benchmark_id"":""multi-store--priority-selection--negative"",""kind"":""theorem"",""line_number"":""178"",""mapping_status"":""accepted"",""name_or_expression"":""positive_schedule_preserves_zero_microsteps"",""obligation_id"":""PriorityTiming:0017"",""original_benchmark_candidate"":""test-priority-timing"",""test_file"":""Relico/Tests/PriorityTiming.lean""}"
obligation	ZeroDelayPriorityMismatch:0001	multi-store--dispatch--negative	accepted	priority|trace-or-step	"{""classification"":""test_fixture_or_helper"",""evidence_role"":""source-capability"",""final_benchmark_id"":""multi-store--dispatch--negative"",""kind"":""def"",""line_number"":""10"",""mapping_status"":""accepted"",""name_or_expression"":""zeroDelayPriorityDelay"",""obligation_id"":""ZeroDelayPriorityMismatch:0001"",""original_benchmark_candidate"":""test-zero-delay-priority-mismatch"",""test_file"":""Relico/Tests/ZeroDelayPriorityMismatch.lean""}"
obligation	ZeroDelayPriorityMismatch:0002	multi-store--dispatch--negative	accepted	priority|trace-or-step	"{""classification"":""test_fixture_or_helper"",""evidence_role"":""source-capability"",""final_benchmark_id"":""multi-store--dispatch--negative"",""kind"":""def"",""line_number"":""16"",""mapping_status"":""accepted"",""name_or_expression"":""zeroDelayPriorityTime"",""obligation_id"":""ZeroDelayPriorityMismatch:0002"",""original_benchmark_candidate"":""test-zero-delay-priority-mismatch"",""test_file"":""Relico/Tests/ZeroDelayPriorityMismatch.lean""}"
obligation	ZeroDelayPriorityMismatch:0003	multi-store--dispatch--negative	accepted	priority|trace-or-step	"{""classification"":""test_fixture_or_helper"",""evidence_role"":""source-capability"",""final_benchmark_id"":""multi-store--dispatch--negative"",""kind"":""def"",""line_number"":""20"",""mapping_status"":""accepted"",""name_or_expression"":""zeroDelayPriorityTag"",""obligation_id"":""ZeroDelayPriorityMismatch:0003"",""original_benchmark_candidate"":""test-zero-delay-priority-mismatch"",""test_file"":""Relico/Tests/ZeroDelayPriorityMismatch.lean""}"
obligation	ZeroDelayPriorityMismatch:0004	multi-store--dispatch--negative	accepted	priority|trace-or-step	"{""classification"":""test_fixture_or_helper"",""evidence_role"":""source-capability"",""final_benchmark_id"":""multi-store--dispatch--negative"",""kind"":""def"",""line_number"":""30"",""mapping_status"":""accepted"",""name_or_expression"":""zeroDelayPriorityOldLowMessage"",""obligation_id"":""ZeroDelayPriorityMismatch:0004"",""original_benchmark_candidate"":""test-zero-delay-priority-mismatch"",""test_file"":""Relico/Tests/ZeroDelayPriorityMismatch.lean""}"
obligation	ZeroDelayPriorityMismatch:0005	multi-store--dispatch--negative	accepted	priority|trace-or-step	"{""classification"":""test_fixture_or_helper"",""evidence_role"":""source-capability"",""final_benchmark_id"":""multi-store--dispatch--negative"",""kind"":""def"",""line_number"":""40"",""mapping_status"":""accepted"",""name_or_expression"":""zeroDelayPriorityNewHighMessage"",""obligation_id"":""ZeroDelayPriorityMismatch:0005"",""original_benchmark_candidate"":""test-zero-delay-priority-mismatch"",""test_file"":""Relico/Tests/ZeroDelayPriorityMismatch.lean""}"
obligation	ZeroDelayPriorityMismatch:0006	multi-store--dispatch--negative	accepted	priority|trace-or-step	"{""classification"":""test_fixture_or_helper"",""evidence_role"":""source-capability"",""final_benchmark_id"":""multi-store--dispatch--negative"",""kind"":""def"",""line_number"":""52"",""mapping_status"":""accepted"",""name_or_expression"":""zeroDelayPriorityOldLowAction"",""obligation_id"":""ZeroDelayPriorityMismatch:0006"",""original_benchmark_candidate"":""test-zero-delay-priority-mismatch"",""test_file"":""Relico/Tests/ZeroDelayPriorityMismatch.lean""}"
obligation	ZeroDelayPriorityMismatch:0007	multi-store--dispatch--negative	accepted	priority|trace-or-step	"{""classification"":""test_fixture_or_helper"",""evidence_role"":""source-capability"",""final_benchmark_id"":""multi-store--dispatch--negative"",""kind"":""def"",""line_number"":""63"",""mapping_status"":""accepted"",""name_or_expression"":""zeroDelayPriorityNewHighAction"",""obligation_id"":""ZeroDelayPriorityMismatch:0007"",""original_benchmark_candidate"":""test-zero-delay-priority-mismatch"",""test_file"":""Relico/Tests/ZeroDelayPriorityMismatch.lean""}"
obligation	ZeroDelayPriorityMismatch:0008	multi-store--dispatch--negative	accepted	priority|trace-or-step	"{""classification"":""test_fixture_or_helper"",""evidence_role"":""source-capability"",""final_benchmark_id"":""multi-store--dispatch--negative"",""kind"":""def"",""line_number"":""76"",""mapping_status"":""accepted"",""name_or_expression"":""zeroDelayPrioritySourceQueue"",""obligation_id"":""ZeroDelayPriorityMismatch:0008"",""original_benchmark_candidate"":""test-zero-delay-priority-mismatch"",""test_file"":""Relico/Tests/ZeroDelayPriorityMismatch.lean""}"
obligation	ZeroDelayPriorityMismatch:0009	multi-store--dispatch--negative	accepted	priority|trace-or-step	"{""classification"":""test_fixture_or_helper"",""evidence_role"":""source-capability"",""final_benchmark_id"":""multi-store--dispatch--negative"",""kind"":""def"",""line_number"":""82"",""mapping_status"":""accepted"",""name_or_expression"":""zeroDelayPriorityTargetQueue"",""obligation_id"":""ZeroDelayPriorityMismatch:0009"",""original_benchmark_candidate"":""test-zero-delay-priority-mismatch"",""test_file"":""Relico/Tests/ZeroDelayPriorityMismatch.lean""}"
obligation	ZeroDelayPriorityMismatch:0010	multi-store--dispatch--negative	accepted	priority|trace-or-step	"{""classification"":""proof_obligation"",""evidence_role"":""source-capability"",""final_benchmark_id"":""multi-store--dispatch--negative"",""kind"":""theorem"",""line_number"":""88"",""mapping_status"":""accepted"",""name_or_expression"":""zero_delay_priority_source_high_is_eligible"",""obligation_id"":""ZeroDelayPriorityMismatch:0010"",""original_benchmark_candidate"":""test-zero-delay-priority-mismatch"",""test_file"":""Relico/Tests/ZeroDelayPriorityMismatch.lean""}"
obligation	ZeroDelayPriorityMismatch:0011	multi-store--dispatch--negative	accepted	priority|trace-or-step	"{""classification"":""proof_obligation"",""evidence_role"":""source-capability"",""final_benchmark_id"":""multi-store--dispatch--negative"",""kind"":""theorem"",""line_number"":""137"",""mapping_status"":""accepted"",""name_or_expression"":""zero_delay_priority_target_low_is_eligible"",""obligation_id"":""ZeroDelayPriorityMismatch:0011"",""original_benchmark_candidate"":""test-zero-delay-priority-mismatch"",""test_file"":""Relico/Tests/ZeroDelayPriorityMismatch.lean""}"
obligation	ZeroDelayPriorityMismatch:0012	multi-store--dispatch--negative	accepted	priority|trace-or-step	"{""classification"":""proof_obligation"",""evidence_role"":""source-capability"",""final_benchmark_id"":""multi-store--dispatch--negative"",""kind"":""theorem"",""line_number"":""198"",""mapping_status"":""accepted"",""name_or_expression"":""zero_delay_priority_target_high_is_not_eligible"",""obligation_id"":""ZeroDelayPriorityMismatch:0012"",""original_benchmark_candidate"":""test-zero-delay-priority-mismatch"",""test_file"":""Relico/Tests/ZeroDelayPriorityMismatch.lean""}"
obligation	ZeroDelayPriorityMismatch:0013	multi-store--dispatch--negative	accepted	priority|trace-or-step	"{""classification"":""proof_obligation"",""evidence_role"":""source-capability"",""final_benchmark_id"":""multi-store--dispatch--negative"",""kind"":""theorem"",""line_number"":""247"",""mapping_status"":""accepted"",""name_or_expression"":""zero_delay_priority_queues_correspond"",""obligation_id"":""ZeroDelayPriorityMismatch:0013"",""original_benchmark_candidate"":""test-zero-delay-priority-mismatch"",""test_file"":""Relico/Tests/ZeroDelayPriorityMismatch.lean""}"
obligation	ZeroDelayPriorityMismatch:0014	multi-store--dispatch--negative	accepted	priority|trace-or-step	"{""classification"":""test_fixture_or_helper"",""evidence_role"":""source-capability"",""final_benchmark_id"":""multi-store--dispatch--negative"",""kind"":""def"",""line_number"":""285"",""mapping_status"":""accepted"",""name_or_expression"":""zeroDelayPrioritySourceBefore"",""obligation_id"":""ZeroDelayPriorityMismatch:0014"",""original_benchmark_candidate"":""test-zero-delay-priority-mismatch"",""test_file"":""Relico/Tests/ZeroDelayPriorityMismatch.lean""}"
obligation	ZeroDelayPriorityMismatch:0015	multi-store--dispatch--negative	accepted	priority|trace-or-step	"{""classification"":""test_fixture_or_helper"",""evidence_role"":""source-capability"",""final_benchmark_id"":""multi-store--dispatch--negative"",""kind"":""def"",""line_number"":""305"",""mapping_status"":""accepted"",""name_or_expression"":""zeroDelayPrioritySourceAfter"",""obligation_id"":""ZeroDelayPriorityMismatch:0015"",""original_benchmark_candidate"":""test-zero-delay-priority-mismatch"",""test_file"":""Relico/Tests/ZeroDelayPriorityMismatch.lean""}"
obligation	ZeroDelayPriorityMismatch:0016	multi-store--dispatch--negative	accepted	priority|trace-or-step	"{""classification"":""test_fixture_or_helper"",""evidence_role"":""source-capability"",""final_benchmark_id"":""multi-store--dispatch--negative"",""kind"":""def"",""line_number"":""321"",""mapping_status"":""accepted"",""name_or_expression"":""zeroDelayPriorityTargetBefore"",""obligation_id"":""ZeroDelayPriorityMismatch:0016"",""original_benchmark_candidate"":""test-zero-delay-priority-mismatch"",""test_file"":""Relico/Tests/ZeroDelayPriorityMismatch.lean""}"
obligation	ZeroDelayPriorityMismatch:0017	multi-store--dispatch--negative	accepted	priority|trace-or-step	"{""classification"":""test_fixture_or_helper"",""evidence_role"":""source-capability"",""final_benchmark_id"":""multi-store--dispatch--negative"",""kind"":""def"",""line_number"":""342"",""mapping_status"":""accepted"",""name_or_expression"":""zeroDelayPriorityTargetAfter"",""obligation_id"":""ZeroDelayPriorityMismatch:0017"",""original_benchmark_candidate"":""test-zero-delay-priority-mismatch"",""test_file"":""Relico/Tests/ZeroDelayPriorityMismatch.lean""}"
obligation	ZeroDelayPriorityMismatch:0018	multi-store--dispatch--negative	accepted	priority|trace-or-step	"{""classification"":""proof_obligation"",""evidence_role"":""source-capability"",""final_benchmark_id"":""multi-store--dispatch--negative"",""kind"":""theorem"",""line_number"":""358"",""mapping_status"":""accepted"",""name_or_expression"":""zero_delay_priority_source_shape_is_reachable"",""obligation_id"":""ZeroDelayPriorityMismatch:0018"",""original_benchmark_candidate"":""test-zero-delay-priority-mismatch"",""test_file"":""Relico/Tests/ZeroDelayPriorityMismatch.lean""}"
obligation	ZeroDelayPriorityMismatch:0019	multi-store--dispatch--negative	accepted	priority|trace-or-step	"{""classification"":""proof_obligation"",""evidence_role"":""source-capability"",""final_benchmark_id"":""multi-store--dispatch--negative"",""kind"":""theorem"",""line_number"":""401"",""mapping_status"":""accepted"",""name_or_expression"":""zero_delay_priority_target_shape_is_reachable"",""obligation_id"":""ZeroDelayPriorityMismatch:0019"",""original_benchmark_candidate"":""test-zero-delay-priority-mismatch"",""test_file"":""Relico/Tests/ZeroDelayPriorityMismatch.lean""}"
