category	path	line	source_line	bypass_risk
actor_priority	Relico/Correctness/GlobalMultiStorePayloadActorPriorityBoundary.lean	6	namespace GlobalMultiStorePayloadActorPriorityBoundary	enforcement-evidence
actor_priority	Relico/Correctness/GlobalMultiStorePayloadActorPriorityBoundary.lean	9	An actor-priority assignment supplied outside the published source and	enforcement-evidence
actor_priority	Relico/Correctness/GlobalMultiStorePayloadActorPriorityBoundary.lean	12	abbrev ActorPriorityAssignment :=	enforcement-evidence
actor_priority	Relico/Correctness/GlobalMultiStorePayloadActorPriorityBoundary.lean	16	`none` requests no actor-level priority policy.	enforcement-evidence
actor_priority	Relico/Correctness/GlobalMultiStorePayloadActorPriorityBoundary.lean	18	A `some` value requests actor-priority metadata that is not represented by	enforcement-evidence
actor_priority	Relico/Correctness/GlobalMultiStorePayloadActorPriorityBoundary.lean	21	abbrev ActorPriorityRequest :=	enforcement-evidence
actor_priority	Relico/Correctness/GlobalMultiStorePayloadActorPriorityBoundary.lean	22	Option ActorPriorityAssignment	enforcement-evidence
actor_priority	Relico/Correctness/GlobalMultiStorePayloadActorPriorityBoundary.lean	25	The source global model exposes no actor-priority metadata.	enforcement-evidence
actor_priority	Relico/Correctness/GlobalMultiStorePayloadActorPriorityBoundary.lean	27	def sourceActorPriorityMetadata	enforcement-evidence
actor_priority	Relico/Correctness/GlobalMultiStorePayloadActorPriorityBoundary.lean	29	ActorPriorityRequest :=	enforcement-evidence
actor_priority	Relico/Correctness/GlobalMultiStorePayloadActorPriorityBoundary.lean	33	The target global program exposes no actor-priority metadata.	enforcement-evidence
actor_priority	Relico/Correctness/GlobalMultiStorePayloadActorPriorityBoundary.lean	35	def targetActorPriorityMetadata	enforcement-evidence
actor_priority	Relico/Correctness/GlobalMultiStorePayloadActorPriorityBoundary.lean	37	ActorPriorityRequest :=	enforcement-evidence
actor_priority	Relico/Correctness/GlobalMultiStorePayloadActorPriorityBoundary.lean	41	theorem sourceActorPriorityMetadata_eq_none	enforcement-evidence
actor_priority	Relico/Correctness/GlobalMultiStorePayloadActorPriorityBoundary.lean	43	sourceActorPriorityMetadata model = none := by	enforcement-evidence
actor_priority	Relico/Correctness/GlobalMultiStorePayloadActorPriorityBoundary.lean	47	theorem targetActorPriorityMetadata_eq_none	enforcement-evidence
actor_priority	Relico/Correctness/GlobalMultiStorePayloadActorPriorityBoundary.lean	49	targetActorPriorityMetadata program = none := by	enforcement-evidence
actor_priority	Relico/Correctness/GlobalMultiStorePayloadActorPriorityBoundary.lean	53	The source and target actor-priority projections agree because both are	enforcement-evidence
actor_priority	Relico/Correctness/GlobalMultiStorePayloadActorPriorityBoundary.lean	56	def ActorPriorityMetadataCorresponds	enforcement-evidence
actor_priority	Relico/Correctness/GlobalMultiStorePayloadActorPriorityBoundary.lean	60	sourceActorPriorityMetadata model =	enforcement-evidence
actor_priority	Relico/Correctness/GlobalMultiStorePayloadActorPriorityBoundary.lean	61	targetActorPriorityMetadata program	enforcement-evidence
actor_priority	Relico/Correctness/GlobalMultiStorePayloadActorPriorityBoundary.lean	63	theorem actorPriorityMetadataCorresponds	enforcement-evidence
actor_priority	Relico/Correctness/GlobalMultiStorePayloadActorPriorityBoundary.lean	66	ActorPriorityMetadataCorresponds model program := by	enforcement-evidence
actor_priority	Relico/Correctness/GlobalMultiStorePayloadActorPriorityBoundary.lean	71	actor-priority request.	enforcement-evidence
actor_priority	Relico/Correctness/GlobalMultiStorePayloadActorPriorityBoundary.lean	74	(request : ActorPriorityRequest) :	enforcement-evidence
actor_priority	Relico/Correctness/GlobalMultiStorePayloadActorPriorityBoundary.lean	78	theorem noActorPriorityRequest_supported :	enforcement-evidence
actor_priority	Relico/Correctness/GlobalMultiStorePayloadActorPriorityBoundary.lean	82	theorem explicitActorPriorityRequest_rejected	enforcement-evidence
actor_priority	Relico/Correctness/GlobalMultiStorePayloadActorPriorityBoundary.lean	83	(assignment : ActorPriorityAssignment) :	enforcement-evidence
actor_priority	Relico/Correctness/GlobalMultiStorePayloadActorPriorityBoundary.lean	90	The E4B actor-priority boundary combines metadata agreement with rejection	enforcement-evidence
actor_priority	Relico/Correctness/GlobalMultiStorePayloadActorPriorityBoundary.lean	91	of any external actor-priority assignment.	enforcement-evidence
actor_priority	Relico/Correctness/GlobalMultiStorePayloadActorPriorityBoundary.lean	96	(request : ActorPriorityRequest) :	enforcement-evidence
actor_priority	Relico/Correctness/GlobalMultiStorePayloadActorPriorityBoundary.lean	98	ActorPriorityMetadataCorresponds model program ∧	enforcement-evidence
actor_priority	Relico/Correctness/GlobalMultiStorePayloadActorPriorityBoundary.lean	104	(request : ActorPriorityRequest) :	enforcement-evidence
actor_priority	Relico/Correctness/GlobalMultiStorePayloadActorPriorityBoundary.lean	109	ActorPriorityMetadataCorresponds,	enforcement-evidence
actor_priority	Relico/Correctness/GlobalMultiStorePayloadActorPriorityBoundary.lean	111	sourceActorPriorityMetadata,	enforcement-evidence
actor_priority	Relico/Correctness/GlobalMultiStorePayloadActorPriorityBoundary.lean	112	targetActorPriorityMetadata,	enforcement-evidence
actor_priority	Relico/Correctness/GlobalMultiStorePayloadActorPriorityBoundary.lean	115	theorem boundary_without_actor_priority	enforcement-evidence
actor_priority	Relico/Correctness/GlobalMultiStorePayloadActorPriorityBoundary.lean	125	theorem boundary_rejects_explicit_actor_priority	enforcement-evidence
actor_priority	Relico/Correctness/GlobalMultiStorePayloadActorPriorityBoundary.lean	128	(assignment : ActorPriorityAssignment) :	enforcement-evidence
actor_priority	Relico/Correctness/GlobalMultiStorePayloadActorPriorityBoundary.lean	138	translation. It is not reinterpreted as actor-level scheduling priority.	enforcement-evidence
actor_priority	Relico/Correctness/GlobalMultiStorePayloadActorPriorityBoundary.lean	147	end GlobalMultiStorePayloadActorPriorityBoundary	enforcement-evidence
actor_priority	Relico/Correctness/GlobalMultiStorePayloadDeclaredFragment.lean	30	The existing actor-local source priority-eligibility relation.	enforcement-evidence
actor_priority	Relico/Correctness/GlobalMultiStorePayloadDeclaredFragment.lean	36	The existing actor-local target priority-eligibility relation.	enforcement-evidence
actor_priority	Relico/Correctness/GlobalMultiStorePayloadDeclaredFragment.lean	195	Compilation preserves actor-local message-server priority definitionally.	enforcement-evidence
actor_priority	Relico/Correctness/GlobalMultiStorePayloadDispatchCorrespondence.lean	6	pointwise through aligned actor stores. Actor selection, cross-actor priority,	enforcement-evidence
actor_priority	Relico/Correctness/GlobalMultiStorePayloadExternalSendCorrespondence.lean	221	state relation. It deliberately contains no global dispatch or actor-priority	enforcement-evidence
actor_priority	Relico/DTR/GlobalMultiStorePayloadExternalSend.lean	216	This function performs no dispatch, global event selection, actor-priority	enforcement-evidence
actor_priority	Relico/Tests/GlobalMultiStorePayloadActorPriorityBoundary.lean	1	import Relico.Correctness.GlobalMultiStorePayloadActorPriorityBoundary	enforcement-evidence
actor_priority	Relico/Tests/GlobalMultiStorePayloadActorPriorityBoundary.lean	5	namespace GlobalMultiStorePayloadActorPriorityBoundary	enforcement-evidence
actor_priority	Relico/Tests/GlobalMultiStorePayloadActorPriorityBoundary.lean	7	open Correctness.GlobalMultiStorePayloadActorPriorityBoundary	enforcement-evidence
actor_priority	Relico/Tests/GlobalMultiStorePayloadActorPriorityBoundary.lean	11	sourceActorPriorityMetadata model = none :=	enforcement-evidence
actor_priority	Relico/Tests/GlobalMultiStorePayloadActorPriorityBoundary.lean	12	sourceActorPriorityMetadata_eq_none model	enforcement-evidence
actor_priority	Relico/Tests/GlobalMultiStorePayloadActorPriorityBoundary.lean	16	targetActorPriorityMetadata program = none :=	enforcement-evidence
actor_priority	Relico/Tests/GlobalMultiStorePayloadActorPriorityBoundary.lean	17	targetActorPriorityMetadata_eq_none program	enforcement-evidence
actor_priority	Relico/Tests/GlobalMultiStorePayloadActorPriorityBoundary.lean	22	ActorPriorityMetadataCorresponds model program :=	enforcement-evidence
actor_priority	Relico/Tests/GlobalMultiStorePayloadActorPriorityBoundary.lean	23	actorPriorityMetadataCorresponds model program	enforcement-evidence
actor_priority	Relico/Tests/GlobalMultiStorePayloadActorPriorityBoundary.lean	27	noActorPriorityRequest_supported	enforcement-evidence
actor_priority	Relico/Tests/GlobalMultiStorePayloadActorPriorityBoundary.lean	30	(assignment : ActorPriorityAssignment) :	enforcement-evidence
actor_priority	Relico/Tests/GlobalMultiStorePayloadActorPriorityBoundary.lean	32	explicitActorPriorityRequest_rejected assignment	enforcement-evidence
actor_priority	Relico/Tests/GlobalMultiStorePayloadActorPriorityBoundary.lean	36	(some ([] : ActorPriorityAssignment)) :=	enforcement-evidence
actor_priority	Relico/Tests/GlobalMultiStorePayloadActorPriorityBoundary.lean	37	explicitActorPriorityRequest_rejected []	enforcement-evidence
actor_priority	Relico/Tests/GlobalMultiStorePayloadActorPriorityBoundary.lean	42	(request : ActorPriorityRequest) :	enforcement-evidence
actor_priority	Relico/Tests/GlobalMultiStorePayloadActorPriorityBoundary.lean	54	boundary_without_actor_priority	enforcement-evidence
actor_priority	Relico/Tests/GlobalMultiStorePayloadActorPriorityBoundary.lean	61	(assignment : ActorPriorityAssignment) :	enforcement-evidence
actor_priority	Relico/Tests/GlobalMultiStorePayloadActorPriorityBoundary.lean	63	boundary_rejects_explicit_actor_priority	enforcement-evidence
actor_priority	Relico/Tests/GlobalMultiStorePayloadActorPriorityBoundary.lean	74	end GlobalMultiStorePayloadActorPriorityBoundary	enforcement-evidence
actor_priority	frontend/fixtures/multistore-priority.json	5	"""actorClass"": ""PriorityController"","	enforcement-evidence
actor_priority	frontend/java-bridge/RebecaMultiStoreJsonExporter.java	578	"""multiple @priority annotations on "" +"	enforcement-evidence
actor_priority	frontend/java-bridge/RebecaMultiStoreJsonExporter.java	586	"""@priority annotation without a value"""	enforcement-evidence
actor_priority	frontend/java-bridge/RebecaMultiStoreJsonExporter.java	591	"""@priority value was not normalized "" +"	enforcement-evidence
actor_priority	frontend/java-bridge/RebecaMultiStoreJsonExporter.java	599	"""@priority value"""	enforcement-evidence
actor_priority	frontend/java-bridge/RebecaMultiStoreJsonExporter.java	607	"""@priority value must be nonnegative"""	enforcement-evidence
actor_priority	frontend/java-bridge/RebecaMultiStorePayloadJsonExporter.java	603	"""multiple @priority annotations on "" +"	enforcement-evidence
actor_priority	frontend/java-bridge/RebecaMultiStorePayloadJsonExporter.java	611	"""@priority annotation without a value"""	enforcement-evidence
actor_priority	frontend/java-bridge/RebecaMultiStorePayloadJsonExporter.java	616	"""@priority value was not normalized "" +"	enforcement-evidence
actor_priority	frontend/java-bridge/RebecaMultiStorePayloadJsonExporter.java	624	"""@priority value"""	enforcement-evidence
actor_priority	frontend/java-bridge/RebecaMultiStorePayloadJsonExporter.java	632	"""@priority value must be nonnegative"""	enforcement-evidence
actor_priority	tests/benchmarks/registry/benchmarks.tsv	34	global-multi-actor-payload--priority-selection--negative global-multi-actor-payload priority-selection negative 1 10 expected-boundary-or-rejection source,rmc,parser-json,decoded-dtr-ast,expected-boundary-stage,diagnostics yes tests/benchmarks/global-multi-actor-payload--priority-selection--negative/source/model.rebeca planned	enforcement-evidence
actor_priority	tests/benchmarks/registry/obligations.tsv	705	GlobalMultiStorePayloadActorPriorityBoundary:0001 Relico/Tests/GlobalMultiStorePayloadActorPriorityBoundary.lean 8 theorem sourceMetadata_absent proof_obligation test-global-multi-store-payload-actor-priority-boundary global-multi-actor-payload--priority-selection--negative source-capability accepted	enforcement-evidence
actor_priority	tests/benchmarks/registry/obligations.tsv	706	GlobalMultiStorePayloadActorPriorityBoundary:0002 Relico/Tests/GlobalMultiStorePayloadActorPriorityBoundary.lean 13 theorem targetMetadata_absent proof_obligation test-global-multi-store-payload-actor-priority-boundary global-multi-actor-payload--priority-selection--negative source-capability accepted	enforcement-evidence
actor_priority	tests/benchmarks/registry/obligations.tsv	707	GlobalMultiStorePayloadActorPriorityBoundary:0003 Relico/Tests/GlobalMultiStorePayloadActorPriorityBoundary.lean 18 theorem sourceTargetMetadata_correspond proof_obligation test-global-multi-store-payload-actor-priority-boundary global-multi-actor-payload--priority-selection--negative source-capability accepted	enforcement-evidence
actor_priority	tests/benchmarks/registry/obligations.tsv	708	GlobalMultiStorePayloadActorPriorityBoundary:0004 Relico/Tests/GlobalMultiStorePayloadActorPriorityBoundary.lean 24 theorem absentRequest_supported proof_obligation test-global-multi-store-payload-actor-priority-boundary global-multi-actor-payload--priority-selection--negative source-capability accepted	enforcement-evidence
actor_priority	tests/benchmarks/registry/obligations.tsv	709	GlobalMultiStorePayloadActorPriorityBoundary:0005 Relico/Tests/GlobalMultiStorePayloadActorPriorityBoundary.lean 28 theorem explicitRequest_rejected proof_obligation test-global-multi-store-payload-actor-priority-boundary global-multi-actor-payload--priority-selection--negative source-capability accepted	enforcement-evidence
actor_priority	tests/benchmarks/registry/obligations.tsv	710	GlobalMultiStorePayloadActorPriorityBoundary:0006 Relico/Tests/GlobalMultiStorePayloadActorPriorityBoundary.lean 33 theorem emptyExplicitAssignment_rejected proof_obligation test-global-multi-store-payload-actor-priority-boundary global-multi-actor-payload--priority-selection--negative source-capability accepted	enforcement-evidence
actor_priority	tests/benchmarks/registry/obligations.tsv	711	GlobalMultiStorePayloadActorPriorityBoundary:0007 Relico/Tests/GlobalMultiStorePayloadActorPriorityBoundary.lean 38 theorem boundary_characterization proof_obligation test-global-multi-store-payload-actor-priority-boundary global-multi-actor-payload--priority-selection--negative source-capability accepted	enforcement-evidence
actor_priority	tests/benchmarks/registry/obligations.tsv	712	GlobalMultiStorePayloadActorPriorityBoundary:0008 Relico/Tests/GlobalMultiStorePayloadActorPriorityBoundary.lean 49 theorem absentBoundary_supported proof_obligation test-global-multi-store-payload-actor-priority-boundary global-multi-actor-payload--priority-selection--negative source-capability accepted	enforcement-evidence
actor_priority	tests/benchmarks/registry/obligations.tsv	713	GlobalMultiStorePayloadActorPriorityBoundary:0009 Relico/Tests/GlobalMultiStorePayloadActorPriorityBoundary.lean 57 theorem explicitBoundary_rejected proof_obligation test-global-multi-store-payload-actor-priority-boundary global-multi-actor-payload--priority-selection--negative source-capability accepted	enforcement-evidence
actor_priority	tests/benchmarks/registry/obligations.tsv	714	GlobalMultiStorePayloadActorPriorityBoundary:0010 Relico/Tests/GlobalMultiStorePayloadActorPriorityBoundary.lean 67 theorem localPriority_preserved proof_obligation test-global-multi-store-payload-actor-priority-boundary global-multi-actor-payload--priority-selection--negative source-capability accepted	enforcement-evidence
actor_priority	tests/benchmarks/registry/source-model-plan.tsv	34	global-multi-actor-payload--priority-selection--negative tests/benchmarks/global-multi-actor-payload--priority-selection--negative tests/benchmarks/global-multi-actor-payload--priority-selection--negative/source/model.rebeca negative 1 10 6	enforcement-evidence
annotation_rejection	frontend/java-bridge/RebecaMultiStoreJsonExporter.java	321	"""main-actor annotations"""	enforcement-evidence
annotation_rejection	frontend/java-bridge/RebecaMultiStorePayloadJsonExporter.java	320	"""main-actor annotations"""	enforcement-evidence
annotation_rejection	frontend/java-bridge/RebecaStoreJsonExporter.java	307	"""main-actor annotations"""	enforcement-evidence
annotation_rejection	frontend/java-bridge/RebecaV0JsonExporter.java	280	"""main-actor annotations"""	enforcement-evidence
json_emission	Relico/Benchmark/ArtifactExporter.lean	10	def decodeModelFile (jsonPath : String) : IO (Except UInt32 DTR.Model) := do	enforcement-evidence
json_emission	Relico/Benchmark/ArtifactExporter.lean	11	let jsonText ← IO.FS.readFile jsonPath	enforcement-evidence
json_emission	Relico/Benchmark/ArtifactExporter.lean	12	match Frontend.decodeModelText jsonText with	enforcement-evidence
json_emission	Relico/Benchmark/ArtifactExporter.lean	19	def exportDecodedDtrAst (jsonPath outputPath : String) : IO UInt32 := do	enforcement-evidence
json_emission	Relico/Benchmark/ArtifactExporter.lean	20	match ← decodeModelFile jsonPath with	enforcement-evidence
json_emission	Relico/Benchmark/ArtifactExporter.lean	26	def translateModelFile (jsonPath : String) : IO (Except UInt32 LF.Program) := do	enforcement-evidence
json_emission	Relico/Benchmark/ArtifactExporter.lean	27	match ← decodeModelFile jsonPath with	enforcement-evidence
json_emission	Relico/Benchmark/ArtifactExporter.lean	36	def exportTranslatedLfAst (jsonPath outputPath : String) : IO UInt32 := do	enforcement-evidence
json_emission	Relico/Benchmark/ArtifactExporter.lean	37	match ← translateModelFile jsonPath with	enforcement-evidence
json_emission	Relico/Benchmark/ArtifactExporter.lean	43	def exportLfSource (jsonPath outputPath : String) : IO UInt32 := do	enforcement-evidence
json_emission	Relico/Benchmark/ArtifactExporter.lean	44	match ← translateModelFile jsonPath with	enforcement-evidence
json_emission	Relico/Benchmark/ArtifactExporter.lean	55	"| [""decoded-dtr-ast"", jsonPath, outputPath] =>"	enforcement-evidence
json_emission	Relico/Benchmark/ArtifactExporter.lean	56	Relico.Benchmark.exportDecodedDtrAst jsonPath outputPath	enforcement-evidence
json_emission	Relico/Benchmark/ArtifactExporter.lean	57	"| [""translated-lf-ast"", jsonPath, outputPath] =>"	enforcement-evidence
json_emission	Relico/Benchmark/ArtifactExporter.lean	58	Relico.Benchmark.exportTranslatedLfAst jsonPath outputPath	enforcement-evidence
json_emission	Relico/Benchmark/ArtifactExporter.lean	59	"| [""lf-source"", jsonPath, outputPath] =>"	enforcement-evidence
json_emission	Relico/Benchmark/ArtifactExporter.lean	60	Relico.Benchmark.exportLfSource jsonPath outputPath	enforcement-evidence
json_emission	Relico/Benchmark/ArtifactExporter.lean	62	"IO.eprintln ""usage: ArtifactExporter <decoded-dtr-ast|translated-lf-ast|lf-source> <input.json> <output>"""	enforcement-evidence
json_emission	Relico/Correctness/GlobalMultiStorePayloadOneStepCorrespondence.lean	77	The current frame API exports no target-to-source reflection theorem.	enforcement-evidence
json_emission	Relico/Frontend/BridgeCheck.lean	10	(jsonPath lfPath : String) :	enforcement-evidence
json_emission	Relico/Frontend/BridgeCheck.lean	13	let jsonText ←	enforcement-evidence
json_emission	Relico/Frontend/BridgeCheck.lean	14	IO.FS.readFile jsonPath	enforcement-evidence
json_emission	Relico/Frontend/BridgeCheck.lean	16	match decodeModelText jsonText with	enforcement-evidence
json_emission	Relico/Frontend/BridgeCheck.lean	54	| [jsonPath, lfPath] =>	enforcement-evidence
json_emission	Relico/Frontend/BridgeCheck.lean	56	jsonPath	enforcement-evidence
json_emission	Relico/Frontend/BridgeCheck.lean	61	"""usage: BridgeCheck <input.json> <output.lf>"""	enforcement-evidence
json_emission	Relico/Frontend/Decoder.lean	16	| invalidJson (message : String)	enforcement-evidence
json_emission	Relico/Frontend/Decoder.lean	30	| .invalidJson message =>	enforcement-evidence
json_emission	Relico/Frontend/Decoder.lean	31	"""invalid JSON: "" ++ message"	enforcement-evidence
json_emission	Relico/Frontend/Decoder.lean	274	Parse JSON text and decode it into the current Lean DTR AST.	enforcement-evidence
json_emission	Relico/Frontend/Decoder.lean	280	let json ←	enforcement-evidence
json_emission	Relico/Frontend/Decoder.lean	281	match Lean.Json.parse text with	enforcement-evidence
json_emission	Relico/Frontend/Decoder.lean	282	| .ok json =>	enforcement-evidence
json_emission	Relico/Frontend/Decoder.lean	283	.ok json	enforcement-evidence
json_emission	Relico/Frontend/Decoder.lean	286	(.invalidJson message)	enforcement-evidence
json_emission	Relico/Frontend/Decoder.lean	290	(Lean.fromJson? json :	enforcement-evidence
json_emission	Relico/Frontend/Decoder.lean	297	(.invalidJson message)	enforcement-evidence
json_emission	Relico/Frontend/MultiStoreBridgeCheck.lean	78	let jsonText ←	enforcement-evidence
json_emission	Relico/Frontend/MultiStoreBridgeCheck.lean	84	jsonText	enforcement-evidence
json_emission	Relico/Frontend/MultiStoreBridgeCheck.lean	108	let jsonText ←	enforcement-evidence
json_emission	Relico/Frontend/MultiStoreBridgeCheck.lean	114	jsonText	enforcement-evidence
json_emission	Relico/Frontend/MultiStoreBridgeCheck.lean	146	"s!""Decoded multi-server JSON and wrote summary: {summaryPath}"""	enforcement-evidence
json_emission	Relico/Frontend/MultiStoreBridgeCheck.lean	149	"s!""Decoded multi-server JSON and wrote LF/C++ source: {lfPath}"""	enforcement-evidence
json_emission	Relico/Frontend/MultiStoreBridgeCheck.lean	174	"""usage: MultiStoreBridgeCheck <input.json> <summary.txt> [output.lf]"""	enforcement-evidence
json_emission	Relico/Frontend/MultiStoreDecoder.lean	327	Parse schema-version-3 JSON text and decode it into the current	enforcement-evidence
json_emission	Relico/Frontend/MultiStoreDecoder.lean	334	let json ←	enforcement-evidence
json_emission	Relico/Frontend/MultiStoreDecoder.lean	335	match Lean.Json.parse text with	enforcement-evidence
json_emission	Relico/Frontend/MultiStoreDecoder.lean	337	| .ok json =>	enforcement-evidence
json_emission	Relico/Frontend/MultiStoreDecoder.lean	338	.ok json	enforcement-evidence
json_emission	Relico/Frontend/MultiStoreDecoder.lean	342	(.invalidJson message)	enforcement-evidence
json_emission	Relico/Frontend/MultiStoreDecoder.lean	346	(Lean.fromJson? json :	enforcement-evidence
json_emission	Relico/Frontend/MultiStoreDecoder.lean	355	(.invalidJson message)	enforcement-evidence
json_emission	Relico/Frontend/MultiStorePayloadBridgeCheck.lean	17	(jsonPath : String) :	enforcement-evidence
json_emission	Relico/Frontend/MultiStorePayloadBridgeCheck.lean	21	IO.FS.readFile jsonPath	enforcement-evidence
json_emission	Relico/Frontend/MultiStorePayloadCppBackend.lean	10	Decode one versioned multi-store-payload JSON artifact, translate it,	enforcement-evidence
json_emission	Relico/Frontend/MultiStorePayloadCppBackend.lean	14	(jsonPath : String)	enforcement-evidence
json_emission	Relico/Frontend/MultiStorePayloadCppBackend.lean	20	jsonPath	enforcement-evidence
json_emission	Relico/Frontend/MultiStorePayloadDecoder.lean	456	Parse JSON text and decode it into `DTR.MultiStorePayloadModel`.	enforcement-evidence
json_emission	Relico/Frontend/MultiStorePayloadDecoder.lean	463	let json ←	enforcement-evidence
json_emission	Relico/Frontend/MultiStorePayloadDecoder.lean	464	match Lean.Json.parse text with	enforcement-evidence
json_emission	Relico/Frontend/MultiStorePayloadDecoder.lean	471	"(""invalid JSON: "" ++"	enforcement-evidence
json_emission	Relico/Frontend/MultiStorePayloadDecoder.lean	476	(Lean.fromJson? json :	enforcement-evidence
json_emission	Relico/Frontend/MultiStorePayloadSchema.lean	1	import Lean.Data.Json	enforcement-evidence
json_emission	Relico/Frontend/MultiStorePayloadSchema.lean	44	deriving Repr, DecidableEq, FromJson, ToJson	enforcement-evidence
json_emission	Relico/Frontend/MultiStorePayloadSchema.lean	78	deriving Repr, DecidableEq, FromJson, ToJson	enforcement-evidence
json_emission	Relico/Frontend/MultiStorePayloadSchema.lean	87	deriving Repr, DecidableEq, FromJson, ToJson	enforcement-evidence
json_emission	Relico/Frontend/MultiStorePayloadSchema.lean	107	deriving Repr, DecidableEq, FromJson, ToJson	enforcement-evidence
json_emission	Relico/Frontend/MultiStorePayloadSchema.lean	137	deriving Repr, DecidableEq, FromJson, ToJson	enforcement-evidence
json_emission	Relico/Frontend/MultiStoreSchema.lean	33	deriving Repr, DecidableEq, FromJson, ToJson	enforcement-evidence
json_emission	Relico/Frontend/MultiStoreSchema.lean	63	deriving Repr, DecidableEq, FromJson, ToJson	enforcement-evidence
json_emission	Relico/Frontend/Schema.lean	1	import Lean.Data.Json	enforcement-evidence
json_emission	Relico/Frontend/Schema.lean	29	deriving Repr, DecidableEq, FromJson, ToJson	enforcement-evidence
json_emission	Relico/Frontend/Schema.lean	45	deriving Repr, DecidableEq, FromJson, ToJson	enforcement-evidence
json_emission	Relico/Frontend/Schema.lean	63	deriving Repr, DecidableEq, FromJson, ToJson	enforcement-evidence
json_emission	Relico/Frontend/StoreBridgeCheck.lean	10	(jsonPath lfPath : String) :	enforcement-evidence
json_emission	Relico/Frontend/StoreBridgeCheck.lean	13	let jsonText ←	enforcement-evidence
json_emission	Relico/Frontend/StoreBridgeCheck.lean	14	IO.FS.readFile jsonPath	enforcement-evidence
json_emission	Relico/Frontend/StoreBridgeCheck.lean	16	match decodeStoreModelText jsonText with	enforcement-evidence
json_emission	Relico/Frontend/StoreBridgeCheck.lean	39	"s!""Decoded finite-store JSON and wrote LF/C++ source: {lfPath}"""	enforcement-evidence
json_emission	Relico/Frontend/StoreBridgeCheck.lean	51	| [jsonPath, lfPath] =>	enforcement-evidence
json_emission	Relico/Frontend/StoreBridgeCheck.lean	53	jsonPath	enforcement-evidence
json_emission	Relico/Frontend/StoreBridgeCheck.lean	58	"""usage: StoreBridgeCheck <input.json> <output.lf>"""	enforcement-evidence
json_emission	Relico/Frontend/StoreDecoder.lean	255	let json ←	enforcement-evidence
json_emission	Relico/Frontend/StoreDecoder.lean	256	match Lean.Json.parse text with	enforcement-evidence
json_emission	Relico/Frontend/StoreDecoder.lean	257	| .ok json =>	enforcement-evidence
json_emission	Relico/Frontend/StoreDecoder.lean	258	.ok json	enforcement-evidence
json_emission	Relico/Frontend/StoreDecoder.lean	261	(.invalidJson message)	enforcement-evidence
json_emission	Relico/Frontend/StoreDecoder.lean	265	(Lean.fromJson? json :	enforcement-evidence
json_emission	Relico/Frontend/StoreDecoder.lean	272	(.invalidJson message)	enforcement-evidence
json_emission	Relico/Frontend/StoreSchema.lean	16	deriving Repr, DecidableEq, FromJson, ToJson	enforcement-evidence
json_emission	Relico/Frontend/StoreSchema.lean	27	deriving Repr, DecidableEq, FromJson, ToJson	enforcement-evidence
json_emission	Relico/Tests/FrontendDecoder.lean	70	def validBridgeJson : String :=	enforcement-evidence
json_emission	Relico/Tests/FrontendDecoder.lean	110	def validJsonDecodeTest : Bool :=	enforcement-evidence
json_emission	Relico/Tests/FrontendDecoder.lean	113	validBridgeJson	enforcement-evidence
json_emission	Relico/Tests/FrontendDecoder.lean	120	#guard validJsonDecodeTest	enforcement-evidence
json_emission	Relico/Tests/MultiStorePayloadFrontend.lean	163	"""/payload-single.parser.json"")"	enforcement-evidence
json_emission	Relico/Tests/MultiStorePayloadFrontend.lean	168	"""/invalid-missing-formal.json"")"	enforcement-evidence
json_emission	Relico/Tests/MultiStorePayloadFrontend.lean	173	"""/invalid-arity-mismatch.json"")"	enforcement-evidence
json_emission	Relico/Tests/MultiStorePayloadFrontend.lean	178	"""/invalid-unknown-parameter.json"")"	enforcement-evidence
json_emission	Relico/Tests/MultiStorePayloadFrontend.lean	183	"""/invalid-unsupported-expression.json"")"	enforcement-evidence
json_emission	Relico/Tests/MultiStorePayloadFrontend.lean	188	"""/invalid-negative-delay.json"")"	enforcement-evidence
json_emission	frontend/check-multistore-payload-backend.sh	18	"POSITIVE_EXPECTED=""$REPOSITORY_ROOT/frontend/fixtures/multi-store-payload/payload-single.parser.json"""	enforcement-evidence
json_emission	frontend/check-multistore-payload-backend.sh	21	"SCOPE_EXPECTED=""$REPOSITORY_ROOT/frontend/fixtures/multi-store-payload/payload-scope.parser.json"""	enforcement-evidence
json_emission	frontend/check-multistore-payload-backend.sh	28	"POSITIVE_JSON=""$POSITIVE_DIRECTORY/payload-single.parser.json"""	enforcement-evidence
json_emission	frontend/check-multistore-payload-backend.sh	29	"SCOPE_JSON=""$SCOPE_DIRECTORY/payload-scope.parser.json"""	enforcement-evidence
json_emission	frontend/check-multistore-payload-backend.sh	48	"""$POSITIVE_JSON"""	enforcement-evidence
json_emission	frontend/check-multistore-payload-backend.sh	53	"""$SCOPE_JSON"""	enforcement-evidence
json_emission	frontend/check-multistore-payload-backend.sh	57	"""$POSITIVE_JSON"" \"	enforcement-evidence
json_emission	frontend/check-multistore-payload-backend.sh	59	"""$SCOPE_JSON"" <<'JSON_CONTRACT_PY'"	enforcement-evidence
json_emission	frontend/check-multistore-payload-backend.sh	62	import json	enforcement-evidence
json_emission	frontend/check-multistore-payload-backend.sh	67	positive_expected = json.loads(	enforcement-evidence
json_emission	frontend/check-multistore-payload-backend.sh	73	positive_actual = json.loads(	enforcement-evidence
json_emission	frontend/check-multistore-payload-backend.sh	79	scope_expected = json.loads(	enforcement-evidence
json_emission	frontend/check-multistore-payload-backend.sh	85	scope_actual = json.loads(	enforcement-evidence
json_emission	frontend/check-multistore-payload-backend.sh	94	"""Parser-generated single-payload JSON differs from the checked fixture."""	enforcement-evidence
json_emission	frontend/check-multistore-payload-backend.sh	100	"""Parser-generated scope JSON differs from the checked fixture."""	enforcement-evidence
json_emission	frontend/check-multistore-payload-backend.sh	105	"""MULTI_STORE_PAYLOAD_BACKEND_JSON_CONTRACT_OK"""	enforcement-evidence
json_emission	frontend/check-multistore-payload-backend.sh	107	JSON_CONTRACT_PY	enforcement-evidence
json_emission	frontend/check-multistore-payload-backend.sh	126	"""$POSITIVE_JSON"" \"	enforcement-evidence
json_emission	frontend/check-multistore-payload-backend.sh	132	"""$SCOPE_JSON"" \"	enforcement-evidence
json_emission	frontend/check-multistore-payload-backend.sh	323	"echo ""Generated positive JSON: $POSITIVE_JSON"""	enforcement-evidence
json_emission	frontend/check-multistore-payload-backend.sh	326	"echo ""Generated scope JSON: $SCOPE_JSON"""	enforcement-evidence
json_emission	frontend/check-multistore-payload-frontend.sh	29	"GENERATED_JSON=""$TEMP_DIRECTORY/payload-single.parser.json"""	enforcement-evidence
json_emission	frontend/check-multistore-payload-frontend.sh	37	"""$GENERATED_JSON"""	enforcement-evidence
json_emission	frontend/check-multistore-payload-frontend.sh	40	"""$GENERATED_JSON"" \"	enforcement-evidence
json_emission	frontend/check-multistore-payload-frontend.sh	41	"""$FIXTURE_DIRECTORY/payload-single.parser.json"" <<'PY'"	enforcement-evidence
json_emission	frontend/check-multistore-payload-frontend.sh	42	import json	enforcement-evidence
json_emission	frontend/check-multistore-payload-frontend.sh	46	generated = json.loads(	enforcement-evidence
json_emission	frontend/check-multistore-payload-frontend.sh	52	expected = json.loads(	enforcement-evidence
json_emission	frontend/check-multistore-payload-frontend.sh	71	"""$GENERATED_JSON"""	enforcement-evidence
json_emission	frontend/java-bridge/RebecaMultiStoreJsonExporter.java	40	* versioned ReLico multiple-message-server finite-store JSON bridge.	enforcement-evidence
json_emission	frontend/java-bridge/RebecaMultiStoreJsonExporter.java	45	public final class RebecaMultiStoreJsonExporter {	enforcement-evidence
json_emission	frontend/java-bridge/RebecaMultiStoreJsonExporter.java	52	private RebecaMultiStoreJsonExporter() {	enforcement-evidence
json_emission	frontend/java-bridge/RebecaMultiStoreJsonExporter.java	58	"""usage: RebecaMultiStoreJsonExporter "" +"	enforcement-evidence
json_emission	frontend/java-bridge/RebecaMultiStoreJsonExporter.java	59	"""<input.rebeca> <output.json>"""	enforcement-evidence
json_emission	frontend/java-bridge/RebecaMultiStoreJsonExporter.java	112	String json =	enforcement-evidence
json_emission	frontend/java-bridge/RebecaMultiStoreJsonExporter.java	113	new Exporter(model).render();	enforcement-evidence
json_emission	frontend/java-bridge/RebecaMultiStoreJsonExporter.java	121	Files.writeString(	enforcement-evidence
json_emission	frontend/java-bridge/RebecaMultiStoreJsonExporter.java	123	json,	enforcement-evidence
json_emission	frontend/java-bridge/RebecaMultiStoreJsonExporter.java	128	"""Wrote multi-server parser bridge JSON: "" +"	enforcement-evidence
json_emission	frontend/java-bridge/RebecaMultiStoreJsonExporter.java	134	private static final class Exporter {	enforcement-evidence
json_emission	frontend/java-bridge/RebecaMultiStoreJsonExporter.java	138	private Exporter(RebecaModel model) {	enforcement-evidence
json_emission	frontend/java-bridge/RebecaMultiStoreJsonExporter.java	381	jsonString(className) +	enforcement-evidence
json_emission	frontend/java-bridge/RebecaMultiStoreJsonExporter.java	384	jsonString(actorName) +	enforcement-evidence
json_emission	frontend/java-bridge/RebecaMultiStoreJsonExporter.java	387	jsonString(actorClass) +	enforcement-evidence
json_emission	frontend/java-bridge/RebecaMultiStoreJsonExporter.java	461	jsonString(stateVariable) +	enforcement-evidence
json_emission	frontend/java-bridge/RebecaMultiStoreJsonExporter.java	529	jsonString(messageServerName) +	enforcement-evidence
json_emission	frontend/java-bridge/RebecaMultiStoreJsonExporter.java	740	jsonString(target.getName()) +	enforcement-evidence
json_emission	frontend/java-bridge/RebecaMultiStoreJsonExporter.java	845	jsonString(messageServerName) +	enforcement-evidence
json_emission	frontend/java-bridge/RebecaMultiStoreJsonExporter.java	908	jsonString(term.getName()) +	enforcement-evidence
json_emission	frontend/java-bridge/RebecaMultiStoreJsonExporter.java	1053	private static String jsonString(String value) {	enforcement-evidence
json_emission	frontend/java-bridge/RebecaMultiStorePayloadJsonExporter.java	40	* versioned ReLico multiple-message-server finite-store JSON bridge.	enforcement-evidence
json_emission	frontend/java-bridge/RebecaMultiStorePayloadJsonExporter.java	45	public final class RebecaMultiStorePayloadJsonExporter {	enforcement-evidence
json_emission	frontend/java-bridge/RebecaMultiStorePayloadJsonExporter.java	54	private RebecaMultiStorePayloadJsonExporter() {	enforcement-evidence
json_emission	frontend/java-bridge/RebecaMultiStorePayloadJsonExporter.java	60	"""usage: RebecaMultiStorePayloadJsonExporter "" +"	enforcement-evidence
json_emission	frontend/java-bridge/RebecaMultiStorePayloadJsonExporter.java	61	"""<input.rebeca> <output.json>"""	enforcement-evidence
json_emission	frontend/java-bridge/RebecaMultiStorePayloadJsonExporter.java	114	String json =	enforcement-evidence
json_emission	frontend/java-bridge/RebecaMultiStorePayloadJsonExporter.java	115	new Exporter(model).render();	enforcement-evidence
json_emission	frontend/java-bridge/RebecaMultiStorePayloadJsonExporter.java	123	Files.writeString(	enforcement-evidence
json_emission	frontend/java-bridge/RebecaMultiStorePayloadJsonExporter.java	125	json,	enforcement-evidence
json_emission	frontend/java-bridge/RebecaMultiStorePayloadJsonExporter.java	130	"""Wrote multi-server parser bridge JSON: "" +"	enforcement-evidence
json_emission	frontend/java-bridge/RebecaMultiStorePayloadJsonExporter.java	136	private static final class Exporter {	enforcement-evidence
json_emission	frontend/java-bridge/RebecaMultiStorePayloadJsonExporter.java	140	private Exporter(RebecaModel model) {	enforcement-evidence
json_emission	frontend/java-bridge/RebecaMultiStorePayloadJsonExporter.java	380	jsonString(className) +	enforcement-evidence
json_emission	frontend/java-bridge/RebecaMultiStorePayloadJsonExporter.java	383	jsonString(actorName) +	enforcement-evidence
json_emission	frontend/java-bridge/RebecaMultiStorePayloadJsonExporter.java	386	jsonString(actorClass) +	enforcement-evidence
json_emission	frontend/java-bridge/RebecaMultiStorePayloadJsonExporter.java	460	jsonString(stateVariable) +	enforcement-evidence
json_emission	frontend/java-bridge/RebecaMultiStorePayloadJsonExporter.java	548	jsonString(messageServerName) +	enforcement-evidence
json_emission	frontend/java-bridge/RebecaMultiStorePayloadJsonExporter.java	773	jsonString(target.getName()) +	enforcement-evidence
json_emission	frontend/java-bridge/RebecaMultiStorePayloadJsonExporter.java	883	jsonString(messageServerName) +	enforcement-evidence
json_emission	frontend/java-bridge/RebecaMultiStorePayloadJsonExporter.java	970	jsonString(term.getName()) +	enforcement-evidence
json_emission	frontend/java-bridge/RebecaMultiStorePayloadJsonExporter.java	1025	jsonString(	enforcement-evidence
json_emission	frontend/java-bridge/RebecaMultiStorePayloadJsonExporter.java	1171	private static String jsonString(String value) {	enforcement-evidence
json_emission	frontend/java-bridge/RebecaStoreJsonExporter.java	40	* versioned ReLico finite-store JSON bridge.	enforcement-evidence
json_emission	frontend/java-bridge/RebecaStoreJsonExporter.java	44	public final class RebecaStoreJsonExporter {	enforcement-evidence
json_emission	frontend/java-bridge/RebecaStoreJsonExporter.java	48	private RebecaStoreJsonExporter() {	enforcement-evidence
json_emission	frontend/java-bridge/RebecaStoreJsonExporter.java	54	"""usage: RebecaStoreJsonExporter <input.rebeca> <output.json>"""	enforcement-evidence
json_emission	frontend/java-bridge/RebecaStoreJsonExporter.java	107	String json =	enforcement-evidence
json_emission	frontend/java-bridge/RebecaStoreJsonExporter.java	108	new Exporter(model).render();	enforcement-evidence
json_emission	frontend/java-bridge/RebecaStoreJsonExporter.java	116	Files.writeString(	enforcement-evidence
json_emission	frontend/java-bridge/RebecaStoreJsonExporter.java	118	json,	enforcement-evidence
json_emission	frontend/java-bridge/RebecaStoreJsonExporter.java	123	"""Wrote parser bridge JSON: "" + outputPath"	enforcement-evidence
json_emission	frontend/java-bridge/RebecaStoreJsonExporter.java	128	private static final class Exporter {	enforcement-evidence
json_emission	frontend/java-bridge/RebecaStoreJsonExporter.java	132	private Exporter(RebecaModel model) {	enforcement-evidence
json_emission	frontend/java-bridge/RebecaStoreJsonExporter.java	366	jsonString(className) +	enforcement-evidence
json_emission	frontend/java-bridge/RebecaStoreJsonExporter.java	369	jsonString(actorName) +	enforcement-evidence
json_emission	frontend/java-bridge/RebecaStoreJsonExporter.java	372	jsonString(actorClass) +	enforcement-evidence
json_emission	frontend/java-bridge/RebecaStoreJsonExporter.java	381	jsonString(messageServerName) +	enforcement-evidence
json_emission	frontend/java-bridge/RebecaStoreJsonExporter.java	449	jsonString(stateVariable) +	enforcement-evidence
json_emission	frontend/java-bridge/RebecaStoreJsonExporter.java	583	jsonString(target.getName()) +	enforcement-evidence
json_emission	frontend/java-bridge/RebecaStoreJsonExporter.java	678	jsonString(messageServer) +	enforcement-evidence
json_emission	frontend/java-bridge/RebecaStoreJsonExporter.java	741	jsonString(term.getName()) +	enforcement-evidence
json_emission	frontend/java-bridge/RebecaStoreJsonExporter.java	871	private static String jsonString(String value) {	enforcement-evidence
json_emission	frontend/java-bridge/RebecaV0JsonExporter.java	40	* versioned ReLico v0 JSON bridge.	enforcement-evidence
json_emission	frontend/java-bridge/RebecaV0JsonExporter.java	44	public final class RebecaV0JsonExporter {	enforcement-evidence
json_emission	frontend/java-bridge/RebecaV0JsonExporter.java	48	private RebecaV0JsonExporter() {	enforcement-evidence
json_emission	frontend/java-bridge/RebecaV0JsonExporter.java	54	"""usage: RebecaV0JsonExporter <input.rebeca> <output.json>"""	enforcement-evidence
json_emission	frontend/java-bridge/RebecaV0JsonExporter.java	107	String json =	enforcement-evidence
json_emission	frontend/java-bridge/RebecaV0JsonExporter.java	108	new Exporter(model).render();	enforcement-evidence
json_emission	frontend/java-bridge/RebecaV0JsonExporter.java	116	Files.writeString(	enforcement-evidence
json_emission	frontend/java-bridge/RebecaV0JsonExporter.java	118	json,	enforcement-evidence
json_emission	frontend/java-bridge/RebecaV0JsonExporter.java	123	"""Wrote parser bridge JSON: "" + outputPath"	enforcement-evidence
json_emission	frontend/java-bridge/RebecaV0JsonExporter.java	128	private static final class Exporter {	enforcement-evidence
json_emission	frontend/java-bridge/RebecaV0JsonExporter.java	132	private Exporter(RebecaModel model) {	enforcement-evidence
json_emission	frontend/java-bridge/RebecaV0JsonExporter.java	339	jsonString(className) +	enforcement-evidence
json_emission	frontend/java-bridge/RebecaV0JsonExporter.java	342	jsonString(actorName) +	enforcement-evidence
json_emission	frontend/java-bridge/RebecaV0JsonExporter.java	345	jsonString(actorClass) +	enforcement-evidence
json_emission	frontend/java-bridge/RebecaV0JsonExporter.java	348	jsonString(stateVariableName) +	enforcement-evidence
json_emission	frontend/java-bridge/RebecaV0JsonExporter.java	351	jsonString(messageServerName) +	enforcement-evidence
json_emission	frontend/java-bridge/RebecaV0JsonExporter.java	515	jsonString(stateVariable) +	enforcement-evidence
json_emission	frontend/java-bridge/RebecaV0JsonExporter.java	610	jsonString(messageServer) +	enforcement-evidence
json_emission	frontend/java-bridge/RebecaV0JsonExporter.java	673	jsonString(stateVariable) +	enforcement-evidence
json_emission	frontend/java-bridge/RebecaV0JsonExporter.java	803	private static String jsonString(String value) {	enforcement-evidence
json_emission	frontend/java-bridge/check-multistore.sh	18	"GENERATED_JSON=""$GENERATED_DIRECTORY/multistore-priority.parser.json"""	enforcement-evidence
json_emission	frontend/java-bridge/check-multistore.sh	24	"EXPECTED_JSON=""$REPOSITORY_ROOT/frontend/fixtures/multistore-priority.json"""	enforcement-evidence
json_emission	frontend/java-bridge/check-multistore.sh	33	"""$GENERATED_JSON"""	enforcement-evidence
json_emission	frontend/java-bridge/check-multistore.sh	36	"""$EXPECTED_JSON"" \"	enforcement-evidence
json_emission	frontend/java-bridge/check-multistore.sh	37	"""$GENERATED_JSON"" <<'PY'"	enforcement-evidence
json_emission	frontend/java-bridge/check-multistore.sh	38	import json	enforcement-evidence
json_emission	frontend/java-bridge/check-multistore.sh	42	expected = json.loads(	enforcement-evidence
json_emission	frontend/java-bridge/check-multistore.sh	46	actual = json.loads(	enforcement-evidence
json_emission	frontend/java-bridge/check-multistore.sh	52	"""Parser-generated multi-server JSON differs from the checked fixture."""	enforcement-evidence
json_emission	frontend/java-bridge/check-multistore.sh	57	json.dumps(	enforcement-evidence
json_emission	frontend/java-bridge/check-multistore.sh	66	json.dumps(	enforcement-evidence
json_emission	frontend/java-bridge/check-multistore.sh	75	"""Parser-generated multi-server JSON matches the checked fixture."""	enforcement-evidence
json_emission	frontend/java-bridge/check-multistore.sh	90	"""$GENERATED_JSON"" \"	enforcement-evidence
json_emission	frontend/java-bridge/check-multistore.sh	234	"echo ""Generated JSON: $GENERATED_JSON"""	enforcement-evidence
json_emission	frontend/java-bridge/check-store.sh	18	"GENERATED_JSON=""$GENERATED_DIRECTORY/store-two-variable.parser.json"""	enforcement-evidence
json_emission	frontend/java-bridge/check-store.sh	23	"EXPECTED_JSON=""$REPOSITORY_ROOT/frontend/fixtures/store-two-variable.json"""	enforcement-evidence
json_emission	frontend/java-bridge/check-store.sh	35	"""$GENERATED_JSON"""	enforcement-evidence
json_emission	frontend/java-bridge/check-store.sh	38	"""$EXPECTED_JSON"" \"	enforcement-evidence
json_emission	frontend/java-bridge/check-store.sh	39	"""$GENERATED_JSON"" <<'PY'"	enforcement-evidence
json_emission	frontend/java-bridge/check-store.sh	40	import json	enforcement-evidence
json_emission	frontend/java-bridge/check-store.sh	44	expected = json.loads(	enforcement-evidence
json_emission	frontend/java-bridge/check-store.sh	48	actual = json.loads(	enforcement-evidence
json_emission	frontend/java-bridge/check-store.sh	54	"""Parser-generated finite-store JSON differs from the checked fixture."""	enforcement-evidence
json_emission	frontend/java-bridge/check-store.sh	59	json.dumps(	enforcement-evidence
json_emission	frontend/java-bridge/check-store.sh	68	json.dumps(	enforcement-evidence
json_emission	frontend/java-bridge/check-store.sh	77	"""Parser-generated JSON matches the two-variable fixture."""	enforcement-evidence
json_emission	frontend/java-bridge/check-store.sh	88	"""$GENERATED_JSON"" \"	enforcement-evidence
json_emission	frontend/java-bridge/check-store.sh	136	"echo ""Generated JSON: $GENERATED_JSON"""	enforcement-evidence
json_emission	frontend/java-bridge/check-v0-runtime.sh	15	"GENERATED_JSON=""$GENERATED_DIRECTORY/v0-once.parser.json"""	enforcement-evidence
json_emission	frontend/java-bridge/check-v0-runtime.sh	18	"EXPECTED_JSON=""$REPOSITORY_ROOT/frontend/fixtures/v0-once.json"""	enforcement-evidence
json_emission	frontend/java-bridge/check-v0-runtime.sh	24	"""$REPOSITORY_ROOT/frontend/java-bridge/run-from-zip.sh"" ""$ARTIFACT_ZIP"" ""$INPUT_REBECA"" ""$GENERATED_JSON"""	enforcement-evidence
json_emission	frontend/java-bridge/check-v0-runtime.sh	26	"python3 -c 'import json,sys; from pathlib import Path; expected=json.loads(Path(sys.argv[1]).read_text()); actual=json.loads(Path(sys.argv[2]).read_text()); assert actual == expected, ""Parser-generated JSON differs from the checked finite-runtime fixture.""; print(""Parser-generated JSON matches the finite-runtime fixture."")' ""$EXPECTED_JSON"" ""$GENERATED_JSON"""	enforcement-evidence
json_emission	frontend/java-bridge/check-v0-runtime.sh	30	"lake env lean --run Relico/Frontend/BridgeCheck.lean ""$GENERATED_JSON"" ""$GENERATED_LF"""	enforcement-evidence
json_emission	frontend/java-bridge/check-v0-runtime.sh	56	"echo ""Generated JSON: $GENERATED_JSON"""	enforcement-evidence
json_emission	frontend/java-bridge/check-v0.sh	16	"GENERATED_JSON=""$GENERATED_DIRECTORY/v0-controller.parser.json"""	enforcement-evidence
json_emission	frontend/java-bridge/check-v0.sh	25	"""$GENERATED_JSON"""	enforcement-evidence
json_emission	frontend/java-bridge/check-v0.sh	28	"""$REPOSITORY_ROOT/frontend/fixtures/v0-controller.json"" \"	enforcement-evidence
json_emission	frontend/java-bridge/check-v0.sh	29	"""$GENERATED_JSON"" <<'PY'"	enforcement-evidence
json_emission	frontend/java-bridge/check-v0.sh	30	import json	enforcement-evidence
json_emission	frontend/java-bridge/check-v0.sh	37	expected = json.loads(expected_path.read_text())	enforcement-evidence
json_emission	frontend/java-bridge/check-v0.sh	38	actual = json.loads(actual_path.read_text())	enforcement-evidence
json_emission	frontend/java-bridge/check-v0.sh	41	"print(""Parser-generated JSON differs from the checked fixture."")"	enforcement-evidence
json_emission	frontend/java-bridge/check-v0.sh	44	print(json.dumps(expected, indent=2, sort_keys=True))	enforcement-evidence
json_emission	frontend/java-bridge/check-v0.sh	47	print(json.dumps(actual, indent=2, sort_keys=True))	enforcement-evidence
json_emission	frontend/java-bridge/check-v0.sh	50	"print(""Parser-generated JSON matches the checked v0 fixture."")"	enforcement-evidence
json_emission	frontend/java-bridge/check-v0.sh	58	"""$GENERATED_JSON"" \"	enforcement-evidence
json_emission	frontend/java-bridge/check-v0.sh	85	"echo ""Generated JSON: $GENERATED_JSON"""	enforcement-evidence
json_emission	frontend/java-bridge/run-from-zip.sh	5	"echo ""usage: run-from-zip.sh <artifact.zip> <input.rebeca> <output.json>"" >&2"	enforcement-evidence
json_emission	frontend/java-bridge/run-from-zip.sh	17	"EXPORTER_SOURCE=""$REPOSITORY_ROOT/frontend/java-bridge/RebecaV0JsonExporter.java"""	enforcement-evidence
json_emission	frontend/java-bridge/run-from-zip.sh	21	"test -f ""$EXPORTER_SOURCE"""	enforcement-evidence
json_emission	frontend/java-bridge/run-from-zip.sh	72	"EXPORTER_DIRECTORY=""$PROJECT_DIRECTORY/src/main/java/org/rebecalang/compiler/frontendbridge"""	enforcement-evidence
json_emission	frontend/java-bridge/run-from-zip.sh	74	"mkdir -p ""$EXPORTER_DIRECTORY"""	enforcement-evidence
json_emission	frontend/java-bridge/run-from-zip.sh	77	"""$EXPORTER_SOURCE"" \"	enforcement-evidence
json_emission	frontend/java-bridge/run-from-zip.sh	78	"""$EXPORTER_DIRECTORY/RebecaV0JsonExporter.java"""	enforcement-evidence
json_emission	frontend/java-bridge/run-from-zip.sh	81	"OUTPUT_COPY=""$WORK_DIRECTORY/output.json"""	enforcement-evidence
json_emission	frontend/java-bridge/run-from-zip.sh	96	-Dexec.mainClass=org.rebecalang.compiler.frontendbridge.RebecaV0JsonExporter \	enforcement-evidence
json_emission	frontend/java-bridge/run-multistore-from-zip.sh	5	"echo ""usage: run-multistore-from-zip.sh <artifact.zip> <input.rebeca> <output.json>"" >&2"	enforcement-evidence
json_emission	frontend/java-bridge/run-multistore-from-zip.sh	17	"EXPORTER_SOURCE=""$REPOSITORY_ROOT/frontend/java-bridge/RebecaMultiStoreJsonExporter.java"""	enforcement-evidence
json_emission	frontend/java-bridge/run-multistore-from-zip.sh	21	"test -f ""$EXPORTER_SOURCE"""	enforcement-evidence
json_emission	frontend/java-bridge/run-multistore-from-zip.sh	100	"EXPORTER_DIRECTORY=""$PROJECT_DIRECTORY/src/main/java/org/rebecalang/compiler/frontendbridge"""	enforcement-evidence
json_emission	frontend/java-bridge/run-multistore-from-zip.sh	102	"mkdir -p ""$EXPORTER_DIRECTORY"""	enforcement-evidence
json_emission	frontend/java-bridge/run-multistore-from-zip.sh	105	"""$EXPORTER_SOURCE"" \"	enforcement-evidence
json_emission	frontend/java-bridge/run-multistore-from-zip.sh	106	"""$EXPORTER_DIRECTORY/RebecaMultiStoreJsonExporter.java"""	enforcement-evidence
json_emission	frontend/java-bridge/run-multistore-from-zip.sh	109	"OUTPUT_COPY=""$WORK_DIRECTORY/output.json"""	enforcement-evidence
json_emission	frontend/java-bridge/run-multistore-from-zip.sh	124	-Dexec.mainClass=org.rebecalang.compiler.frontendbridge.RebecaMultiStoreJsonExporter \	enforcement-evidence
json_emission	frontend/java-bridge/run-multistore-payload-from-zip.sh	5	"echo ""usage: run-multistore-from-zip.sh <artifact.zip> <input.rebeca> <output.json>"" >&2"	enforcement-evidence
json_emission	frontend/java-bridge/run-multistore-payload-from-zip.sh	17	"EXPORTER_SOURCE=""$(cd ""$(dirname ""$0"")"" && pwd)/RebecaMultiStorePayloadJsonExporter.java"""	enforcement-evidence
json_emission	frontend/java-bridge/run-multistore-payload-from-zip.sh	21	"test -f ""$EXPORTER_SOURCE"""	enforcement-evidence
json_emission	frontend/java-bridge/run-multistore-payload-from-zip.sh	100	"EXPORTER_DIRECTORY=""$PROJECT_DIRECTORY/src/main/java/org/rebecalang/compiler/frontendbridge"""	enforcement-evidence
json_emission	frontend/java-bridge/run-multistore-payload-from-zip.sh	102	"mkdir -p ""$EXPORTER_DIRECTORY"""	enforcement-evidence
json_emission	frontend/java-bridge/run-multistore-payload-from-zip.sh	105	"""$EXPORTER_SOURCE"" \"	enforcement-evidence
json_emission	frontend/java-bridge/run-multistore-payload-from-zip.sh	106	"""$EXPORTER_DIRECTORY/RebecaMultiStorePayloadJsonExporter.java"""	enforcement-evidence
json_emission	frontend/java-bridge/run-multistore-payload-from-zip.sh	109	"OUTPUT_COPY=""$WORK_DIRECTORY/output.json"""	enforcement-evidence
json_emission	frontend/java-bridge/run-multistore-payload-from-zip.sh	124	-Dexec.mainClass=org.rebecalang.compiler.frontendbridge.RebecaMultiStorePayloadJsonExporter \	enforcement-evidence
json_emission	frontend/java-bridge/run-store-from-zip.sh	5	"echo ""usage: run-store-from-zip.sh <artifact.zip> <input.rebeca> <output.json>"" >&2"	enforcement-evidence
json_emission	frontend/java-bridge/run-store-from-zip.sh	17	"EXPORTER_SOURCE=""$REPOSITORY_ROOT/frontend/java-bridge/RebecaStoreJsonExporter.java"""	enforcement-evidence
json_emission	frontend/java-bridge/run-store-from-zip.sh	21	"test -f ""$EXPORTER_SOURCE"""	enforcement-evidence
json_emission	frontend/java-bridge/run-store-from-zip.sh	99	"EXPORTER_DIRECTORY=""$PROJECT_DIRECTORY/src/main/java/org/rebecalang/compiler/frontendbridge"""	enforcement-evidence
json_emission	frontend/java-bridge/run-store-from-zip.sh	101	"mkdir -p ""$EXPORTER_DIRECTORY"""	enforcement-evidence
json_emission	frontend/java-bridge/run-store-from-zip.sh	104	"""$EXPORTER_SOURCE"" \"	enforcement-evidence
json_emission	frontend/java-bridge/run-store-from-zip.sh	105	"""$EXPORTER_DIRECTORY/RebecaStoreJsonExporter.java"""	enforcement-evidence
json_emission	frontend/java-bridge/run-store-from-zip.sh	108	"OUTPUT_COPY=""$WORK_DIRECTORY/output.json"""	enforcement-evidence
json_emission	frontend/java-bridge/run-store-from-zip.sh	123	-Dexec.mainClass=org.rebecalang.compiler.frontendbridge.RebecaStoreJsonExporter \	enforcement-evidence
json_emission	frontend/lean-bridge/MultiStorePayloadBridgeMain.lean	8	| [jsonPath] =>	enforcement-evidence
json_emission	frontend/lean-bridge/MultiStorePayloadBridgeMain.lean	10	jsonPath	enforcement-evidence
json_emission	frontend/lean-bridge/MultiStorePayloadBridgeMain.lean	14	"""usage: MultiStorePayloadBridgeMain <payload.json>"""	enforcement-evidence
json_emission	frontend/lean-bridge/MultiStorePayloadCppBackendMain.lean	9	| [jsonPath, lfPath] =>	enforcement-evidence
json_emission	frontend/lean-bridge/MultiStorePayloadCppBackendMain.lean	11	jsonPath	enforcement-evidence
json_emission	frontend/lean-bridge/MultiStorePayloadCppBackendMain.lean	16	"""usage: MultiStorePayloadCppBackendMain <payload.json> <output.lf>"""	enforcement-evidence
json_emission	frontend/schema/multi-store-payload-v1.schema.json	3	"""$schema"": ""https://json-schema.org/draft/2020-12/schema"","	enforcement-evidence
json_emission	tests/benchmarks/README.md	28	- manifest.json	enforcement-evidence
json_emission	tests/benchmarks/README.md	29	- coverage.json	enforcement-evidence
json_emission	tests/benchmarks/README.md	41	- parser JSON generation	enforcement-evidence
json_emission	tests/benchmarks/README.md	92	A benchmark with status `planned` must not contain `manifest.json`. A	enforcement-evidence
json_emission	tests/benchmarks/README.md	93	benchmark with status `implemented` must contain `manifest.json`. Registry	enforcement-evidence
json_emission	tests/benchmarks/core--initialization--positive/README.md	12	3. trusted Java parser JSON generation;	enforcement-evidence
json_emission	tests/benchmarks/core--initialization--positive/README.md	13	4. Lean DTR decoding and deterministic AST export;	enforcement-evidence
json_emission	tests/benchmarks/core--initialization--positive/README.md	15	6. verified Lean translation and deterministic LF AST export;	enforcement-evidence
json_emission	tests/benchmarks/core--initialization--positive/manifest.json	6	"""path"": ""source/result.json"","	enforcement-evidence
json_emission	tests/benchmarks/core--initialization--positive/manifest.json	11	"""path"": ""rmc/verdict.json"","	enforcement-evidence
json_emission	tests/benchmarks/core--initialization--positive/manifest.json	16	"""path"": ""parser-json/model.json"","	enforcement-evidence
json_emission	tests/benchmarks/core--initialization--positive/manifest.json	26	"""path"": ""formal-witness/result.json"","	enforcement-evidence
json_emission	tests/benchmarks/core--initialization--positive/manifest.json	41	"""path"": ""lfc/result.json"","	enforcement-evidence
json_emission	tests/benchmarks/core--initialization--positive/manifest.json	46	"""path"": ""runtime/result.json"","	enforcement-evidence
json_emission	tests/benchmarks/core--initialization--positive/manifest.json	68	"""{actual}/source/result.json"""	enforcement-evidence
json_emission	tests/benchmarks/core--initialization--positive/manifest.json	88	"""{actual}/rmc/verdict.json"""	enforcement-evidence
json_emission	tests/benchmarks/core--initialization--positive/manifest.json	97	"""parser-json"","	enforcement-evidence
json_emission	tests/benchmarks/core--initialization--positive/manifest.json	109	"""{actual}/parser-json/model.json"""	enforcement-evidence
json_emission	tests/benchmarks/core--initialization--positive/manifest.json	111	"""name"": ""parser-json"","	enforcement-evidence
json_emission	tests/benchmarks/core--initialization--positive/manifest.json	118	"""lean-export"","	enforcement-evidence
json_emission	tests/benchmarks/core--initialization--positive/manifest.json	126	"""{actual}/parser-json/model.json"","	enforcement-evidence
json_emission	tests/benchmarks/core--initialization--positive/manifest.json	143	"""{benchmark}/coverage.json"","	enforcement-evidence
json_emission	tests/benchmarks/core--initialization--positive/manifest.json	145	"""{actual}/formal-witness/result.json"""	enforcement-evidence
json_emission	tests/benchmarks/core--initialization--positive/manifest.json	154	"""lean-export"","	enforcement-evidence
json_emission	tests/benchmarks/core--initialization--positive/manifest.json	162	"""{actual}/parser-json/model.json"","	enforcement-evidence
json_emission	tests/benchmarks/core--initialization--positive/manifest.json	173	"""lean-export"","	enforcement-evidence
json_emission	tests/benchmarks/core--initialization--positive/manifest.json	181	"""{actual}/parser-json/model.json"","	enforcement-evidence
json_emission	tests/benchmarks/core--initialization--positive/manifest.json	200	"""{actual}/lfc/result.json"""	enforcement-evidence
json_emission	tests/benchmarks/core--initialization--positive/manifest.json	213	"""{actual}/runtime/result.json"""	enforcement-evidence
json_emission	tests/benchmarks/registry/benchmarks.tsv	2	bound-payload--dispatch--negative bound-payload dispatch negative 1 22 expected-boundary-or-rejection source,rmc,parser-json,decoded-dtr-ast,expected-boundary-stage,diagnostics yes tests/benchmarks/bound-payload--dispatch--negative/source/model.rebeca planned	enforcement-evidence
json_emission	tests/benchmarks/registry/benchmarks.tsv	3	bound-payload--dispatch--positive bound-payload dispatch positive 8 99 source-plus-runtime-observation source,rmc,parser-json,decoded-dtr-ast,formal-witness,translated-lf-ast,lf-source,lfc,runtime yes tests/benchmarks/bound-payload--dispatch--positive/source/model.rebeca planned	enforcement-evidence
json_emission	tests/benchmarks/registry/benchmarks.tsv	4	bound-payload--finite-execution--positive bound-payload finite-execution positive 3 44 source-plus-runtime-observation source,rmc,parser-json,decoded-dtr-ast,formal-witness,translated-lf-ast,lf-source,lfc,runtime yes tests/benchmarks/bound-payload--finite-execution--positive/source/model.rebeca planned	enforcement-evidence
json_emission	tests/benchmarks/registry/benchmarks.tsv	5	bound-payload--initialization--positive bound-payload initialization positive 2 53 source-plus-runtime-observation source,rmc,parser-json,decoded-dtr-ast,formal-witness,translated-lf-ast,lf-source,lfc,runtime yes tests/benchmarks/bound-payload--initialization--positive/source/model.rebeca planned	enforcement-evidence
json_emission	tests/benchmarks/registry/benchmarks.tsv	6	bound-payload--payload-binding--positive bound-payload payload-binding positive 4 44 source-plus-formal-witness,source-plus-runtime-observation source,rmc,parser-json,decoded-dtr-ast,formal-witness,translated-lf-ast,lf-source,lfc,runtime yes tests/benchmarks/bound-payload--payload-binding--positive/source/model.rebeca planned	enforcement-evidence
json_emission	tests/benchmarks/registry/benchmarks.tsv	7	bound-payload--priority-selection--positive bound-payload priority-selection positive 1 20 source-plus-formal-witness source,rmc,parser-json,decoded-dtr-ast,formal-witness,translated-lf-ast,lf-source,lfc yes tests/benchmarks/bound-payload--priority-selection--positive/source/model.rebeca planned	enforcement-evidence
json_emission	tests/benchmarks/registry/benchmarks.tsv	8	core--dispatch--positive core dispatch positive 11 62 source-plus-runtime-observation source,rmc,parser-json,decoded-dtr-ast,formal-witness,translated-lf-ast,lf-source,lfc,runtime yes tests/benchmarks/core--dispatch--positive/source/model.rebeca planned	enforcement-evidence
json_emission	tests/benchmarks/registry/benchmarks.tsv	9	core--initialization--positive core initialization positive 5 36 direct-source-translation,source-plus-formal-witness,source-plus-runtime-observation source,rmc,parser-json,decoded-dtr-ast,formal-witness,translated-lf-ast,lf-source,lfc,runtime yes tests/benchmarks/core--initialization--positive/source/model.rebeca implemented	enforcement-evidence
json_emission	tests/benchmarks/registry/benchmarks.tsv	10	core--one-step-execution--positive core one-step-execution positive 1 4 source-plus-runtime-observation source,rmc,parser-json,decoded-dtr-ast,formal-witness,translated-lf-ast,lf-source,lfc,runtime yes tests/benchmarks/core--one-step-execution--positive/source/model.rebeca planned	enforcement-evidence
json_emission	tests/benchmarks/registry/benchmarks.tsv	11	core--priority-selection--positive core priority-selection positive 3 54 source-plus-formal-witness source,rmc,parser-json,decoded-dtr-ast,formal-witness,translated-lf-ast,lf-source,lfc yes tests/benchmarks/core--priority-selection--positive/source/model.rebeca planned	enforcement-evidence
json_emission	tests/benchmarks/registry/benchmarks.tsv	12	core--queue-correspondence--positive core queue-correspondence positive 3 23 source-plus-formal-witness source,rmc,parser-json,decoded-dtr-ast,formal-witness,translated-lf-ast,lf-source,lfc yes tests/benchmarks/core--queue-correspondence--positive/source/model.rebeca planned	enforcement-evidence
json_emission	tests/benchmarks/registry/benchmarks.tsv	13	core--runtime-semantics--positive core runtime-semantics positive 3 21 source-plus-runtime-observation source,rmc,parser-json,decoded-dtr-ast,formal-witness,translated-lf-ast,lf-source,lfc,runtime yes tests/benchmarks/core--runtime-semantics--positive/source/model.rebeca planned	enforcement-evidence
json_emission	tests/benchmarks/registry/benchmarks.tsv	14	core--trace-execution--positive core trace-execution positive 1 4 source-plus-runtime-observation source,rmc,parser-json,decoded-dtr-ast,formal-witness,translated-lf-ast,lf-source,lfc,runtime yes tests/benchmarks/core--trace-execution--positive/source/model.rebeca planned	enforcement-evidence
json_emission	tests/benchmarks/registry/benchmarks.tsv	15	core--weak-semantics--positive core weak-semantics positive 3 47 source-plus-runtime-observation source,rmc,parser-json,decoded-dtr-ast,formal-witness,translated-lf-ast,lf-source,lfc,runtime yes tests/benchmarks/core--weak-semantics--positive/source/model.rebeca planned	enforcement-evidence
json_emission	tests/benchmarks/registry/benchmarks.tsv	16	core--well-formedness--negative core well-formedness negative 2 34 expected-boundary-or-rejection source,rmc,parser-json,decoded-dtr-ast,expected-boundary-stage,diagnostics yes tests/benchmarks/core--well-formedness--negative/source/model.rebeca planned	enforcement-evidence
json_emission	tests/benchmarks/registry/benchmarks.tsv	17	core--well-formedness--positive core well-formedness positive 3 7 source-plus-formal-witness source,rmc,parser-json,decoded-dtr-ast,formal-witness,translated-lf-ast,lf-source,lfc yes tests/benchmarks/core--well-formedness--positive/source/model.rebeca planned	enforcement-evidence
json_emission	tests/benchmarks/registry/benchmarks.tsv	18	finite-store--dispatch--positive finite-store dispatch positive 3 38 source-plus-runtime-observation source,rmc,parser-json,decoded-dtr-ast,formal-witness,translated-lf-ast,lf-source,lfc,runtime yes tests/benchmarks/finite-store--dispatch--positive/source/model.rebeca planned	enforcement-evidence
json_emission	tests/benchmarks/registry/benchmarks.tsv	19	finite-store--frontend-decoding--negative finite-store frontend-decoding negative 1 11 expected-boundary-or-rejection source,rmc,parser-json,decoded-dtr-ast,expected-boundary-stage,diagnostics yes tests/benchmarks/finite-store--frontend-decoding--negative/source/model.rebeca planned	enforcement-evidence
json_emission	tests/benchmarks/registry/benchmarks.tsv	20	finite-store--initialization--positive finite-store initialization positive 3 18 direct-source-translation,source-plus-runtime-observation source,rmc,parser-json,decoded-dtr-ast,formal-witness,translated-lf-ast,lf-source,lfc,runtime yes tests/benchmarks/finite-store--initialization--positive/source/model.rebeca planned	enforcement-evidence
json_emission	tests/benchmarks/registry/benchmarks.tsv	21	finite-store--priority-selection--positive finite-store priority-selection positive 1 9 source-plus-runtime-observation source,rmc,parser-json,decoded-dtr-ast,formal-witness,translated-lf-ast,lf-source,lfc,runtime yes tests/benchmarks/finite-store--priority-selection--positive/source/model.rebeca planned	enforcement-evidence
json_emission	tests/benchmarks/registry/benchmarks.tsv	22	finite-store--queue-correspondence--positive finite-store queue-correspondence positive 1 4 source-plus-runtime-observation source,rmc,parser-json,decoded-dtr-ast,formal-witness,translated-lf-ast,lf-source,lfc,runtime yes tests/benchmarks/finite-store--queue-correspondence--positive/source/model.rebeca planned	enforcement-evidence
json_emission	tests/benchmarks/registry/benchmarks.tsv	23	finite-store--runtime-semantics--positive finite-store runtime-semantics positive 6 45 shared-formal-metadata,source-plus-runtime-observation source,rmc,parser-json,decoded-dtr-ast,formal-witness,translated-lf-ast,lf-source,lfc,runtime,coverage-manifest,trust-report yes tests/benchmarks/finite-store--runtime-semantics--positive/source/model.rebeca planned	enforcement-evidence
json_emission	tests/benchmarks/registry/benchmarks.tsv	24	finite-store--trace-execution--positive finite-store trace-execution positive 1 4 source-plus-runtime-observation source,rmc,parser-json,decoded-dtr-ast,formal-witness,translated-lf-ast,lf-source,lfc,runtime yes tests/benchmarks/finite-store--trace-execution--positive/source/model.rebeca planned	enforcement-evidence
json_emission	tests/benchmarks/registry/benchmarks.tsv	25	finite-store--well-formedness--positive finite-store well-formedness positive 2 28 direct-source-translation,source-plus-formal-witness source,rmc,parser-json,decoded-dtr-ast,formal-witness,translated-lf-ast,lf-source,lfc yes tests/benchmarks/finite-store--well-formedness--positive/source/model.rebeca planned	enforcement-evidence
json_emission	tests/benchmarks/registry/benchmarks.tsv	26	global-multi-actor-payload--external-send--negative global-multi-actor-payload external-send negative 1 56 expected-boundary-or-rejection source,rmc,parser-json,decoded-dtr-ast,expected-boundary-stage,diagnostics yes tests/benchmarks/global-multi-actor-payload--external-send--negative/source/model.rebeca planned	enforcement-evidence
json_emission	tests/benchmarks/registry/benchmarks.tsv	27	global-multi-actor-payload--external-send--positive global-multi-actor-payload external-send positive 2 35 source-plus-formal-witness,source-plus-runtime-observation source,rmc,parser-json,decoded-dtr-ast,formal-witness,translated-lf-ast,lf-source,lfc,runtime yes tests/benchmarks/global-multi-actor-payload--external-send--positive/source/model.rebeca planned	enforcement-evidence
json_emission	tests/benchmarks/registry/benchmarks.tsv	28	global-multi-actor-payload--external-send-frame--negative global-multi-actor-payload external-send-frame negative 1 27 expected-boundary-or-rejection source,rmc,parser-json,decoded-dtr-ast,expected-boundary-stage,diagnostics yes tests/benchmarks/global-multi-actor-payload--external-send-frame--negative/source/model.rebeca planned	enforcement-evidence
json_emission	tests/benchmarks/registry/benchmarks.tsv	29	global-multi-actor-payload--external-send-frame--positive global-multi-actor-payload external-send-frame positive 2 10 source-plus-runtime-observation source,rmc,parser-json,decoded-dtr-ast,formal-witness,translated-lf-ast,lf-source,lfc,runtime yes tests/benchmarks/global-multi-actor-payload--external-send-frame--positive/source/model.rebeca planned	enforcement-evidence
json_emission	tests/benchmarks/registry/benchmarks.tsv	30	global-multi-actor-payload--external-send-statement--negative global-multi-actor-payload external-send-statement negative 1 24 expected-boundary-or-rejection source,rmc,parser-json,decoded-dtr-ast,expected-boundary-stage,diagnostics yes tests/benchmarks/global-multi-actor-payload--external-send-statement--negative/source/model.rebeca planned	enforcement-evidence
json_emission	tests/benchmarks/registry/benchmarks.tsv	31	global-multi-actor-payload--finite-execution--positive global-multi-actor-payload finite-execution positive 1 4 source-plus-runtime-observation source,rmc,parser-json,decoded-dtr-ast,formal-witness,translated-lf-ast,lf-source,lfc,runtime yes tests/benchmarks/global-multi-actor-payload--finite-execution--positive/source/model.rebeca planned	enforcement-evidence
json_emission	tests/benchmarks/registry/benchmarks.tsv	32	global-multi-actor-payload--initialization--negative global-multi-actor-payload initialization negative 1 52 expected-boundary-or-rejection source,rmc,parser-json,decoded-dtr-ast,expected-boundary-stage,diagnostics yes tests/benchmarks/global-multi-actor-payload--initialization--negative/source/model.rebeca planned	enforcement-evidence
json_emission	tests/benchmarks/registry/benchmarks.tsv	33	global-multi-actor-payload--payload-binding--negative global-multi-actor-payload payload-binding negative 1 43 expected-boundary-or-rejection source,rmc,parser-json,decoded-dtr-ast,expected-boundary-stage,diagnostics yes tests/benchmarks/global-multi-actor-payload--payload-binding--negative/source/model.rebeca planned	enforcement-evidence
json_emission	tests/benchmarks/registry/benchmarks.tsv	34	global-multi-actor-payload--priority-selection--negative global-multi-actor-payload priority-selection negative 1 10 expected-boundary-or-rejection source,rmc,parser-json,decoded-dtr-ast,expected-boundary-stage,diagnostics yes tests/benchmarks/global-multi-actor-payload--priority-selection--negative/source/model.rebeca planned	enforcement-evidence
json_emission	tests/benchmarks/registry/benchmarks.tsv	35	multi-store--dispatch--negative multi-store dispatch negative 2 42 expected-boundary-or-rejection source,rmc,parser-json,decoded-dtr-ast,expected-boundary-stage,diagnostics yes tests/benchmarks/multi-store--dispatch--negative/source/model.rebeca planned	enforcement-evidence
json_emission	tests/benchmarks/registry/benchmarks.tsv	36	multi-store--dispatch--positive multi-store dispatch positive 15 110 direct-source-translation,source-plus-runtime-observation source,rmc,parser-json,decoded-dtr-ast,formal-witness,translated-lf-ast,lf-source,lfc,runtime yes tests/benchmarks/multi-store--dispatch--positive/source/model.rebeca planned	enforcement-evidence
json_emission	tests/benchmarks/registry/benchmarks.tsv	37	multi-store--finite-execution--positive multi-store finite-execution positive 4 29 source-plus-runtime-observation source,rmc,parser-json,decoded-dtr-ast,formal-witness,translated-lf-ast,lf-source,lfc,runtime yes tests/benchmarks/multi-store--finite-execution--positive/source/model.rebeca planned	enforcement-evidence
json_emission	tests/benchmarks/registry/benchmarks.tsv	38	multi-store--initialization--positive multi-store initialization positive 2 12 direct-source-translation,source-plus-runtime-observation source,rmc,parser-json,decoded-dtr-ast,formal-witness,translated-lf-ast,lf-source,lfc,runtime yes tests/benchmarks/multi-store--initialization--positive/source/model.rebeca planned	enforcement-evidence
json_emission	tests/benchmarks/registry/benchmarks.tsv	39	multi-store--priority-selection--negative multi-store priority-selection negative 2 37 expected-boundary-or-rejection source,rmc,parser-json,decoded-dtr-ast,expected-boundary-stage,diagnostics yes tests/benchmarks/multi-store--priority-selection--negative/source/model.rebeca planned	enforcement-evidence
json_emission	tests/benchmarks/registry/benchmarks.tsv	40	multi-store--priority-selection--positive multi-store priority-selection positive 5 35 direct-source-translation,source-plus-runtime-observation source,rmc,parser-json,decoded-dtr-ast,formal-witness,translated-lf-ast,lf-source,lfc,runtime yes tests/benchmarks/multi-store--priority-selection--positive/source/model.rebeca planned	enforcement-evidence
json_emission	tests/benchmarks/registry/benchmarks.tsv	41	multi-store--queue-correspondence--positive multi-store queue-correspondence positive 2 26 direct-source-translation,source-plus-formal-witness source,rmc,parser-json,decoded-dtr-ast,formal-witness,translated-lf-ast,lf-source,lfc yes tests/benchmarks/multi-store--queue-correspondence--positive/source/model.rebeca planned	enforcement-evidence
json_emission	tests/benchmarks/registry/benchmarks.tsv	42	multi-store--runtime-semantics--positive multi-store runtime-semantics positive 1 2 source-plus-runtime-observation source,rmc,parser-json,decoded-dtr-ast,formal-witness,translated-lf-ast,lf-source,lfc,runtime yes tests/benchmarks/multi-store--runtime-semantics--positive/source/model.rebeca planned	enforcement-evidence
json_emission	tests/benchmarks/registry/benchmarks.tsv	43	multi-store--weak-semantics--positive multi-store weak-semantics positive 5 37 source-plus-formal-witness,source-plus-runtime-observation source,rmc,parser-json,decoded-dtr-ast,formal-witness,translated-lf-ast,lf-source,lfc,runtime yes tests/benchmarks/multi-store--weak-semantics--positive/source/model.rebeca planned	enforcement-evidence
json_emission	tests/benchmarks/registry/benchmarks.tsv	44	multi-store--well-formedness--positive multi-store well-formedness positive 2 25 direct-source-translation,source-plus-formal-witness source,rmc,parser-json,decoded-dtr-ast,formal-witness,translated-lf-ast,lf-source,lfc yes tests/benchmarks/multi-store--well-formedness--positive/source/model.rebeca planned	enforcement-evidence
json_emission	tests/benchmarks/registry/benchmarks.tsv	45	multi-store-payload--dispatch--negative multi-store-payload dispatch negative 1 52 expected-boundary-or-rejection source,rmc,parser-json,decoded-dtr-ast,expected-boundary-stage,diagnostics yes tests/benchmarks/multi-store-payload--dispatch--negative/source/model.rebeca planned	enforcement-evidence
json_emission	tests/benchmarks/registry/benchmarks.tsv	46	multi-store-payload--dispatch--positive multi-store-payload dispatch positive 8 72 source-plus-runtime-observation source,rmc,parser-json,decoded-dtr-ast,formal-witness,translated-lf-ast,lf-source,lfc,runtime yes tests/benchmarks/multi-store-payload--dispatch--positive/source/model.rebeca planned	enforcement-evidence
json_emission	tests/benchmarks/registry/benchmarks.tsv	47	multi-store-payload--finite-execution--positive multi-store-payload finite-execution positive 2 49 source-plus-runtime-observation source,rmc,parser-json,decoded-dtr-ast,formal-witness,translated-lf-ast,lf-source,lfc,runtime yes tests/benchmarks/multi-store-payload--finite-execution--positive/source/model.rebeca planned	enforcement-evidence
json_emission	tests/benchmarks/registry/benchmarks.tsv	48	multi-store-payload--initialization--positive multi-store-payload initialization positive 5 90 direct-source-translation,source-plus-formal-witness,source-plus-runtime-observation source,rmc,parser-json,decoded-dtr-ast,formal-witness,translated-lf-ast,lf-source,lfc,runtime yes tests/benchmarks/multi-store-payload--initialization--positive/source/model.rebeca planned	enforcement-evidence
json_emission	tests/benchmarks/registry/benchmarks.tsv	49	multi-store-payload--payload-binding--negative multi-store-payload payload-binding negative 3 66 expected-boundary-or-rejection source,rmc,parser-json,decoded-dtr-ast,expected-boundary-stage,diagnostics yes tests/benchmarks/multi-store-payload--payload-binding--negative/source/model.rebeca planned	enforcement-evidence
json_emission	tests/benchmarks/registry/benchmarks.tsv	50	multi-store-payload--payload-binding--positive multi-store-payload payload-binding positive 5 62 source-plus-runtime-observation source,rmc,parser-json,decoded-dtr-ast,formal-witness,translated-lf-ast,lf-source,lfc,runtime yes tests/benchmarks/multi-store-payload--payload-binding--positive/source/model.rebeca planned	enforcement-evidence
json_emission	tests/benchmarks/registry/benchmarks.tsv	51	multi-store-payload--priority-selection--negative multi-store-payload priority-selection negative 1 17 expected-boundary-or-rejection source,rmc,parser-json,decoded-dtr-ast,expected-boundary-stage,diagnostics yes tests/benchmarks/multi-store-payload--priority-selection--negative/source/model.rebeca planned	enforcement-evidence
json_emission	tests/benchmarks/registry/benchmarks.tsv	52	multi-store-payload--priority-selection--positive multi-store-payload priority-selection positive 3 23 source-capability,source-plus-formal-witness,source-plus-runtime-observation source,rmc,parser-json,decoded-dtr-ast,formal-witness,translated-lf-ast,lf-source,lfc,runtime yes tests/benchmarks/multi-store-payload--priority-selection--positive/source/model.rebeca planned	enforcement-evidence
json_emission	tests/benchmarks/registry/benchmarks.tsv	53	payload--dispatch--positive payload dispatch positive 3 46 source-plus-runtime-observation source,rmc,parser-json,decoded-dtr-ast,formal-witness,translated-lf-ast,lf-source,lfc,runtime yes tests/benchmarks/payload--dispatch--positive/source/model.rebeca planned	enforcement-evidence
json_emission	tests/benchmarks/registry/benchmarks.tsv	54	payload--finite-execution--positive payload finite-execution positive 1 9 source-plus-runtime-observation source,rmc,parser-json,decoded-dtr-ast,formal-witness,translated-lf-ast,lf-source,lfc,runtime yes tests/benchmarks/payload--finite-execution--positive/source/model.rebeca planned	enforcement-evidence
json_emission	tests/benchmarks/registry/benchmarks.tsv	55	payload--initialization--positive payload initialization positive 1 12 direct-source-translation source,rmc,parser-json,decoded-dtr-ast,translated-lf-ast,lf-source,lfc yes tests/benchmarks/payload--initialization--positive/source/model.rebeca planned	enforcement-evidence
json_emission	tests/benchmarks/registry/benchmarks.tsv	56	payload--payload-binding--negative payload payload-binding negative 1 16 expected-boundary-or-rejection source,rmc,parser-json,decoded-dtr-ast,expected-boundary-stage,diagnostics yes tests/benchmarks/payload--payload-binding--negative/source/model.rebeca planned	enforcement-evidence
json_emission	tests/benchmarks/registry/benchmarks.tsv	57	payload--payload-binding--positive payload payload-binding positive 3 39 direct-source-translation,source-plus-runtime-observation source,rmc,parser-json,decoded-dtr-ast,formal-witness,translated-lf-ast,lf-source,lfc,runtime yes tests/benchmarks/payload--payload-binding--positive/source/model.rebeca planned	enforcement-evidence
json_emission	tests/benchmarks/registry/benchmarks.tsv	58	payload--priority-selection--positive payload priority-selection positive 2 28 source-plus-formal-witness source,rmc,parser-json,decoded-dtr-ast,formal-witness,translated-lf-ast,lf-source,lfc yes tests/benchmarks/payload--priority-selection--positive/source/model.rebeca planned	enforcement-evidence
json_emission	tests/benchmarks/registry/legacy-script-migration.tsv	2	frontend/java-bridge/check-v0.sh core--initialization--positive parser JSON equality; LF startup and logical-action structure; lfc compilation planned replacement benchmark implemented and passing; README references replaced; zero tracked callers	enforcement-evidence
json_emission	tests/benchmarks/registry/legacy-script-migration.tsv	6	frontend/check-multistore-payload-frontend.sh multi-store-payload--payload-binding--positive payload parser JSON contract and Lean decoder acceptance planned replacement benchmark implemented and passing; README references replaced; zero tracked callers	enforcement-evidence
json_emission	tests/benchmarks/registry/obligations.tsv	698	FrontendDecoder:0006 Relico/Tests/FrontendDecoder.lean 69 def validBridgeJson test_fixture_or_helper test-frontend-decoder core--well-formedness--negative source-capability accepted	enforcement-evidence
json_emission	tests/benchmarks/registry/obligations.tsv	699	FrontendDecoder:0007 Relico/Tests/FrontendDecoder.lean 109 def validJsonDecodeTest test_fixture_or_helper test-frontend-decoder core--well-formedness--negative source-capability accepted	enforcement-evidence
json_emission	tests/benchmarks/registry/obligations.tsv	700	FrontendDecoder:0008 Relico/Tests/FrontendDecoder.lean 119 #guard #guard validJsonDecodeTest executable_or_computation_check test-frontend-decoder core--well-formedness--negative source-capability accepted	enforcement-evidence
json_emission	tests/benchmarks/schema/benchmark-manifest.schema.json	2	"""$schema"": ""https://json-schema.org/draft/2020-12/schema"","	enforcement-evidence
json_emission	tests/benchmarks/schema/stage-result.schema.json	2	"""$schema"": ""https://json-schema.org/draft/2020-12/schema"","	enforcement-evidence
lf_generation	Relico/Benchmark/ArtifactExporter.lean	3	import Relico.LF.CppPrinter	candidate
lf_generation	Relico/Benchmark/ArtifactExporter.lean	36	def exportTranslatedLfAst (jsonPath outputPath : String) : IO UInt32 := do	candidate
lf_generation	Relico/Benchmark/ArtifactExporter.lean	57	"| [""translated-lf-ast"", jsonPath, outputPath] =>"	candidate
lf_generation	Relico/Benchmark/ArtifactExporter.lean	58	Relico.Benchmark.exportTranslatedLfAst jsonPath outputPath	candidate
lf_generation	Relico/Benchmark/ArtifactExporter.lean	62	"IO.eprintln ""usage: ArtifactExporter <decoded-dtr-ast|translated-lf-ast|lf-source> <input.json> <output>"""	candidate
lf_generation	Relico/Common/Time.lean	6	Logical time used by the initial DTR and generated-LF semantics.	candidate
lf_generation	Relico/Correctness/Backward.lean	16	the generated LF program from a corresponding state can be matched by	candidate
lf_generation	Relico/Correctness/BoundPayloadDispatch.lean	4	import Relico.LF.BoundPayloadDispatch	candidate
lf_generation	Relico/Correctness/BoundPayloadDispatch.lean	50	The generated LF transition selects the occurrence corresponding to the	candidate
lf_generation	Relico/Correctness/BoundPayloadDispatch.lean	276	Every generated parameter-aware LF dispatch beginning in corresponding	candidate
lf_generation	Relico/Correctness/BoundPayloadState.lean	3	import Relico.LF.BoundPayloadState	candidate
lf_generation	Relico/Correctness/BoundPayloadState.lean	12	Correspondence between parameter-aware source and generated-LF payload	candidate
lf_generation	Relico/Correctness/BoundPayloadStep.lean	3	import Relico.LF.BoundPayloadSemantics	candidate
lf_generation	Relico/Correctness/BoundPayloadStep.lean	39	generated-LF step.	candidate
lf_generation	Relico/Correctness/ConcreteDetailedStateCorrespondence.lean	12	Concrete correspondence between a source message server and the generated LF	candidate
lf_generation	Relico/Correctness/ConcreteDetailedStateCorrespondence.lean	312	generated-LF statement transition.	candidate
lf_generation	Relico/Correctness/Correspondence.lean	2	import Relico.LF.Semantics	candidate
lf_generation	Relico/Correctness/Correspondence.lean	34	the generated LF action queue.	candidate
lf_generation	Relico/Correctness/Correspondence.lean	136	scheduling the generated LF action at the same logical time.	candidate
lf_generation	Relico/Correctness/DetailedBackwardWeakSimulation.lean	11	The proposition packages a DTR weak transition matching one generated-LF	candidate
lf_generation	Relico/Correctness/DetailedBackwardWeakSimulation.lean	45	Backward weak simulation for one generated-LF statement transition.	candidate
lf_generation	Relico/Correctness/DetailedBackwardWeakSimulation.lean	360	The generated-LF dispatch is reconstructed as a source dispatch. DTR then	candidate
lf_generation	Relico/Correctness/DetailedBackwardWeakSimulation.lean	959	to the generated-LF destination state.	candidate
lf_generation	Relico/Correctness/DetailedBoundPayloadBackwardWeakSimulation.lean	11	The package contains a source weak transition matching one generated-LF	candidate
lf_generation	Relico/Correctness/DetailedBoundPayloadBackwardWeakSimulation.lean	43	Backward weak simulation for one generated-LF parameter-aware statement	candidate
lf_generation	Relico/Correctness/DetailedBoundPayloadBackwardWeakSimulation.lean	113	Backward weak simulation for visible generated-LF metric-time progression.	candidate
lf_generation	Relico/Correctness/DetailedBoundPayloadBackwardWeakSimulation.lean	243	Backward matching for the internal generated-LF microstep following a future	candidate
lf_generation	Relico/Correctness/DetailedBoundPayloadBackwardWeakSimulation.lean	346	Backward matching for a same-time generated-LF microstep transition from a	candidate
lf_generation	Relico/Correctness/DetailedBoundPayloadBackwardWeakSimulation.lean	350	source stutters while generated LF advances internally to dispatch-ready.	candidate
lf_generation	Relico/Correctness/DetailedBoundPayloadBackwardWeakSimulation.lean	460	Backward matching for generated-LF consumption immediately after a future	candidate
lf_generation	Relico/Correctness/DetailedBoundPayloadBackwardWeakSimulation.lean	543	Backward matching for generated-LF consumption from a future dispatch-ready	candidate
lf_generation	Relico/Correctness/DetailedBoundPayloadBackwardWeakSimulation.lean	624	Backward matching for generated-LF consumption from a same-time	candidate
lf_generation	Relico/Correctness/DetailedBoundPayloadBackwardWeakSimulation.lean	724	Backward weak simulation for direct generated-LF payload-reaction firing at	candidate
lf_generation	Relico/Correctness/DetailedBoundPayloadBackwardWeakSimulation.lean	820	corresponding to the generated-LF destination state.	candidate
lf_generation	Relico/Correctness/DetailedBoundPayloadEndToEndCorrectness.lean	35	Canonical idle generated-LF initialization satisfies the target runtime	candidate
lf_generation	Relico/Correctness/DetailedBoundPayloadEndToEndCorrectness.lean	606	The zero-delay generated-LF invocation dispatch preserves metric time.	candidate
lf_generation	Relico/Correctness/DetailedBoundPayloadEndToEndCorrectness.lean	636	The zero-delay generated-LF invocation dispatch strictly advances the	candidate
lf_generation	Relico/Correctness/DetailedBoundPayloadEndToEndCorrectness.lean	679	It simultaneously constructs the generated-LF weak execution from the	candidate
lf_generation	Relico/Correctness/DetailedBoundPayloadFiniteWeakExecution.lean	24	Finite sequences of representative generated-LF detailed bound-payload weak	candidate
lf_generation	Relico/Correctness/DetailedBoundPayloadFiniteWeakExecution.lean	126	bound-payload step from a generated-LF detailed phase.	candidate
lf_generation	Relico/Correctness/DetailedBoundPayloadFiniteWeakExecution.lean	193	The phase-specific premise required to match one exact generated-LF detailed	candidate
lf_generation	Relico/Correctness/DetailedBoundPayloadFiniteWeakExecution.lean	274	Lift one phase-compatible exact detailed source step to one generated-LF weak	candidate
lf_generation	Relico/Correctness/DetailedBoundPayloadFiniteWeakExecution.lean	514	Lift one phase-compatible exact generated-LF detailed bound-payload step to one	candidate
lf_generation	Relico/Correctness/DetailedBoundPayloadFiniteWeakExecution.lean	900	Compatibility evidence indexed by an exact finite generated-LF detailed	candidate
lf_generation	Relico/Correctness/DetailedBoundPayloadFiniteWeakExecution.lean	963	Compatibility for one exact finite generated-LF detailed bound-payload	candidate
lf_generation	Relico/Correctness/DetailedBoundPayloadFiniteWeakExecution.lean	1118	Conditional finite backward correspondence for exact detailed generated-LF	candidate
lf_generation	Relico/Correctness/DetailedBoundPayloadForwardWeakSimulation.lean	12	The package contains a generated-LF weak transition, payload-aware detailed	candidate
lf_generation	Relico/Correctness/DetailedBoundPayloadForwardWeakSimulation.lean	47	A generated-LF bound-payload dispatch preserves complete-tag order.	candidate
lf_generation	Relico/Correctness/DetailedBoundPayloadForwardWeakSimulation.lean	82	At equal metric time, a generated-LF bound-payload dispatch cannot move to an	candidate
lf_generation	Relico/Correctness/DetailedBoundPayloadForwardWeakSimulation.lean	130	The corresponding generated-LF scheduling statement is internal at the	candidate
lf_generation	Relico/Correctness/DetailedBoundPayloadForwardWeakSimulation.lean	320	Forward weak simulation for source consumption when generated LF is	candidate
lf_generation	Relico/Correctness/DetailedBoundPayloadForwardWeakSimulation.lean	588	Generated LF either consumes at the current complete tag or first advances	candidate
lf_generation	Relico/Correctness/DetailedBoundPayloadForwardWeakSimulation.lean	802	Every payload-aware forward match contains a generated-LF destination state	candidate
lf_generation	Relico/Correctness/DetailedBoundPayloadInitialization.lean	2	import Relico.LF.Initialization	candidate
lf_generation	Relico/Correctness/DetailedBoundPayloadInitialization.lean	105	Canonical idle generated-LF state for one parameter-aware payload reaction.	candidate
lf_generation	Relico/Correctness/DetailedBoundPayloadInitialization.lean	132	Canonical detailed generated-LF entry is the stable wrapper around the idle	candidate
lf_generation	Relico/Correctness/DetailedBoundPayloadInvariantCarryingFiniteWeakExecution.lean	10	A selected generated-LF weak match carrying every property required to recurse	candidate
lf_generation	Relico/Correctness/DetailedBoundPayloadInvariantCarryingFiniteWeakExecution.lean	125	Construct the canonical invariant-carrying generated-LF weak match for one	candidate
lf_generation	Relico/Correctness/DetailedBoundPayloadInvariantMatches.lean	39	Phase-aware target runtime invariant for detailed generated-LF bound-payload	candidate
lf_generation	Relico/Correctness/DetailedBoundPayloadInvariantMatches.lean	89	It is a legitimate intermediate generated-LF phase, but exposing it as a	candidate
lf_generation	Relico/Correctness/DetailedBoundPayloadInvocationEntry.lean	107	The generated-LF action occurrence corresponding to one source invocation.	candidate
lf_generation	Relico/Correctness/DetailedBoundPayloadInvocationEntry.lean	122	Canonical generated-LF invocation-ready state.	candidate
lf_generation	Relico/Correctness/DetailedBoundPayloadInvocationEntry.lean	170	Generated-LF runtime state after the singleton invocation action is dispatched.	candidate
lf_generation	Relico/Correctness/DetailedBoundPayloadInvocationEntry.lean	203	The source invocation occurrence and generated-LF action retain identical	candidate
lf_generation	Relico/Correctness/DetailedBoundPayloadInvocationEntry.lean	266	Canonical source and generated-LF invocation-ready runtime states correspond.	candidate
lf_generation	Relico/Correctness/DetailedBoundPayloadInvocationEntry.lean	334	The initial generated-LF tag never follows a tag obtained by scheduling from	candidate
lf_generation	Relico/Correctness/DetailedBoundPayloadInvocationEntry.lean	553	When the same ordered binding succeeds, the unique generated-LF invocation	candidate
lf_generation	Relico/Correctness/DetailedBoundPayloadObservableWeakExecution.lean	10	paper-level generated-LF observable.	candidate
lf_generation	Relico/Correctness/DetailedBoundPayloadObservableWeakExecution.lean	70	Internal source `tau`, target `tau`, and generated-LF microstep administration	candidate
lf_generation	Relico/Correctness/DetailedBoundPayloadObservableWeakExecution.lean	235	Source `tau`, target `tau`, and generated-LF `microstepAdvance` disappear.	candidate
lf_generation	Relico/Correctness/DetailedBoundPayloadObservableWeakExecution.lean	359	detailed generated-LF bound-payload executions.	candidate
lf_generation	Relico/Correctness/DetailedBoundPayloadPhaseWeakBisimulation.lean	10	and its generated LF payload reaction.	candidate
lf_generation	Relico/Correctness/DetailedBoundPayloadRuntimeInvariant.lean	4	import Relico.LF.BoundPayloadRuntimeInvariant	candidate
lf_generation	Relico/Correctness/DetailedBoundPayloadRuntimeInvariantPreservation.lean	166	A corresponding generated-LF payload statement step preserves the target	candidate
lf_generation	Relico/Correctness/DetailedBoundPayloadRuntimeInvariantPreservation.lean	310	One generated-LF payload dispatch preserves the target runtime invariant.	candidate
lf_generation	Relico/Correctness/DetailedBoundPayloadRuntimeInvariantPreservation.lean	408	- a corresponding generated-LF statement step exists;	candidate
lf_generation	Relico/Correctness/DetailedBoundPayloadStateCorrespondence.lean	3	import Relico.LF.DetailedBoundPayloadSemantics	candidate
lf_generation	Relico/Correctness/DetailedBoundPayloadStateCorrespondence.lean	45	generated-LF states.	candidate
lf_generation	Relico/Correctness/DetailedBoundPayloadWeakFoundation.lean	4	import Relico.LF.DetailedBoundPayloadWeakSemantics	candidate
lf_generation	Relico/Correctness/DetailedBoundPayloadWeakFoundation.lean	12	Correspondence between detailed parameter-aware source and generated-LF	candidate
lf_generation	Relico/Correctness/DetailedBoundPayloadWeakFoundation.lean	15	Generated-LF microstep administration corresponds to source stuttering and is	candidate
lf_generation	Relico/Correctness/DetailedExecutableTranslation.lean	13	returned generated-LF program has a corresponding finite weak execution from	candidate
lf_generation	Relico/Correctness/DetailedExecutableTranslation.lean	102	For every exact finite generated-LF detailed execution from startup entry,	candidate
lf_generation	Relico/Correctness/DetailedFiniteWeakExecution.lean	10	given generated-LF detailed state.	candidate
lf_generation	Relico/Correctness/DetailedFiniteWeakExecution.lean	82	The phase-specific premise needed to match one exact detailed generated-LF	candidate
lf_generation	Relico/Correctness/DetailedFiniteWeakExecution.lean	172	to one generated-LF weak match.	candidate
lf_generation	Relico/Correctness/DetailedFiniteWeakExecution.lean	438	The phase-indexed interface lifts any phase-compatible exact generated-LF	candidate
lf_generation	Relico/Correctness/DetailedFiniteWeakExecution.lean	909	Compatibility evidence indexed by an exact finite generated-LF detailed-label	candidate
lf_generation	Relico/Correctness/DetailedFiniteWeakExecution.lean	987	Compatibility for one concrete exact finite generated-LF detailed execution.	candidate
lf_generation	Relico/Correctness/DetailedFiniteWeakExecution.lean	1023	The constructed generated-LF execution is weak. Representative weak labels	candidate
lf_generation	Relico/Correctness/DetailedFiniteWeakExecution.lean	1173	Conditional finite backward correspondence for exact detailed generated-LF	candidate
lf_generation	Relico/Correctness/DetailedForwardWeakSimulation.lean	10	generated-LF label.	candidate
lf_generation	Relico/Correctness/DetailedForwardWeakSimulation.lean	82	- the generated-LF weak label;	candidate
lf_generation	Relico/Correctness/DetailedForwardWeakSimulation.lean	83	- the generated-LF destination state;	candidate
lf_generation	Relico/Correctness/DetailedForwardWeakSimulation.lean	84	- the weak generated-LF execution;	candidate
lf_generation	Relico/Correctness/DetailedForwardWeakSimulation.lean	846	Every concrete forward match contains a generated-LF destination state that	candidate
lf_generation	Relico/Correctness/DetailedInitialFiniteWeakExecution.lean	11	The source model and its executable generated-LF program begin in corresponding	candidate
lf_generation	Relico/Correctness/DetailedInitialFiniteWeakExecution.lean	58	Every executable generated-LF multi-store program begins in the canonical	candidate
lf_generation	Relico/Correctness/DetailedInvariantCarryingFiniteWeakExecution.lean	10	invariant-carrying generated-LF weak match.	candidate
lf_generation	Relico/Correctness/DetailedInvariantCarryingFiniteWeakExecution.lean	167	invariant-carrying DTR weak match for each exact generated-LF step.	candidate
lf_generation	Relico/Correctness/DetailedMultiStoreRefinement.lean	2	import Relico.LF.DetailedMultiStoreSemantics	candidate
lf_generation	Relico/Correctness/DetailedMultiStoreRefinement.lean	222	Every executable generated-LF statement step is one internal detailed	candidate
lf_generation	Relico/Correctness/DetailedMultiStoreRefinement.lean	252	A future generated-LF macro dispatch whose destination microstep is zero	candidate
lf_generation	Relico/Correctness/DetailedMultiStoreRefinement.lean	305	A future generated-LF macro dispatch with a positive destination microstep	candidate
lf_generation	Relico/Correctness/DetailedMultiStoreRefinement.lean	372	A same-metric-time generated-LF macro dispatch at a later microstep refines to	candidate
lf_generation	Relico/Correctness/DetailedMultiStoreRefinement.lean	425	A generated-LF macro dispatch at the current complete tag refines directly to	candidate
lf_generation	Relico/Correctness/DetailedMultiStoreRefinement.lean	471	A generated-LF macro dispatch preserves complete-tag order.	candidate
lf_generation	Relico/Correctness/DetailedMultiStoreRefinement.lean	508	At equal metric time, a generated-LF macro dispatch cannot move to an earlier	candidate
lf_generation	Relico/Correctness/DetailedMultiStoreRefinement.lean	557	Every generated-LF macro dispatch has a finite detailed execution.	candidate
lf_generation	Relico/Correctness/DetailedObservableWeakExecution.lean	2	import Relico.LF.DetailedWeakExecution	candidate
lf_generation	Relico/Correctness/DetailedObservableWeakExecution.lean	12	paper-level generated-LF observable.	candidate
lf_generation	Relico/Correctness/DetailedPriorityRuntimeInvariant.lean	14	Full generated-LF timing invariant for the positive-delay,	candidate
lf_generation	Relico/Correctness/DetailedPriorityRuntimeInvariant.lean	67	One generated-LF multi-store machine step preserves current-microstep zero	candidate
lf_generation	Relico/Correctness/DetailedPriorityRuntimeInvariant.lean	148	One corresponding generated-LF machine step preserves the full target	candidate
lf_generation	Relico/Correctness/DetailedRuntimeInvariants.lean	50	Canonical target invariant for detailed generated-LF executions in the	candidate
lf_generation	Relico/Correctness/DetailedStateCorrespondence.lean	59	Phase-aware correspondence between detailed DTR and generated-LF states.	candidate
lf_generation	Relico/Correctness/DetailedStateCorrespondence.lean	415	Construct correspondence after the generated-LF internal microstep phase of a	candidate
lf_generation	Relico/Correctness/DetailedWeakFoundation.lean	3	import Relico.LF.DetailedWeakSemantics	candidate
lf_generation	Relico/Correctness/DirectLFBackwardDispatchRuntime.lean	4	Ordinary backward dispatch simulation for the direct DTR-to-generated-LF	candidate
lf_generation	Relico/Correctness/DirectLFBackwardDispatchRuntime.lean	7	A concrete generated-LF dispatch reconstructs the corresponding ordinary DTR	candidate
lf_generation	Relico/Correctness/DirectLFBackwardDispatchRuntime.lean	28	import Relico.LF.MultiStoreDispatchSemantics	candidate
lf_generation	Relico/Correctness/DirectLFBackwardDispatchRuntime.lean	52	One ordinary generated-LF dispatch reconstructs the corresponding ordinary	candidate
lf_generation	Relico/Correctness/DirectLFBackwardDispatchRuntime.lean	57	1. inverts membership in the generated LF reaction list;	candidate
lf_generation	Relico/Correctness/DirectLFBagQueueCorrespondence.lean	5	pending-message bag and the generated LF pending-action collection.	candidate
lf_generation	Relico/Correctness/DirectLFBagQueueCorrespondence.lean	21	bag and the generated LF pending-action collection.	candidate
lf_generation	Relico/Correctness/DirectLFDetailedBackwardWeakSimulation.lean	11	The proposition packages a DTR weak transition matching one generated-LF	candidate
lf_generation	Relico/Correctness/DirectLFDetailedBackwardWeakSimulation.lean	45	Backward weak simulation for one generated-LF statement transition.	candidate
lf_generation	Relico/Correctness/DirectLFDetailedBackwardWeakSimulation.lean	353	The generated-LF dispatch is reconstructed as a source dispatch. DTR then	candidate
lf_generation	Relico/Correctness/DirectLFDetailedBackwardWeakSimulation.lean	863	to the generated-LF destination state.	candidate
lf_generation	Relico/Correctness/DirectLFDetailedFiniteWeakExecution.lean	2	import Relico.LF.DetailedWeakExecution	candidate
lf_generation	Relico/Correctness/DirectLFDetailedFiniteWeakExecution.lean	12	ordinary generated-LF detailed semantics.	candidate
lf_generation	Relico/Correctness/DirectLFDetailedFiniteWeakExecution.lean	76	Phase-specific premise for matching one exact generated-LF detailed step with a	candidate
lf_generation	Relico/Correctness/DirectLFDetailedFiniteWeakExecution.lean	422	The phase-indexed interface lifts any phase-compatible exact generated-LF	candidate
lf_generation	Relico/Correctness/DirectLFDetailedFiniteWeakExecution.lean	788	execution and a finite generated-LF weak execution.	candidate
lf_generation	Relico/Correctness/DirectLFDetailedFiniteWeakExecution.lean	880	weak generated-LF match.	candidate
lf_generation	Relico/Correctness/DirectLFDetailedFiniteWeakExecution.lean	979	Compatibility evidence indexed by an exact finite generated-LF detailed-label	candidate
lf_generation	Relico/Correctness/DirectLFDetailedFiniteWeakExecution.lean	1057	Compatibility for one exact finite generated-LF detailed execution.	candidate
lf_generation	Relico/Correctness/DirectLFDetailedFiniteWeakExecution.lean	1094	The generated-LF execution is weak, representative labels correspond	candidate
lf_generation	Relico/Correctness/DirectLFDetailedFiniteWeakExecution.lean	1227	Conditional finite backward correspondence for an exact generated-LF detailed	candidate
lf_generation	Relico/Correctness/DirectLFDetailedForwardWeakSimulation.lean	10	generated-LF label.	candidate
lf_generation	Relico/Correctness/DirectLFDetailedForwardWeakSimulation.lean	82	- the generated-LF weak label;	candidate
lf_generation	Relico/Correctness/DirectLFDetailedForwardWeakSimulation.lean	83	- the generated-LF destination state;	candidate
lf_generation	Relico/Correctness/DirectLFDetailedForwardWeakSimulation.lean	84	- the weak generated-LF execution;	candidate
lf_generation	Relico/Correctness/DirectLFDetailedForwardWeakSimulation.lean	877	Every DirectLF runtime forward match contains a generated-LF destination state that	candidate
lf_generation	Relico/Correctness/DirectLFDetailedObservableWeakExecution.lean	10	paper-level generated-LF observable in the DirectLF runtime model.	candidate
lf_generation	Relico/Correctness/DirectLFDetailedObservableWeakExecution.lean	63	DTR statement execution, generated-LF statement execution, and generated-LF	candidate
lf_generation	Relico/Correctness/DirectLFDetailedObservableWeakExecution.lean	355	generated-LF DirectLF executions.	candidate
lf_generation	Relico/Correctness/DirectLFDetailedRuntimeStateCorrespondence.lean	4	Ordinary phase-aware state correspondence for the direct DTR-to-generated-LF	candidate
lf_generation	Relico/Correctness/DirectLFDetailedRuntimeStateCorrespondence.lean	30	Correspondence between a DTR message server and the generated LF reaction	candidate
lf_generation	Relico/Correctness/DirectLFDispatchSelection.lean	160	Synchronize source occurrence removal with generated-LF eligibility.	candidate
lf_generation	Relico/Correctness/DirectLFForwardDispatchRuntime.lean	4	Ordinary forward dispatch simulation for the direct DTR-to-generated-LF	candidate
lf_generation	Relico/Correctness/DirectLFForwardDispatchRuntime.lean	7	A concrete DTR dispatch is matched by a concrete generated-LF dispatch of the	candidate
lf_generation	Relico/Correctness/DirectLFForwardDispatchRuntime.lean	25	import Relico.LF.MultiStoreDispatchSemantics	candidate
lf_generation	Relico/Correctness/DirectLFForwardDispatchRuntime.lean	33	ordinary generated-LF dispatch.	candidate
lf_generation	Relico/Correctness/DirectLFForwardDispatchRuntime.lean	37	1. synchronize the concrete source removal with one concrete generated-LF	candidate
lf_generation	Relico/Correctness/DirectLFPayloadBackwardDispatchRuntime.lean	4	Payload-refined backward dispatch simulation for the direct DTR-to-generated-LF	candidate
lf_generation	Relico/Correctness/DirectLFPayloadBackwardDispatchRuntime.lean	7	A concrete generated-LF dispatch reconstructs the corresponding ordinary DTR	candidate
lf_generation	Relico/Correctness/DirectLFPayloadBackwardDispatchRuntime.lean	28	import Relico.LF.MultiStoreDispatchSemantics	candidate
lf_generation	Relico/Correctness/DirectLFPayloadBackwardDispatchRuntime.lean	52	One ordinary generated-LF dispatch reconstructs the corresponding ordinary	candidate
lf_generation	Relico/Correctness/DirectLFPayloadBackwardDispatchRuntime.lean	57	1. inverts membership in the generated LF reaction list;	candidate
lf_generation	Relico/Correctness/DirectLFPayloadDetailedLabelCorrespondence.lean	21	generated-LF label.	candidate
lf_generation	Relico/Correctness/DirectLFPayloadDetailedRuntimeStateCorrespondence.lean	5	DTR-to-generated-LF translation.	candidate
lf_generation	Relico/Correctness/DirectLFPayloadForwardDispatchRuntime.lean	4	Payload-refined forward dispatch simulation for the direct DTR-to-generated-LF	candidate
lf_generation	Relico/Correctness/DirectLFPayloadForwardDispatchRuntime.lean	7	A concrete DTR dispatch is matched by a concrete generated-LF dispatch of the	candidate
lf_generation	Relico/Correctness/DirectLFPayloadForwardDispatchRuntime.lean	25	import Relico.LF.MultiStoreDispatchSemantics	candidate
lf_generation	Relico/Correctness/DirectLFPayloadForwardDispatchRuntime.lean	33	ordinary generated-LF dispatch.	candidate
lf_generation	Relico/Correctness/DirectLFPayloadForwardDispatchRuntime.lean	37	1. synchronize the concrete source removal with one concrete generated-LF	candidate
lf_generation	Relico/Correctness/DirectLFPayloadRuntimeStateCorrespondence.lean	5	DTR-to-generated-LF translation.	candidate
lf_generation	Relico/Correctness/DirectLFPayloadSelectionCompatibility.lean	168	Appending one payload-corresponding source occurrence and generated LF	candidate
lf_generation	Relico/Correctness/DirectLFRuntimeStateCorrespondence.lean	15	import Relico.LF.PendingNotPast	candidate
lf_generation	Relico/Correctness/DirectLFSelectionCompatibility.lean	17	import Relico.LF.MultiStoreReactionScheduling	candidate
lf_generation	Relico/Correctness/DirectLFSelectionCompatibility.lean	743	A source-priority-eligible occurrence has an aligned generated-LF occurrence	candidate
lf_generation	Relico/Correctness/DirectLFSelectionCompatibility.lean	1057	A reaction-priority-eligible generated-LF occurrence has an aligned source	candidate
lf_generation	Relico/Correctness/DirectLFStatementBackward.lean	4	Backward simulation for ordinary store-backed generated-LF statements and	candidate
lf_generation	Relico/Correctness/DirectLFStatementForward.lean	5	generated LF statements.	candidate
lf_generation	Relico/Correctness/DirectLFStatementForward.lean	22	import Relico.LF.MultiStoreSemantics	candidate
lf_generation	Relico/Correctness/DirectLFStatementForward.lean	91	For a self-send, the exact source occurrence and generated LF occurrence must	candidate
lf_generation	Relico/Correctness/Dispatch.lean	4	import Relico.LF.DispatchSemantics	candidate
lf_generation	Relico/Correctness/Dispatch.lean	202	Every generated-LF dispatch from a corresponding state identifies a	candidate
lf_generation	Relico/Correctness/ExecutableTranslation.lean	120	generated-LF program from startup entry has a corresponding finite DTR	candidate
lf_generation	Relico/Correctness/Expression.lean	2	import Relico.LF.Evaluation	candidate
lf_generation	Relico/Correctness/ExpressionStore.lean	2	import Relico.LF.StoreEvaluation	candidate
lf_generation	Relico/Correctness/Forward.lean	13	that corresponds to an LF state, the generated LF program can perform	candidate
lf_generation	Relico/Correctness/GlobalMultiStorePayloadActorPriorityBoundary.lean	1	import Relico.LF.GlobalMultiStorePayload	candidate
lf_generation	Relico/Correctness/GlobalMultiStorePayloadDeclaredFragment.lean	4	import Relico.LF.MultiStorePayloadDispatch	candidate
lf_generation	Relico/Correctness/GlobalMultiStorePayloadDispatchCorrespondence.lean	10	import Relico.LF.GlobalMultiStorePayloadDispatch	candidate
lf_generation	Relico/Correctness/GlobalMultiStorePayloadExternalSendCorrespondence.lean	94	The source pending message and translated LF pending action carry the same	candidate
lf_generation	Relico/Correctness/GlobalMultiStorePayloadExternalSendFrameStepCorrespondence.lean	2	import Relico.LF.GlobalMultiStorePayloadOneStep	candidate
lf_generation	Relico/Correctness/GlobalMultiStorePayloadExternalSendFrameStepCorrespondence.lean	18	theorem translated_successfulFrame_transitionWitness	candidate
lf_generation	Relico/Correctness/GlobalMultiStorePayloadFiniteExecutionCorrespondence.lean	2	import Relico.LF.GlobalMultiStorePayloadFiniteExecution	candidate
lf_generation	Relico/Correctness/GlobalMultiStorePayloadInitializationCorrespondence.lean	3	import Relico.LF.GlobalMultiStorePayloadInitialization	candidate
lf_generation	Relico/Correctness/GlobalMultiStorePayloadInitializationCorrespondence.lean	337	(_root_.Relico.LF.GlobalMultiStorePayloadInitialization.startupActorStates	candidate
lf_generation	Relico/Correctness/GlobalMultiStorePayloadInitializationCorrespondence.lean	465	(_root_.Relico.LF.GlobalMultiStorePayloadInitialization.startupStateFromEntries	candidate
lf_generation	Relico/Correctness/GlobalMultiStorePayloadOneStepCorrespondence.lean	2	import Relico.LF.GlobalMultiStorePayloadOneStep	candidate
lf_generation	Relico/Correctness/Initialization.lean	3	import Relico.LF.Initialization	candidate
lf_generation	Relico/Correctness/Initialization.lean	11	The source constructor-entry state corresponds to the generated LF	candidate
lf_generation	Relico/Correctness/Initialization.lean	31	Every finite constructor execution has a corresponding generated-LF	candidate
lf_generation	Relico/Correctness/Initialization.lean	69	Every finite generated-LF startup-reaction execution has a matching	candidate
lf_generation	Relico/Correctness/Machine.lean	5	import Relico.LF.MachineSemantics	candidate
lf_generation	Relico/Correctness/Machine.lean	164	Every generated-LF statement or dispatch transition from corresponding	candidate
lf_generation	Relico/Correctness/MachineInitialization.lean	77	For a well-formed source model, every finite generated-LF startup	candidate
lf_generation	Relico/Correctness/MachineTrace.lean	4	import Relico.LF.MachineTraceSemantics	candidate
lf_generation	Relico/Correctness/MachineTrace.lean	12	Pointwise correspondence between finite DTR and generated-LF machine	candidate
lf_generation	Relico/Correctness/MachineTrace.lean	87	Every finite generated-LF execution beginning in corresponding states	candidate
lf_generation	Relico/Correctness/MachineTraceForward.lean	15	- a matching generated-LF transition;	candidate
lf_generation	Relico/Correctness/MachineTraceForward.lean	159	Finite compatibility evidence yields finite DTR and generated-LF	candidate
lf_generation	Relico/Correctness/MultiStoreDispatch.lean	4	import Relico.LF.MultiStoreDispatchSemantics	candidate
lf_generation	Relico/Correctness/MultiStoreExecutableTranslation.lean	16	represented by the generated LF tag and microstep order.	candidate
lf_generation	Relico/Correctness/MultiStoreExecutableTranslation.lean	139	Every finite generated-LF execution is matched by a finite source	candidate
lf_generation	Relico/Correctness/MultiStoreForward.lean	3	import Relico.LF.MultiStoreSemantics	candidate
lf_generation	Relico/Correctness/MultiStoreInitialization.lean	3	import Relico.LF.MultiStoreInitialization	candidate
lf_generation	Relico/Correctness/MultiStoreMachine.lean	5	import Relico.LF.MultiStoreMachineSemantics	candidate
lf_generation	Relico/Correctness/MultiStoreMachineTrace.lean	5	import Relico.LF.MultiStoreMachineTraceSemantics	candidate
lf_generation	Relico/Correctness/MultiStoreMachineTrace.lean	13	Pointwise correspondence between finite source and generated-LF	candidate
lf_generation	Relico/Correctness/MultiStoreMachineTrace.lean	323	Backward simulation for finite generated-LF multi-server machine	candidate
lf_generation	Relico/Correctness/MultiStorePayloadBackwardDispatchRuntime.lean	4	import Relico.LF.PendingNotPast	candidate
lf_generation	Relico/Correctness/MultiStorePayloadBackwardDispatchRuntime.lean	27	Every generated LF payload dispatch has a corresponding DTR payload dispatch,	candidate
lf_generation	Relico/Correctness/MultiStorePayloadBaseDispatchSelection.lean	160	Synchronize source occurrence removal with generated-LF eligibility.	candidate
lf_generation	Relico/Correctness/MultiStorePayloadBaseSelectionCompatibility.lean	17	import Relico.LF.MultiStorePayloadDispatch	candidate
lf_generation	Relico/Correctness/MultiStorePayloadBaseSelectionCompatibility.lean	743	A source-priority-eligible occurrence has an aligned generated-LF occurrence	candidate
lf_generation	Relico/Correctness/MultiStorePayloadBaseSelectionCompatibility.lean	1057	A reaction-priority-eligible generated-LF occurrence has an aligned source	candidate
lf_generation	Relico/Correctness/MultiStorePayloadDetailedDispatchWeakMatches.lean	2	import Relico.LF.DetailedMultiStorePayloadWeakSemantics	candidate
lf_generation	Relico/Correctness/MultiStorePayloadDetailedDispatchWeakMatches.lean	153	Every forward match exposes a corresponding generated-LF destination.	candidate
lf_generation	Relico/Correctness/MultiStorePayloadDetailedFiniteWeakExecution.lean	122	A finite list-labelled execution of the existing generated-LF payload-aware	candidate
lf_generation	Relico/Correctness/MultiStorePayloadDetailedFiniteWeakExecution.lean	337	Derivation-aware compatibility for a finite detailed generated-LF execution.	candidate
lf_generation	Relico/Correctness/MultiStorePayloadDetailedFiniteWeakExecution.lean	412	Compatibility indexed by the concrete finite generated-LF derivation.	candidate
lf_generation	Relico/Correctness/MultiStorePayloadDetailedFiniteWeakExecution.lean	623	Conditional backward correspondence for a finite payload-aware generated-LF	candidate
lf_generation	Relico/Correctness/MultiStorePayloadDetailedFiniteWeakExecutionFoundation.lean	133	A finite sequence of the already published generated-LF payload weak steps.	candidate
lf_generation	Relico/Correctness/MultiStorePayloadDetailedFiniteWeakExecutionFoundation.lean	141	List Relico.LF.MultiStorePayloadReaction) :	candidate
lf_generation	Relico/Correctness/MultiStorePayloadDetailedFiniteWeakExecutionFoundation.lean	142	Relico.LF.DetailedMultiStorePayloadState	candidate
lf_generation	Relico/Correctness/MultiStorePayloadDetailedFiniteWeakExecutionFoundation.lean	144	List Relico.LF.DetailedMultiStorePayloadLabel →	candidate
lf_generation	Relico/Correctness/MultiStorePayloadDetailedFiniteWeakExecutionFoundation.lean	145	Relico.LF.DetailedMultiStorePayloadState	candidate
lf_generation	Relico/Correctness/MultiStorePayloadDetailedFiniteWeakExecutionFoundation.lean	151	Relico.LF.DetailedMultiStorePayloadState	candidate
lf_generation	Relico/Correctness/MultiStorePayloadDetailedFiniteWeakExecutionFoundation.lean	161	Relico.LF.DetailedMultiStorePayloadState	candidate
lf_generation	Relico/Correctness/MultiStorePayloadDetailedFiniteWeakExecutionFoundation.lean	164	Relico.LF.DetailedMultiStorePayloadLabel}	candidate
lf_generation	Relico/Correctness/MultiStorePayloadDetailedFiniteWeakExecutionFoundation.lean	166	List Relico.LF.DetailedMultiStorePayloadLabel}	candidate
lf_generation	Relico/Correctness/MultiStorePayloadDetailedFiniteWeakExecutionFoundation.lean	168	Relico.LF.DetailedMultiStorePayloadWeakStep	candidate
lf_generation	Relico/Correctness/MultiStorePayloadDetailedFiniteWeakExecutionFoundation.lean	187	List Relico.LF.MultiStorePayloadReaction}	candidate
lf_generation	Relico/Correctness/MultiStorePayloadDetailedFiniteWeakExecutionFoundation.lean	189	Relico.LF.DetailedMultiStorePayloadState	candidate
lf_generation	Relico/Correctness/MultiStorePayloadDetailedFiniteWeakExecutionFoundation.lean	192	Relico.LF.DetailedMultiStorePayloadLabel}	candidate
lf_generation	Relico/Correctness/MultiStorePayloadDetailedFiniteWeakExecutionFoundation.lean	194	Relico.LF.DetailedMultiStorePayloadWeakStep	candidate
lf_generation	Relico/Correctness/MultiStorePayloadDetailedFiniteWeakExecutionFoundation.lean	213	List Relico.LF.MultiStorePayloadReaction}	candidate
lf_generation	Relico/Correctness/MultiStorePayloadDetailedFiniteWeakExecutionFoundation.lean	215	Relico.LF.DetailedMultiStorePayloadState	candidate
lf_generation	Relico/Correctness/MultiStorePayloadDetailedFiniteWeakExecutionFoundation.lean	218	List Relico.LF.DetailedMultiStorePayloadLabel}	candidate
lf_generation	Relico/Correctness/MultiStorePayloadDetailedFiniteWeakExecutionFoundation.lean	263	List Relico.LF.DetailedMultiStorePayloadLabel →	candidate
lf_generation	Relico/Correctness/MultiStorePayloadDetailedFiniteWeakExecutionFoundation.lean	275	Relico.LF.DetailedMultiStorePayloadLabel}	candidate
lf_generation	Relico/Correctness/MultiStorePayloadDetailedFiniteWeakExecutionFoundation.lean	279	List Relico.LF.DetailedMultiStorePayloadLabel}	candidate
lf_generation	Relico/Correctness/MultiStorePayloadDetailedFiniteWeakExecutionFoundation.lean	296	List Relico.LF.DetailedMultiStorePayloadLabel}	candidate
lf_generation	Relico/Correctness/MultiStorePayloadDetailedFiniteWeakExecutionFoundation.lean	320	List Relico.LF.DetailedMultiStorePayloadLabel}	candidate
lf_generation	Relico/Correctness/MultiStorePayloadDetailedInitialization.lean	55	Canonical generated-LF base state corresponding to the source initial state.	candidate
lf_generation	Relico/Correctness/MultiStorePayloadDetailedInitialization.lean	87	Stable detailed generated-LF wrapper for the canonical initial base state.	candidate
lf_generation	Relico/Correctness/MultiStorePayloadDetailedInitialization.lean	106	The canonical source and generated-LF base states satisfy the complete	candidate
lf_generation	Relico/Correctness/MultiStorePayloadDetailedInvocationEntry.lean	1	import Relico.LF.PriorityTimingInvariant	candidate
lf_generation	Relico/Correctness/MultiStorePayloadDetailedInvocationEntry.lean	98	Canonical generated-LF occurrence corresponding to one source invocation.	candidate
lf_generation	Relico/Correctness/MultiStorePayloadDetailedInvocationEntry.lean	119	Canonical generated-LF singleton invocation state.	candidate
lf_generation	Relico/Correctness/MultiStorePayloadDetailedInvocationEntry.lean	154	Stable detailed generated-LF wrapper for the singleton invocation state.	candidate
lf_generation	Relico/Correctness/MultiStorePayloadDetailedInvocationEntry.lean	221	Canonical generated-LF state after dispatching the singleton invocation.	candidate
lf_generation	Relico/Correctness/MultiStorePayloadDetailedInvocationEntry.lean	261	The canonical singleton source message and generated-LF action correspond	candidate
lf_generation	Relico/Correctness/MultiStorePayloadDetailedInvocationEntry.lean	526	The generated-LF singleton invocation queue contains no action before the	candidate
lf_generation	Relico/Correctness/MultiStorePayloadDetailedInvocationEntry.lean	1068	Forward runtime correspondence produces a generated-LF dispatch whose selected	candidate
lf_generation	Relico/Correctness/MultiStorePayloadDetailedInvocationEntry.lean	1189	Package the canonical source dispatch and the corresponding generated-LF	candidate
lf_generation	Relico/Correctness/MultiStorePayloadDetailedInvocationEntry.lean	1291	A generated-LF dispatch obtained from the canonical singleton entry has the	candidate
lf_generation	Relico/Correctness/MultiStorePayloadDetailedInvocationEntry.lean	1292	canonical generated-LF post-dispatch state.	candidate
lf_generation	Relico/Correctness/MultiStorePayloadDetailedInvocationEntry.lean	1416	The canonical singleton invocation has an exact generated-LF dispatch to the	candidate
lf_generation	Relico/Correctness/MultiStorePayloadDetailedInvocationEntry.lean	1825	Canonical generated-LF detailed state immediately after a positive-delay	candidate
lf_generation	Relico/Correctness/MultiStorePayloadDetailedInvocationEntry.lean	1879	Canonical generated-LF dispatch-ready detailed state. For zero delay it is	candidate
lf_generation	Relico/Correctness/MultiStorePayloadDetailedInvocationEntry.lean	1968	Positive delay strictly advances generated-LF metric time.	candidate
lf_generation	Relico/Correctness/MultiStorePayloadDetailedInvocationEntry.lean	2103	Zero delay leaves generated-LF metric time unchanged.	candidate
lf_generation	Relico/Correctness/MultiStorePayloadDetailedInvocationEntry.lean	2148	Zero delay strictly advances the generated-LF microstep.	candidate
lf_generation	Relico/Correctness/MultiStorePayloadDetailedInvocationEntry.lean	2264	Positive delay produces the canonical generated-LF metric-time step.	candidate
lf_generation	Relico/Correctness/MultiStorePayloadDetailedInvocationEntry.lean	2340	corresponds to the generated-LF after-time phase.	candidate
lf_generation	Relico/Correctness/MultiStorePayloadDetailedInvocationEntry.lean	2513	generated LF state advances to dispatch readiness by one target-only	candidate
lf_generation	Relico/Correctness/MultiStorePayloadDetailedInvocationFiniteObservable.lean	87	payload-aware generated-LF invocation state.	candidate
lf_generation	Relico/Correctness/MultiStorePayloadDetailedInvocationFiniteObservable.lean	241	payload-aware generated-LF invocation state.	candidate
lf_generation	Relico/Correctness/MultiStorePayloadDetailedObservableWeakExecution.lean	468	payload-aware generated-LF execution.	candidate
lf_generation	Relico/Correctness/MultiStorePayloadDetailedRuntimeLabelCorrespondence.lean	2	import Relico.LF.DetailedMultiStorePayloadRuntime	candidate
lf_generation	Relico/Correctness/MultiStorePayloadDetailedStartupEntry.lean	48	Canonical generated-LF startup-entry state.	candidate
lf_generation	Relico/Correctness/MultiStorePayloadDetailedStartupEntry.lean	71	Detailed generated-LF startup-entry state.	candidate
lf_generation	Relico/Correctness/MultiStorePayloadDetailedStartupEntry.lean	114	Runtime correspondence of canonical source constructor entry and generated-LF	candidate
lf_generation	Relico/Correctness/MultiStorePayloadDetailedStartupEntry.lean	180	to the active generated-LF startup body without introducing a startup	candidate
lf_generation	Relico/Correctness/MultiStorePayloadDetailedStartupEntry.lean	285	generated-LF startup entry.	candidate
lf_generation	Relico/Correctness/MultiStorePayloadDetailedStartupEntry.lean	412	generated-LF startup entry.	candidate
lf_generation	Relico/Correctness/MultiStorePayloadForwardDispatchRuntime.lean	3	import Relico.LF.PendingNotPast	candidate
lf_generation	Relico/Correctness/MultiStorePayloadForwardDispatchRuntime.lean	11	A payload-aware DTR dispatch has a matching generated LF dispatch and	candidate
lf_generation	Relico/Correctness/MultiStorePayloadPriorityOrder.lean	2	import Relico.LF.MultiStorePayloadDispatch	candidate
lf_generation	Relico/Correctness/MultiStorePayloadPriorityOrder.lean	186	Forward transport from normalized DTR server order to generated LF	candidate
lf_generation	Relico/Correctness/MultiStorePayloadPriorityOrder.lean	213	Backward transport from generated LF reaction order to normalized DTR	candidate
lf_generation	Relico/Correctness/MultiStorePayloadRuntimeStateCorrespondence.lean	1	import Relico.LF.PendingNotPast	candidate
lf_generation	Relico/Correctness/MultiStorePayloadSelectionCompatibility.lean	168	Appending one payload-corresponding source occurrence and generated LF	candidate
lf_generation	Relico/Correctness/MultiStorePayloadStatementCorrespondence.lean	3	import Relico.LF.MultiStorePayloadSemantics	candidate
lf_generation	Relico/Correctness/MultiStorePayloadStatementCorrespondence.lean	319	A successful payload-bearing source self-send and the generated LF	candidate
lf_generation	Relico/Correctness/MultiStoreStructural.lean	2	import Relico.LF.MultiStoreModelWellFormed	candidate
lf_generation	Relico/Correctness/PayloadCorrespondence.lean	30	Scheduling the generated LF action with the same payload as the source	candidate
lf_generation	Relico/Correctness/PayloadCorrespondence.lean	240	generated LF action preserves queue correspondence.	candidate
lf_generation	Relico/Correctness/PayloadStep.lean	5	import Relico.LF.PayloadSemantics	candidate
lf_generation	Relico/Correctness/PayloadStep.lean	68	generated-LF step.	candidate
lf_generation	Relico/Correctness/PayloadStep.lean	329	expression evaluation from generated LF back to DTR.	candidate
lf_generation	Relico/Correctness/PayloadTrace.lean	3	import Relico.LF.PayloadMachine	candidate
lf_generation	Relico/Correctness/PayloadTrace.lean	11	Pointwise correspondence between finite source and generated-LF	candidate
lf_generation	Relico/Correctness/PayloadTrace.lean	67	generated-LF execution with corresponding labels and final states.	candidate
lf_generation	Relico/Correctness/PayloadTrace.lean	145	Every finite generated-LF payload-scheduling execution beginning in	candidate
lf_generation	Relico/Correctness/PriorityEligibility.lean	5	import Relico.LF.MultiStoreReactionScheduling	candidate
lf_generation	Relico/Correctness/PriorityEligibility.lean	186	Source priority eligibility transports to generated-LF reaction	candidate
lf_generation	Relico/Correctness/PriorityEligibility.lean	292	Generated-LF reaction-priority eligibility transports back to source	candidate
lf_generation	Relico/Correctness/PriorityMachineTiming.lean	3	import Relico.LF.PriorityTimingInvariant	candidate
lf_generation	Relico/Correctness/PriorityOrder.lean	2	import Relico.LF.MultiStoreReactionScheduling	candidate
lf_generation	Relico/Correctness/PriorityOrder.lean	161	Forward transport from normalized DTR server order to generated LF	candidate
lf_generation	Relico/Correctness/PriorityOrder.lean	188	Backward transport from generated LF reaction order to normalized DTR	candidate
lf_generation	Relico/Correctness/PriorityTiming.lean	3	import Relico.LF.PriorityTimingInvariant	candidate
lf_generation	Relico/Correctness/StoreBackward.lean	13	Every generated-LF store step from a corresponding state can be	candidate
lf_generation	Relico/Correctness/StoreDispatch.lean	4	import Relico.LF.StoreDispatchSemantics	candidate
lf_generation	Relico/Correctness/StoreDispatch.lean	231	Every generated-LF dispatch from corresponding states identifies a	candidate
lf_generation	Relico/Correctness/StoreExecutableTranslation.lean	15	can be represented by the generated LF microstep order.	candidate
lf_generation	Relico/Correctness/StoreExecutableTranslation.lean	139	Every finite execution of the generated LF machine is matched by a	candidate
lf_generation	Relico/Correctness/StoreForward.lean	4	import Relico.LF.StoreSemantics	candidate
lf_generation	Relico/Correctness/StoreForward.lean	48	matching generated-LF store step. Transition labels and resulting	candidate
lf_generation	Relico/Correctness/StoreInitialization.lean	3	import Relico.LF.StoreInitialization	candidate
lf_generation	Relico/Correctness/StoreMachine.lean	5	import Relico.LF.StoreMachineSemantics	candidate
lf_generation	Relico/Correctness/StoreMachineTrace.lean	4	import Relico.LF.StoreMachineTraceSemantics	candidate
lf_generation	Relico/Correctness/StoreMachineTrace.lean	12	Pointwise correspondence between finite source and generated-LF	candidate
lf_generation	Relico/Correctness/StoreMachineTrace.lean	328	Unconditional backward simulation for finite generated-LF combined	candidate
lf_generation	Relico/Correctness/StoreModelStructural.lean	3	import Relico.LF.StoreModelWellFormed	candidate
lf_generation	Relico/Correctness/StoreStructural.lean	2	import Relico.LF.StoreWellFormed	candidate
lf_generation	Relico/Correctness/StoreTrace.lean	4	import Relico.LF.StoreTrace	candidate
lf_generation	Relico/Correctness/StoreTrace.lean	46	Every source trace has a generated-LF trace with pointwise	candidate
lf_generation	Relico/Correctness/StoreTrace.lean	126	Backward simulation of arbitrary finite generated-LF store statement	candidate
lf_generation	Relico/Correctness/Structural.lean	2	import Relico.LF.WellFormed	candidate
lf_generation	Relico/Correctness/Trace.lean	5	import Relico.LF.TraceSemantics	candidate
lf_generation	Relico/Correctness/Trace.lean	13	Pointwise correspondence between finite DTR and generated-LF traces.	candidate
lf_generation	Relico/Correctness/Trace.lean	44	finite generated-LF execution with corresponding labels and a	candidate
lf_generation	Relico/Correctness/Trace.lean	121	Every finite execution of the generated LF statement subset beginning	candidate
lf_generation	Relico/Frontend/BridgeCheck.lean	61	"""usage: BridgeCheck <input.json> <output.lf>"""	candidate
lf_generation	Relico/Frontend/MultiStoreBridgeCheck.lean	174	"""usage: MultiStoreBridgeCheck <input.json> <summary.txt> [output.lf]"""	candidate
lf_generation	Relico/Frontend/StoreBridgeCheck.lean	58	"""usage: StoreBridgeCheck <input.json> <output.lf>"""	candidate
lf_generation	Relico/LF/BoundPayloadDispatch.lean	1	import Relico.LF.BoundPayloadState	candidate
lf_generation	Relico/LF/BoundPayloadDispatch.lean	2	import Relico.LF.Scheduling	candidate
lf_generation	Relico/LF/BoundPayloadRuntimeInvariant.lean	1	import Relico.LF.BoundPayloadState	candidate
lf_generation	Relico/LF/BoundPayloadRuntimeInvariant.lean	2	import Relico.LF.PriorityTimingInvariant	candidate
lf_generation	Relico/LF/BoundPayloadRuntimeInvariant.lean	12	All queued generated-LF payload actions have microstep zero.	candidate
lf_generation	Relico/LF/BoundPayloadRuntimeInvariant.lean	24	Every queued generated-LF payload action is at a later logical time than the	candidate
lf_generation	Relico/LF/BoundPayloadSemantics.lean	1	import Relico.LF.BoundPayloadState	candidate
lf_generation	Relico/LF/BoundPayloadSemantics.lean	22	Small-step generated-LF semantics for parameter-aware payload	candidate
lf_generation	Relico/LF/BoundPayloadState.lean	2	import Relico.LF.BoundPayloadSyntax	candidate
lf_generation	Relico/LF/BoundPayloadState.lean	3	import Relico.LF.State	candidate
lf_generation	Relico/LF/BoundPayloadState.lean	11	Runtime state for parameter-aware generated-LF payload execution.	candidate
lf_generation	Relico/LF/BoundPayloadSyntax.lean	1	import Relico.LF.PayloadExpression	candidate
lf_generation	Relico/LF/BoundPayloadSyntax.lean	9	Parameter-aware generated-LF statements for the additive payload	candidate
lf_generation	Relico/LF/CppPrinter.lean	1	import Relico.LF.Syntax	candidate
lf_generation	Relico/LF/CppPrinter.lean	37	Render one generated LF statement inside a C++ reaction body.	candidate
lf_generation	Relico/LF/CppPrinter.lean	113	Render one generated reaction using LF target-code delimiters.	candidate
lf_generation	Relico/LF/DetailedBoundPayloadSemantics.lean	2	import Relico.LF.BoundPayloadSemantics	candidate
lf_generation	Relico/LF/DetailedBoundPayloadSemantics.lean	3	import Relico.LF.BoundPayloadDispatch	candidate
lf_generation	Relico/LF/DetailedBoundPayloadSemantics.lean	11	Paper-level observables for parameter-aware detailed generated-LF execution.	candidate
lf_generation	Relico/LF/DetailedBoundPayloadSemantics.lean	337	Project a finite detailed generated-LF bound-payload label trace onto the	candidate
lf_generation	Relico/LF/DetailedBoundPayloadWeakSemantics.lean	1	import Relico.LF.DetailedBoundPayloadSemantics	candidate
lf_generation	Relico/LF/DetailedBoundPayloadWeakSemantics.lean	9	Internal closure for the detailed parameter-aware generated-LF semantics.	candidate
lf_generation	Relico/LF/DetailedBoundPayloadWeakSemantics.lean	23	Weak labeled transition for the detailed parameter-aware generated-LF	candidate
lf_generation	Relico/LF/DetailedMultiStorePayloadRuntime.lean	1	import Relico.LF.MultiStorePayloadDispatch	candidate
lf_generation	Relico/LF/DetailedMultiStorePayloadRuntime.lean	9	Proof-indexed phases for generated payload-aware LF dispatch.	candidate
lf_generation	Relico/LF/DetailedMultiStorePayloadRuntime.lean	63	Detailed labels for generated payload-aware LF dispatch.	candidate
lf_generation	Relico/LF/DetailedMultiStorePayloadSemantics.lean	1	import Relico.LF.DetailedMultiStorePayloadRuntime	candidate
lf_generation	Relico/LF/DetailedMultiStorePayloadSemantics.lean	2	import Relico.LF.MultiStorePayloadSemantics	candidate
lf_generation	Relico/LF/DetailedMultiStorePayloadSemantics.lean	10	Detailed one-step decomposition of the generated payload-aware LF runtime.	candidate
lf_generation	Relico/LF/DetailedMultiStorePayloadWeakSemantics.lean	1	import Relico.LF.DetailedMultiStorePayloadSemantics	candidate
lf_generation	Relico/LF/DetailedMultiStorePayloadWeakSemantics.lean	31	Visible generated-LF payload detailed labels.	candidate
lf_generation	Relico/LF/DetailedMultiStorePayloadWeakSemantics.lean	56	Zero or more internal generated-LF payload detailed transitions.	candidate
lf_generation	Relico/LF/DetailedMultiStorePayloadWeakSemantics.lean	102	One generated-LF payload weak transition.	candidate
lf_generation	Relico/LF/DetailedMultiStorePayloadWeakSemantics.lean	164	Internal generated-LF closures compose.	candidate
lf_generation	Relico/LF/DetailedMultiStorePayloadWeakSemantics.lean	201	Every generated-LF detailed state has a reflexive weak tau transition.	candidate
lf_generation	Relico/LF/DetailedMultiStoreSemantics.lean	2	import Relico.LF.MultiStoreMachineSemantics	candidate
lf_generation	Relico/LF/DetailedMultiStoreSemantics.lean	10	Paper-level observable events for the detailed generated-LF multi-store	candidate
lf_generation	Relico/LF/DetailedMultiStoreSemantics.lean	31	Labels for the detailed generated-LF semantic layer.	candidate
lf_generation	Relico/LF/DetailedMultiStoreSemantics.lean	77	Project a detailed generated-LF label onto the paper-level observable	candidate
lf_generation	Relico/LF/DetailedMultiStoreSemantics.lean	141	States of the detailed generated-LF semantic layer.	candidate
lf_generation	Relico/LF/DetailedMultiStoreSemantics.lean	189	Detailed one-step generated-LF semantics.	candidate
lf_generation	Relico/LF/DetailedMultiStoreSemantics.lean	413	Finite executions of the detailed generated-LF multi-store semantics.	candidate
lf_generation	Relico/LF/DetailedWeakExecution.lean	2	import Relico.LF.DetailedWeakSemantics	candidate
lf_generation	Relico/LF/DetailedWeakExecution.lean	10	Finite executions whose individual transitions use the detailed generated-LF	candidate
lf_generation	Relico/LF/DetailedWeakExecution.lean	34	Every finite exact detailed generated-LF execution is also a finite weak	candidate
lf_generation	Relico/LF/DetailedWeakExecution.lean	73	Detailed generated-LF weak executions compose.	candidate
lf_generation	Relico/LF/DetailedWeakSemantics.lean	1	import Relico.LF.DetailedMultiStoreSemantics	candidate
lf_generation	Relico/LF/DispatchSemantics.lean	1	import Relico.LF.Scheduling	candidate
lf_generation	Relico/LF/DispatchSemantics.lean	2	import Relico.LF.Syntax	candidate
lf_generation	Relico/LF/DispatchSemantics.lean	10	Dispatch transition for a pending generated-LF logical action.	candidate
lf_generation	Relico/LF/Evaluation.lean	1	import Relico.LF.State	candidate
lf_generation	Relico/LF/Evaluation.lean	10	Evaluate an expression in the generated LF subset.	candidate
lf_generation	Relico/LF/GlobalMultiStorePayload.lean	2	import Relico.LF.MultiStorePayloadSemantics	candidate
lf_generation	Relico/LF/GlobalMultiStorePayloadDispatch.lean	2	Actor-indexed lifting of generated LF payload dispatch into a global actor	candidate
lf_generation	Relico/LF/GlobalMultiStorePayloadDispatch.lean	9	import Relico.LF.GlobalMultiStorePayload	candidate
lf_generation	Relico/LF/GlobalMultiStorePayloadDispatch.lean	10	import Relico.LF.MultiStorePayloadDispatch	candidate
lf_generation	Relico/LF/GlobalMultiStorePayloadExternalSend.lean	1	import Relico.LF.GlobalMultiStorePayload	candidate
lf_generation	Relico/LF/GlobalMultiStorePayloadExternalSend.lean	10	One generated LF-side external-send occurrence.	candidate
lf_generation	Relico/LF/GlobalMultiStorePayloadExternalSendFrame.lean	1	import Relico.LF.GlobalMultiStorePayloadExternalSendStatement	candidate
lf_generation	Relico/LF/GlobalMultiStorePayloadExternalSendStatement.lean	1	import Relico.LF.GlobalMultiStorePayloadExternalSend	candidate
lf_generation	Relico/LF/GlobalMultiStorePayloadFiniteExecution.lean	1	import Relico.LF.GlobalMultiStorePayloadOneStep	candidate
lf_generation	Relico/LF/GlobalMultiStorePayloadInitialization.lean	2	import Relico.LF.GlobalMultiStorePayload	candidate
lf_generation	Relico/LF/GlobalMultiStorePayloadInitialization.lean	20	Construct one generated-LF startup state per aligned actor entry.	candidate
lf_generation	Relico/LF/GlobalMultiStorePayloadInitialization.lean	46	Executable generated-LF startup construction over the same aligned input.	candidate
lf_generation	Relico/LF/GlobalMultiStorePayloadOneStep.lean	1	import Relico.LF.GlobalMultiStorePayloadExternalSendFrame	candidate
lf_generation	Relico/LF/GlobalMultiStorePayloadOneStep.lean	2	import Relico.LF.GlobalMultiStorePayloadDispatch	candidate
lf_generation	Relico/LF/Initialization.lean	1	import Relico.LF.State	candidate
lf_generation	Relico/LF/Initialization.lean	16	The generated-LF runtime state at startup-reaction entry.	candidate
lf_generation	Relico/LF/MachineSemantics.lean	1	import Relico.LF.Semantics	candidate
lf_generation	Relico/LF/MachineSemantics.lean	2	import Relico.LF.DispatchSemantics	candidate
lf_generation	Relico/LF/MachineSemantics.lean	10	Labels for the combined generated-LF machine semantics.	candidate
lf_generation	Relico/LF/MachineSemantics.lean	26	Combined one-step semantics for the generated LF subset.	candidate
lf_generation	Relico/LF/MachineTraceSemantics.lean	1	import Relico.LF.MachineSemantics	candidate
lf_generation	Relico/LF/MachineTraceSemantics.lean	9	A finite execution of the combined generated-LF machine semantics.	candidate
lf_generation	Relico/LF/MultiStoreCppPrinter.lean	1	import Relico.LF.StoreCppPrinter	candidate
lf_generation	Relico/LF/MultiStoreCppPrinter.lean	2	import Relico.LF.MultiStoreSyntax	candidate
lf_generation	Relico/LF/MultiStoreDispatchSemantics.lean	1	import Relico.LF.MultiStoreSyntax	candidate
lf_generation	Relico/LF/MultiStoreDispatchSemantics.lean	2	import Relico.LF.MultiStoreReactionScheduling	candidate
lf_generation	Relico/LF/MultiStoreDispatchSemantics.lean	3	import Relico.LF.Scheduling	candidate
lf_generation	Relico/LF/MultiStoreDispatchSemantics.lean	4	import Relico.LF.StoreState	candidate
lf_generation	Relico/LF/MultiStoreDispatchSemantics.lean	12	Dispatch semantics for generated finite-store LF reactors with	candidate
lf_generation	Relico/LF/MultiStoreInitialization.lean	1	import Relico.LF.MultiStoreSyntax	candidate
lf_generation	Relico/LF/MultiStoreInitialization.lean	2	import Relico.LF.StoreInitialization	candidate
lf_generation	Relico/LF/MultiStoreInitialization.lean	11	The generated-LF runtime state at startup-reaction entry for a	candidate
lf_generation	Relico/LF/MultiStoreMachineSemantics.lean	1	import Relico.LF.MultiStoreDispatchSemantics	candidate
lf_generation	Relico/LF/MultiStoreMachineSemantics.lean	2	import Relico.LF.MultiStoreSemantics	candidate
lf_generation	Relico/LF/MultiStoreMachineSemantics.lean	10	Labels for the combined finite-store generated-LF machine with	candidate
lf_generation	Relico/LF/MultiStoreMachineSemantics.lean	30	Combined one-step generated-LF semantics for finite state, multiple	candidate
lf_generation	Relico/LF/MultiStoreMachineTraceSemantics.lean	1	import Relico.LF.MultiStoreMachineSemantics	candidate
lf_generation	Relico/LF/MultiStoreMachineTraceSemantics.lean	9	A finite execution of the combined generated-LF machine with multiple	candidate
lf_generation	Relico/LF/MultiStoreModelWellFormed.lean	1	import Relico.LF.MultiStoreWellFormed	candidate
lf_generation	Relico/LF/MultiStoreModelWellFormed.lean	2	import Relico.LF.StoreModelWellFormed	candidate
lf_generation	Relico/LF/MultiStoreModelWellFormed.lean	11	Structural validity of a generated finite-store LF reactor with	candidate
lf_generation	Relico/LF/MultiStorePayloadCppPrinter.lean	1	import Relico.LF.MultiStoreCppPrinter	candidate
lf_generation	Relico/LF/MultiStorePayloadCppPrinter.lean	2	import Relico.LF.MultiStorePayloadSyntax	candidate
lf_generation	Relico/LF/MultiStorePayloadCppPrinter.lean	3	import Relico.LF.PayloadCppPrinter	candidate
lf_generation	Relico/LF/MultiStorePayloadDispatch.lean	2	import Relico.LF.MultiStorePayloadSemantics	candidate
lf_generation	Relico/LF/MultiStorePayloadDispatch.lean	3	import Relico.LF.Scheduling	candidate
lf_generation	Relico/LF/MultiStorePayloadDispatch.lean	250	Payload-aware generated LF multi-reaction dispatch.	candidate
lf_generation	Relico/LF/MultiStorePayloadSemantics.lean	1	import Relico.LF.MultiStorePayloadSyntax	candidate
lf_generation	Relico/LF/MultiStorePayloadSemantics.lean	2	import Relico.LF.State	candidate
lf_generation	Relico/LF/MultiStorePayloadSyntax.lean	3	import Relico.LF.MultiStoreSyntax	candidate
lf_generation	Relico/LF/MultiStoreReactionScheduling.lean	1	import Relico.LF.MultiStoreSyntax	candidate
lf_generation	Relico/LF/MultiStoreReactionScheduling.lean	2	import Relico.LF.Scheduling	candidate
lf_generation	Relico/LF/MultiStoreSemantics.lean	1	import Relico.LF.MultiStoreWellFormed	candidate
lf_generation	Relico/LF/MultiStoreSemantics.lean	2	import Relico.LF.StoreEvaluation	candidate
lf_generation	Relico/LF/MultiStoreSemantics.lean	3	import Relico.LF.StoreState	candidate
lf_generation	Relico/LF/MultiStoreSemantics.lean	4	import Relico.LF.Semantics	candidate
lf_generation	Relico/LF/MultiStoreSemantics.lean	12	Small-step generated-LF semantics over a finite state store with	candidate
lf_generation	Relico/LF/MultiStoreSyntax.lean	1	import Relico.LF.StoreSyntax	candidate
lf_generation	Relico/LF/MultiStoreSyntax.lean	9	A generated LF reactor with finite state and ordered finite lists of	candidate
lf_generation	Relico/LF/MultiStoreSyntax.lean	33	A complete generated LF program with one finite-state reactor and	candidate
lf_generation	Relico/LF/MultiStoreWellFormed.lean	1	import Relico.LF.MultiStoreSyntax	candidate
lf_generation	Relico/LF/MultiStoreWellFormed.lean	2	import Relico.LF.StoreWellFormed	candidate
lf_generation	Relico/LF/MultiStoreWellFormed.lean	26	Structural validity of a generated LF statement for finite reactor	candidate
lf_generation	Relico/LF/PayloadCppPrinter.lean	1	import Relico.LF.CppPrinter	candidate
lf_generation	Relico/LF/PayloadCppPrinter.lean	2	import Relico.LF.PayloadSyntax	candidate
lf_generation	Relico/LF/PayloadExpression.lean	2	import Relico.LF.Evaluation	candidate
lf_generation	Relico/LF/PayloadExpression.lean	10	Expressions available in the generated payload-aware LF fragment.	candidate
lf_generation	Relico/LF/PayloadMachine.lean	1	import Relico.LF.PayloadSemantics	candidate
lf_generation	Relico/LF/PayloadMachine.lean	9	A finite execution of the additive generated-LF payload-scheduling	candidate
lf_generation	Relico/LF/PayloadSemantics.lean	1	import Relico.LF.Evaluation	candidate
lf_generation	Relico/LF/PayloadSemantics.lean	2	import Relico.LF.PayloadSyntax	candidate
lf_generation	Relico/LF/PayloadSemantics.lean	3	import Relico.LF.State	candidate
lf_generation	Relico/LF/PayloadSemantics.lean	47	Small-step generated-LF semantics for integer-payload scheduling.	candidate
lf_generation	Relico/LF/PayloadSyntax.lean	1	import Relico.LF.Syntax	candidate
lf_generation	Relico/LF/PayloadSyntax.lean	9	Additive generated-LF statement syntax for one integer action payload.	candidate
lf_generation	Relico/LF/PendingNotPast.lean	4	Ordinary generated-LF scheduler consistency.	candidate
lf_generation	Relico/LF/PendingNotPast.lean	24	import Relico.LF.MultiStoreDispatchSemantics	candidate
lf_generation	Relico/LF/PendingNotPast.lean	25	import Relico.LF.MultiStoreSemantics	candidate
lf_generation	Relico/LF/PendingNotPast.lean	289	Every ordinary generated-LF statement step preserves pending-not-past.	candidate
lf_generation	Relico/LF/PendingNotPast.lean	374	Every ordinary generated-LF dispatch establishes pending-not-past in its	candidate
lf_generation	Relico/LF/PriorityTimingInvariant.lean	2	import Relico.LF.MultiStoreDispatchSemantics	candidate
lf_generation	Relico/LF/PriorityTimingInvariant.lean	3	import Relico.LF.MultiStoreSemantics	candidate
lf_generation	Relico/LF/PriorityTimingInvariant.lean	150	Runtime timing invariant for the priority-sensitive generated-LF	candidate
lf_generation	Relico/LF/Scheduling.lean	2	import Relico.LF.State	candidate
lf_generation	Relico/LF/Semantics.lean	1	import Relico.LF.Evaluation	candidate
lf_generation	Relico/LF/Semantics.lean	9	Labels for the first generated-LF transition rules.	candidate
lf_generation	Relico/LF/Semantics.lean	24	generated LF subset.	candidate
lf_generation	Relico/LF/State.lean	1	import Relico.LF.Syntax	candidate
lf_generation	Relico/LF/State.lean	101	Runtime state for the generated LF subset in vertical slice v0.	candidate
lf_generation	Relico/LF/StoreCppPrinter.lean	1	import Relico.LF.CppPrinter	candidate
lf_generation	Relico/LF/StoreCppPrinter.lean	2	import Relico.LF.StoreSyntax	candidate
lf_generation	Relico/LF/StoreDispatchSemantics.lean	1	import Relico.LF.Scheduling	candidate
lf_generation	Relico/LF/StoreDispatchSemantics.lean	2	import Relico.LF.StoreState	candidate
lf_generation	Relico/LF/StoreDispatchSemantics.lean	10	Dispatch semantics for a pending generated-LF logical action over a	candidate
lf_generation	Relico/LF/StoreEvaluation.lean	2	import Relico.LF.Evaluation	candidate
lf_generation	Relico/LF/StoreEvaluation.lean	3	import Relico.LF.WellFormed	candidate
lf_generation	Relico/LF/StoreEvaluation.lean	12	Evaluate a generated LF expression in a finite state-variable store.	candidate
lf_generation	Relico/LF/StoreInitialization.lean	2	import Relico.LF.Initialization	candidate
lf_generation	Relico/LF/StoreInitialization.lean	3	import Relico.LF.StoreState	candidate
lf_generation	Relico/LF/StoreInitialization.lean	4	import Relico.LF.StoreSyntax	candidate
lf_generation	Relico/LF/StoreInitialization.lean	12	Construct the initial generated-LF finite store from reactor-state	candidate
lf_generation	Relico/LF/StoreInitialization.lean	28	The finite-store generated-LF runtime state at startup-reaction entry.	candidate
lf_generation	Relico/LF/StoreMachineSemantics.lean	1	import Relico.LF.StoreDispatchSemantics	candidate
lf_generation	Relico/LF/StoreMachineSemantics.lean	2	import Relico.LF.StoreSemantics	candidate
lf_generation	Relico/LF/StoreMachineSemantics.lean	10	Labels for the combined generated-LF store machine semantics.	candidate
lf_generation	Relico/LF/StoreMachineSemantics.lean	28	Combined one-step generated-LF semantics over a finite reactor-state	candidate
lf_generation	Relico/LF/StoreMachineTraceSemantics.lean	1	import Relico.LF.StoreMachineSemantics	candidate
lf_generation	Relico/LF/StoreMachineTraceSemantics.lean	9	A finite execution of the combined generated-LF store machine.	candidate
lf_generation	Relico/LF/StoreModelWellFormed.lean	1	import Relico.LF.StoreSyntax	candidate
lf_generation	Relico/LF/StoreModelWellFormed.lean	2	import Relico.LF.StoreWellFormed	candidate
lf_generation	Relico/LF/StoreModelWellFormed.lean	11	Structural validity of a generated finite-store LF reactor.	candidate
lf_generation	Relico/LF/StoreModelWellFormed.lean	72	Structural validity of a complete generated finite-store LF program.	candidate
lf_generation	Relico/LF/StoreSemantics.lean	1	import Relico.LF.Semantics	candidate
lf_generation	Relico/LF/StoreSemantics.lean	2	import Relico.LF.StoreEvaluation	candidate
lf_generation	Relico/LF/StoreSemantics.lean	3	import Relico.LF.StoreState	candidate
lf_generation	Relico/LF/StoreSemantics.lean	11	Small-step generated-LF semantics over a finite reactor-state store.	candidate
lf_generation	Relico/LF/StoreSemantics.lean	143	Every generated-LF store step preserves coverage of the declared	candidate
lf_generation	Relico/LF/StoreState.lean	2	import Relico.LF.State	candidate
lf_generation	Relico/LF/StoreState.lean	10	Store-backed runtime state for the generated LF subset.	candidate
lf_generation	Relico/LF/StoreSyntax.lean	1	import Relico.LF.Syntax	candidate
lf_generation	Relico/LF/StoreSyntax.lean	9	One generated LF reactor-state declaration together with its initial	candidate
lf_generation	Relico/LF/StoreSyntax.lean	32	A generated LF reactor containing an arbitrary finite list of state	candidate
lf_generation	Relico/LF/StoreSyntax.lean	54	A complete generated LF program using finite reactor-state	candidate
lf_generation	Relico/LF/StoreTrace.lean	1	import Relico.LF.StoreSemantics	candidate
lf_generation	Relico/LF/StoreTrace.lean	2	import Relico.LF.StoreWellFormed	candidate
lf_generation	Relico/LF/StoreTrace.lean	10	A finite execution of the generated-LF store statement semantics.	candidate
lf_generation	Relico/LF/StoreWellFormed.lean	2	import Relico.LF.StoreEvaluation	candidate
lf_generation	Relico/LF/StoreWellFormed.lean	3	import Relico.LF.WellFormed	candidate
lf_generation	Relico/LF/StoreWellFormed.lean	13	A generated LF expression is well formed for a declaration list when	candidate
lf_generation	Relico/LF/StoreWellFormed.lean	47	A well-formed generated LF expression evaluates successfully in every	candidate
lf_generation	Relico/LF/StoreWellFormed.lean	105	A generated LF statement is well formed for multiple reactor-state	candidate
lf_generation	Relico/LF/Syntax.lean	11	Expressions supported by the generated LF subset in vertical slice v0.	candidate
lf_generation	Relico/LF/Syntax.lean	19	Statements supported inside generated LF reactions.	candidate
lf_generation	Relico/LF/Syntax.lean	38	Triggers supported by the generated LF subset.	candidate
lf_generation	Relico/LF/Syntax.lean	46	A reaction in the generated LF subset.	candidate
lf_generation	Relico/LF/Syntax.lean	77	A complete generated LF program in vertical slice v0.	candidate
lf_generation	Relico/LF/TraceSemantics.lean	1	import Relico.LF.Semantics	candidate
lf_generation	Relico/LF/TraceSemantics.lean	9	A finite sequence of generated-LF statement-level transitions.	candidate
lf_generation	Relico/LF/WellFormed.lean	1	import Relico.LF.Syntax	candidate
lf_generation	Relico/LF/WellFormed.lean	65	Structural well-formedness of a reactor in the generated LF subset.	candidate
lf_generation	Relico/LF/WellFormed.lean	107	Structural well-formedness of a complete generated LF program.	candidate
lf_generation	Relico/Tests/BoundPayloadDispatch.lean	3	import Relico.LF.BoundPayloadDispatch	candidate
lf_generation	Relico/Tests/DetailedBoundPayloadSemantics.lean	2	import Relico.LF.DetailedBoundPayloadSemantics	candidate
lf_generation	Relico/Tests/DetailedMultiStorePayloadSemantics.lean	2	import Relico.LF.DetailedMultiStorePayloadSemantics	candidate
lf_generation	Relico/Tests/DetailedMultiStorePayloadWeakSemantics.lean	2	import Relico.LF.DetailedMultiStorePayloadWeakSemantics	candidate
lf_generation	Relico/Tests/DirectLFBackwardDispatchRuntime.lean	10	Every ordinary generated-LF dispatch reconstructs an ordinary DTR dispatch	candidate
lf_generation	Relico/Tests/DirectLFDispatchSelection.lean	61	A concrete generated-LF occurrence selected for dispatch determines a	candidate
lf_generation	Relico/Tests/DirectLFForwardDispatchRuntime.lean	11	generated-LF dispatch of the corresponding compiled reaction.	candidate
lf_generation	Relico/Tests/DirectLFStatementBackward.lean	10	Every ordinary generated-LF multiple-message-server statement step can be	candidate
lf_generation	Relico/Tests/DirectLFStatementForward.lean	32	ordinary generated-LF statement step.	candidate
lf_generation	Relico/Tests/DispatchCorrectness.lean	10	def generatedLFDispatchTarget :	candidate
lf_generation	Relico/Tests/DispatchCorrectness.lean	17	theorem generatedLFDispatchStep :	candidate
lf_generation	Relico/Tests/DispatchCorrectness.lean	22	generatedLFDispatchTarget := by	candidate
lf_generation	Relico/Tests/DispatchCorrectness.lean	26	generatedLFDispatchTarget,	candidate
lf_generation	Relico/Tests/DispatchCorrectness.lean	167	generatedLFDispatchTarget := by	candidate
lf_generation	Relico/Tests/DispatchCorrectness.lean	171	generatedLFDispatchStep	candidate
lf_generation	Relico/Tests/DispatchSemantics.lean	2	import Relico.LF.DispatchSemantics	candidate
lf_generation	Relico/Tests/GlobalMultiStorePayloadInitialization.lean	266	_root_.Relico.LF.GlobalMultiStorePayloadInitialization.initializeGlobalMultiStorePayloadState	candidate
lf_generation	Relico/Tests/GlobalMultiStorePayloadInitialization.lean	270	(_root_.Relico.LF.GlobalMultiStorePayloadInitialization.startupStateFromEntries	candidate
lf_generation	Relico/Tests/GlobalMultiStorePayloadInitialization.lean	275	_root_.Relico.LF.GlobalMultiStorePayloadInitialization.initializeGlobalMultiStorePayloadState	candidate
lf_generation	Relico/Tests/GlobalMultiStorePayloadInitialization.lean	279	(_root_.Relico.LF.GlobalMultiStorePayloadInitialization.startupStateFromEntries	candidate
lf_generation	Relico/Tests/GlobalMultiStorePayloadInitialization.lean	284	_root_.Relico.LF.GlobalMultiStorePayloadInitialization.initializeGlobalMultiStorePayloadState	candidate
lf_generation	Relico/Tests/GlobalMultiStorePayloadInitialization.lean	288	(_root_.Relico.LF.GlobalMultiStorePayloadInitialization.startupStateFromEntries	candidate
lf_generation	Relico/Tests/GlobalMultiStorePayloadInitialization.lean	307	_root_.Relico.LF.GlobalMultiStorePayloadInitialization.initializeGlobalMultiStorePayloadState	candidate
lf_generation	Relico/Tests/GlobalMultiStorePayloadInitialization.lean	337	(_root_.Relico.LF.GlobalMultiStorePayloadInitialization.startupStateFromEntries	candidate
lf_generation	Relico/Tests/GlobalMultiStorePayloadInitialization.lean	348	(_root_.Relico.LF.GlobalMultiStorePayloadInitialization.startupStateFromEntries	candidate
lf_generation	Relico/Tests/GlobalMultiStorePayloadInitialization.lean	369	(_root_.Relico.LF.GlobalMultiStorePayloadInitialization.startupStateFromEntries	candidate
lf_generation	Relico/Tests/GlobalMultiStorePayloadInitialization.lean	384	(_root_.Relico.LF.GlobalMultiStorePayloadInitialization.startupStateFromEntries	candidate
lf_generation	Relico/Tests/GlobalMultiStorePayloadInitialization.lean	402	(_root_.Relico.LF.GlobalMultiStorePayloadInitialization.startupStateFromEntries	candidate
lf_generation	Relico/Tests/GlobalMultiStorePayloadInitialization.lean	419	(_root_.Relico.LF.GlobalMultiStorePayloadInitialization.startupStateFromEntries	candidate
lf_generation	Relico/Tests/GlobalMultiStorePayloadInitialization.lean	436	(_root_.Relico.LF.GlobalMultiStorePayloadInitialization.startupStateFromEntries	candidate
lf_generation	Relico/Tests/GlobalMultiStorePayloadInitialization.lean	446	theorem translated_two_actor_model_wellFormed :	candidate
lf_generation	Relico/Tests/GlobalMultiStorePayloadOneStep.lean	2	import Relico.LF.GlobalMultiStorePayloadOneStep	candidate
lf_generation	Relico/Tests/LFPendingNotPast.lean	1	import Relico.LF.PendingNotPast	candidate
lf_generation	Relico/Tests/MachineCorrectness.lean	93	theorem generatedLFDispatchMachineStep :	candidate
lf_generation	Relico/Tests/MachineCorrectness.lean	99	generatedLFDispatchTarget := by	candidate
lf_generation	Relico/Tests/MachineCorrectness.lean	103	generatedLFDispatchStep	candidate
lf_generation	Relico/Tests/MachineCorrectness.lean	118	generatedLFDispatchTarget := by	candidate
lf_generation	Relico/Tests/MachineCorrectness.lean	122	generatedLFDispatchMachineStep	candidate
lf_generation	Relico/Tests/MachineSemantics.lean	2	import Relico.LF.MachineSemantics	candidate
lf_generation	Relico/Tests/MachineTrace.lean	60	generatedLFDispatchTarget := by	candidate
lf_generation	Relico/Tests/MachineTrace.lean	64	generatedLFDispatchMachineStep	candidate
lf_generation	Relico/Tests/MachineTrace.lean	66	generatedLFDispatchTarget)	candidate
lf_generation	Relico/Tests/MachineTrace.lean	83	generatedLFDispatchTarget ∧	candidate
lf_generation	Relico/Tests/MultiStoreMachine.lean	30	The compiled schedule is the corresponding generated-LF machine	candidate
lf_generation	Relico/Tests/MultiStoreModelTranslation.lean	327	theorem twoMessage_translated_program_wellFormed :	candidate
lf_generation	Relico/Tests/MultiStorePayloadCppBackend.lean	10	The public payload backend exposes the exact translated LF program to	candidate
lf_generation	Relico/Tests/MultiStorePayloadCppPrinter.lean	1	import Relico.LF.MultiStorePayloadCppPrinter	candidate
lf_generation	Relico/Tests/MultiStorePayloadDetailedStartupCompletion.lean	8	#check Relico.LF.MultiStorePayloadState.StartupBodyComplete	candidate
lf_generation	Relico/Tests/MultiStorePayloadDetailedStartupCompletion.lean	9	#check Relico.LF.DetailedMultiStorePayloadState.StartupBodyComplete	candidate
lf_generation	Relico/Tests/MultiStorePayloadDetailedStartupEntry.lean	8	#check Relico.LF.startupLFMultiStorePayloadState	candidate
lf_generation	Relico/Tests/MultiStorePayloadDetailedStartupEntry.lean	9	#check Relico.LF.startupDetailedLFMultiStorePayloadState	candidate
lf_generation	Relico/Tests/MultiStorePayloadDispatch.lean	2	import Relico.LF.MultiStorePayloadDispatch	candidate
lf_generation	Relico/Tests/MultiStorePayloadDispatch.lean	476	Generated LF dispatch removes the corresponding action occurrence and	candidate
lf_generation	Relico/Tests/PayloadStatementTranslation.lean	1	import Relico.LF.PayloadCppPrinter	candidate
lf_generation	Relico/Tests/PriorityDispatchScheduling.lean	2	import Relico.LF.MultiStoreReactionScheduling	candidate
lf_generation	Relico/Tests/Scheduling.lean	2	import Relico.LF.Scheduling	candidate
lf_generation	Relico/Tests/SmallStep.lean	2	import Relico.LF.Semantics	candidate
lf_generation	Relico/Tests/StoreMachine.lean	34	The compiled cross-variable assignment is the matching generated-LF	candidate
lf_generation	Relico/Tests/StoreMachine.lean	100	from the generated LF machine step.	candidate
lf_generation	Relico/Tests/StoreMachine.lean	218	the generated LF machine step.	candidate
lf_generation	Relico/Tests/StoreMachineTrace.lean	180	the generated LF dispatch trace.	candidate
lf_generation	Relico/Tests/StoreModelTranslation.lean	225	generated LF reaction body.	candidate
lf_generation	Relico/Tests/StoreModelTranslation.lean	250	theorem twoState_translated_program_wellFormed :	candidate
lf_generation	Relico/Tests/StoreSemantics.lean	2	import Relico.LF.StoreSemantics	candidate
lf_generation	Relico/Tests/StoreSemantics.lean	157	A generated-LF assignment may read one declared reactor state variable	candidate
lf_generation	Relico/Tests/StoreState.lean	2	import Relico.LF.StoreState	candidate
lf_generation	Relico/Tests/StructuralCorrectness.lean	9	theorem validModel_generatedProgram_wellFormed :	candidate
lf_generation	Relico/Tests/ZeroDelayPriorityMismatch.lean	4	import Relico.LF.MultiStoreSemantics	candidate
lf_generation	Relico/Translation/Basic.lean	2	import Relico.LF.Syntax	candidate
lf_generation	Relico/Translation/BoundPayloadBasic.lean	2	import Relico.LF.BoundPayloadSyntax	candidate
lf_generation	Relico/Translation/CppBackend.lean	1	import Relico.LF.CppPrinter	candidate
lf_generation	Relico/Translation/GlobalMultiStorePayloadBasic.lean	2	import Relico.LF.GlobalMultiStorePayload	candidate
lf_generation	Relico/Translation/GlobalMultiStorePayloadExternalSend.lean	2	import Relico.LF.GlobalMultiStorePayloadExternalSend	candidate
lf_generation	Relico/Translation/GlobalMultiStorePayloadExternalSendFrame.lean	2	import Relico.LF.GlobalMultiStorePayloadExternalSendFrame	candidate
lf_generation	Relico/Translation/GlobalMultiStorePayloadExternalSendStatement.lean	2	import Relico.LF.GlobalMultiStorePayloadExternalSendStatement	candidate
lf_generation	Relico/Translation/MultiStoreBasic.lean	3	import Relico.LF.MultiStoreSyntax	candidate
lf_generation	Relico/Translation/MultiStoreBasic.lean	54	Generate one LF logical-action name for each source message server in	candidate
lf_generation	Relico/Translation/MultiStoreBasic.lean	68	Generate one LF reaction for each source message server in the same	candidate
lf_generation	Relico/Translation/MultiStoreCppBackend.lean	2	import Relico.LF.MultiStoreCppPrinter	candidate
lf_generation	Relico/Translation/MultiStoreCppBackend.lean	28	changing the translated LF AST.	candidate
lf_generation	Relico/Translation/MultiStorePayloadBasic.lean	2	import Relico.LF.MultiStorePayloadSyntax	candidate
lf_generation	Relico/Translation/MultiStorePayloadCppBackend.lean	1	import Relico.LF.MultiStorePayloadCppPrinter	candidate
lf_generation	Relico/Translation/PayloadBasic.lean	2	import Relico.LF.PayloadSyntax	candidate
lf_generation	Relico/Translation/PayloadBinding.lean	2	import Relico.LF.PayloadExpression	candidate
lf_generation	Relico/Translation/PayloadBinding.lean	12	generated-LF payload-aware expression.	candidate
lf_generation	Relico/Translation/StoreBasic.lean	2	import Relico.LF.StoreSyntax	candidate
lf_generation	Relico/Translation/StoreCppBackend.lean	1	import Relico.LF.StoreCppPrinter	candidate
lf_generation	frontend/check-multistore-payload-backend.sh	31	"POSITIVE_LF=""$POSITIVE_DIRECTORY/src/PayloadSingle.lf"""	candidate
lf_generation	frontend/check-multistore-payload-backend.sh	32	"SCOPE_LF=""$SCOPE_DIRECTORY/src/PayloadScope.lf"""	candidate
lf_generation	frontend/check-multistore-payload-backend.sh	280	command -v lfc >/dev/null	candidate
lf_generation	frontend/check-multistore-payload-backend.sh	284	lfc src/PayloadSingle.lf	candidate
lf_generation	frontend/check-multistore-payload-backend.sh	316	lfc src/PayloadScope.lf	candidate
lf_generation	frontend/check-multistore-payload-backend.sh	324	"echo ""Generated positive LF: $POSITIVE_LF"""	candidate
lf_generation	frontend/check-multistore-payload-backend.sh	327	"echo ""Generated scope LF: $SCOPE_LF"""	candidate
lf_generation	frontend/java-bridge/check-multistore.sh	21	"GENERATED_LF=""$RUNTIME_DIRECTORY/src/MultiStorePriority.lf"""	candidate
lf_generation	frontend/java-bridge/check-multistore.sh	82	lake build Relico.LF.MultiStoreCppPrinter	candidate
lf_generation	frontend/java-bridge/check-multistore.sh	92	"""$GENERATED_LF"""	candidate
lf_generation	frontend/java-bridge/check-multistore.sh	118	"python3 - ""$GENERATED_LF"" <<'PY'"	candidate
lf_generation	frontend/java-bridge/check-multistore.sh	135	"f""Generated LF source is missing: {fragment}"""	candidate
lf_generation	frontend/java-bridge/check-multistore.sh	204	command -v lfc >/dev/null	candidate
lf_generation	frontend/java-bridge/check-multistore.sh	208	lfc src/MultiStorePriority.lf	candidate
lf_generation	frontend/java-bridge/check-multistore.sh	236	"echo ""Generated LF: $GENERATED_LF"""	candidate
lf_generation	frontend/java-bridge/check-store.sh	19	"GENERATED_LF=""$GENERATED_DIRECTORY/StoreProgram.lf"""	candidate
lf_generation	frontend/java-bridge/check-store.sh	21	"LFC_DIRECTORY=""$REPOSITORY_ROOT/.lake/lfc-store-check"""	candidate
lf_generation	frontend/java-bridge/check-store.sh	89	"""$GENERATED_LF"""	candidate
lf_generation	frontend/java-bridge/check-store.sh	91	"grep -qF ""target Cpp"" ""$GENERATED_LF"""	candidate
lf_generation	frontend/java-bridge/check-store.sh	92	"grep -qF ""reactor TwoStateController"" ""$GENERATED_LF"""	candidate
lf_generation	frontend/java-bridge/check-store.sh	93	"grep -qF ""state x: int = 0"" ""$GENERATED_LF"""	candidate
lf_generation	frontend/java-bridge/check-store.sh	94	"grep -qF ""state y: int = 0"" ""$GENERATED_LF"""	candidate
lf_generation	frontend/java-bridge/check-store.sh	95	"grep -qF ""x = 1;"" ""$GENERATED_LF"""	candidate
lf_generation	frontend/java-bridge/check-store.sh	96	"grep -qF ""y = 2;"" ""$GENERATED_LF"""	candidate
lf_generation	frontend/java-bridge/check-store.sh	97	"grep -qF ""y = x;"" ""$GENERATED_LF"""	candidate
lf_generation	frontend/java-bridge/check-store.sh	98	"grep -qF ""tick_action.schedule(1ms);"" ""$GENERATED_LF"""	candidate
lf_generation	frontend/java-bridge/check-store.sh	100	command -v lfc >/dev/null	candidate
lf_generation	frontend/java-bridge/check-store.sh	103	"""$GENERATED_LF"" \"	candidate
lf_generation	frontend/java-bridge/check-store.sh	104	"""$LFC_DIRECTORY/src/StoreProgram.lf"""	candidate
lf_generation	frontend/java-bridge/check-store.sh	108	lfc src/StoreProgram.lf	candidate
lf_generation	frontend/java-bridge/check-store.sh	111	"GENERATED_EXECUTABLE=""$LFC_DIRECTORY/bin/StoreProgram"""	candidate
lf_generation	frontend/java-bridge/check-store.sh	137	"echo ""Generated LF: $GENERATED_LF"""	candidate
lf_generation	frontend/java-bridge/check-v0-runtime.sh	16	"GENERATED_LF=""$GENERATED_DIRECTORY/V0Once.lf"""	candidate
lf_generation	frontend/java-bridge/check-v0-runtime.sh	17	"LFC_DIRECTORY=""$REPOSITORY_ROOT/.lake/lfc-runtime-check"""	candidate
lf_generation	frontend/java-bridge/check-v0-runtime.sh	21	"rm -rf ""$GENERATED_DIRECTORY"" ""$LFC_DIRECTORY"""	candidate
lf_generation	frontend/java-bridge/check-v0-runtime.sh	22	"mkdir -p ""$GENERATED_DIRECTORY"" ""$LFC_DIRECTORY/src"""	candidate
lf_generation	frontend/java-bridge/check-v0-runtime.sh	30	"lake env lean --run Relico/Frontend/BridgeCheck.lean ""$GENERATED_JSON"" ""$GENERATED_LF"""	candidate
lf_generation	frontend/java-bridge/check-v0-runtime.sh	32	"grep -qF ""target Cpp"" ""$GENERATED_LF"""	candidate
lf_generation	frontend/java-bridge/check-v0-runtime.sh	33	"grep -qF ""reactor OnceController"" ""$GENERATED_LF"""	candidate
lf_generation	frontend/java-bridge/check-v0-runtime.sh	34	"grep -qF ""reaction(startup) -> tick_action"" ""$GENERATED_LF"""	candidate
lf_generation	frontend/java-bridge/check-v0-runtime.sh	35	"grep -qF ""reaction(tick_action) {="" ""$GENERATED_LF"""	candidate
lf_generation	frontend/java-bridge/check-v0-runtime.sh	36	"grep -qF ""x = 1;"" ""$GENERATED_LF"""	candidate
lf_generation	frontend/java-bridge/check-v0-runtime.sh	38	"if grep -qF ""reaction(tick_action) -> tick_action"" ""$GENERATED_LF""; then"	candidate
lf_generation	frontend/java-bridge/check-v0-runtime.sh	43	"cp ""$GENERATED_LF"" ""$LFC_DIRECTORY/src/V0Once.lf"""	candidate
lf_generation	frontend/java-bridge/check-v0-runtime.sh	47	lfc src/V0Once.lf	candidate
lf_generation	frontend/java-bridge/check-v0-runtime.sh	50	"GENERATED_EXECUTABLE=""$LFC_DIRECTORY/bin/V0Once"""	candidate
lf_generation	frontend/java-bridge/check-v0-runtime.sh	55	"echo ""Finite generated LF/C++ executable ran and terminated successfully."""	candidate
lf_generation	frontend/java-bridge/check-v0-runtime.sh	57	"echo ""Generated LF: $GENERATED_LF"""	candidate
lf_generation	frontend/java-bridge/check-v0.sh	17	"GENERATED_LF=""$GENERATED_DIRECTORY/V0Controller.lf"""	candidate
lf_generation	frontend/java-bridge/check-v0.sh	18	"LFC_DIRECTORY=""$REPOSITORY_ROOT/.lake/lfc-check"""	candidate
lf_generation	frontend/java-bridge/check-v0.sh	59	"""$GENERATED_LF"""	candidate
lf_generation	frontend/java-bridge/check-v0.sh	61	"grep -qF ""target Cpp"" ""$GENERATED_LF"""	candidate
lf_generation	frontend/java-bridge/check-v0.sh	62	"grep -qF ""reactor Controller"" ""$GENERATED_LF"""	candidate
lf_generation	frontend/java-bridge/check-v0.sh	63	"grep -qF ""reaction(startup) -> tick_action"" ""$GENERATED_LF"""	candidate
lf_generation	frontend/java-bridge/check-v0.sh	64	"grep -qF ""reaction(tick_action) -> tick_action"" ""$GENERATED_LF"""	candidate
lf_generation	frontend/java-bridge/check-v0.sh	65	"grep -qF ""tick_action.schedule(1ms);"" ""$GENERATED_LF"""	candidate
lf_generation	frontend/java-bridge/check-v0.sh	66	"grep -qF ""main reactor {"" ""$GENERATED_LF"""	candidate
lf_generation	frontend/java-bridge/check-v0.sh	68	command -v lfc >/dev/null	candidate
lf_generation	frontend/java-bridge/check-v0.sh	74	"""$GENERATED_LF"" \"	candidate
lf_generation	frontend/java-bridge/check-v0.sh	75	"""$LFC_DIRECTORY/src/V0Controller.lf"""	candidate
lf_generation	frontend/java-bridge/check-v0.sh	79	lfc src/V0Controller.lf	candidate
lf_generation	frontend/java-bridge/check-v0.sh	86	"echo ""Generated LF: $GENERATED_LF"""	candidate
lf_generation	frontend/java-bridge/check-v0.sh	87	"echo ""Generated C++ executable: $LFC_DIRECTORY/bin/V0Controller"""	candidate
lf_generation	frontend/lean-bridge/MultiStorePayloadCppBackendMain.lean	16	"""usage: MultiStorePayloadCppBackendMain <payload.json> <output.lf>"""	candidate
lf_generation	tests/benchmarks/README.md	47	- lfc compilation	candidate
lf_generation	tests/benchmarks/core--initialization--positive/README.md	17	8. official lfc compilation;	candidate
lf_generation	tests/benchmarks/core--initialization--positive/expected/lfc/result.json	3	"""compiler"": ""lfc 0.11.0"","	candidate
lf_generation	tests/benchmarks/core--initialization--positive/expected/translated-lf-ast/program.txt	5	trigger := Relico.LF.Trigger.startup,	candidate
lf_generation	tests/benchmarks/core--initialization--positive/expected/translated-lf-ast/program.txt	6	"body := [Relico.LF.Stmt.assign { value := ""x"" } (Relico.LF.Expr.intLiteral 0),"	candidate
lf_generation	tests/benchmarks/core--initialization--positive/expected/translated-lf-ast/program.txt	7	"Relico.LF.Stmt.schedule { value := ""tick_action"" } { value := 1 }] },"	candidate
lf_generation	tests/benchmarks/core--initialization--positive/expected/translated-lf-ast/program.txt	9	"trigger := Relico.LF.Trigger.logicalAction { value := ""tick_action"" },"	candidate
lf_generation	tests/benchmarks/core--initialization--positive/expected/translated-lf-ast/program.txt	10	body := [Relico.LF.Stmt.assign	candidate
lf_generation	tests/benchmarks/core--initialization--positive/expected/translated-lf-ast/program.txt	12	"(Relico.LF.Expr.stateVar { value := ""x"" }),"	candidate
lf_generation	tests/benchmarks/core--initialization--positive/expected/translated-lf-ast/program.txt	13	"Relico.LF.Stmt.schedule { value := ""tick_action"" } { value := 1 }] } },"	candidate
lf_generation	tests/benchmarks/core--initialization--positive/manifest.json	31	"""path"": ""translated-lf-ast/program.txt"","	candidate
lf_generation	tests/benchmarks/core--initialization--positive/manifest.json	36	"""path"": ""lf-source/V0Controller.lf"","	candidate
lf_generation	tests/benchmarks/core--initialization--positive/manifest.json	41	"""path"": ""lfc/result.json"","	candidate
lf_generation	tests/benchmarks/core--initialization--positive/manifest.json	156	"""translated-lf-ast"","	candidate
lf_generation	tests/benchmarks/core--initialization--positive/manifest.json	164	"""{actual}/translated-lf-ast/program.txt"""	candidate
lf_generation	tests/benchmarks/core--initialization--positive/manifest.json	166	"""name"": ""translated-lf-ast"","	candidate
lf_generation	tests/benchmarks/core--initialization--positive/manifest.json	183	"""{actual}/lf-source/V0Controller.lf"""	candidate
lf_generation	tests/benchmarks/core--initialization--positive/manifest.json	192	"""lfc"","	candidate
lf_generation	tests/benchmarks/core--initialization--positive/manifest.json	194	"""{actual}/lf-source/V0Controller.lf"","	candidate
lf_generation	tests/benchmarks/core--initialization--positive/manifest.json	196	"""{actual}/work/lfc"","	candidate
lf_generation	tests/benchmarks/core--initialization--positive/manifest.json	197	"""--lfc"","	candidate
lf_generation	tests/benchmarks/core--initialization--positive/manifest.json	198	"""/Users/ali/.local/share/lingua-franca/cli/bin/lfc"","	candidate
lf_generation	tests/benchmarks/core--initialization--positive/manifest.json	200	"""{actual}/lfc/result.json"""	candidate
lf_generation	tests/benchmarks/core--initialization--positive/manifest.json	202	"""name"": ""lfc"","	candidate
lf_generation	tests/benchmarks/core--initialization--positive/manifest.json	211	"""{actual}/work/lfc/bin/V0Controller"","	candidate
lf_generation	tests/benchmarks/registry/benchmarks.tsv	3	bound-payload--dispatch--positive bound-payload dispatch positive 8 99 source-plus-runtime-observation source,rmc,parser-json,decoded-dtr-ast,formal-witness,translated-lf-ast,lf-source,lfc,runtime yes tests/benchmarks/bound-payload--dispatch--positive/source/model.rebeca planned	candidate
lf_generation	tests/benchmarks/registry/benchmarks.tsv	4	bound-payload--finite-execution--positive bound-payload finite-execution positive 3 44 source-plus-runtime-observation source,rmc,parser-json,decoded-dtr-ast,formal-witness,translated-lf-ast,lf-source,lfc,runtime yes tests/benchmarks/bound-payload--finite-execution--positive/source/model.rebeca planned	candidate
lf_generation	tests/benchmarks/registry/benchmarks.tsv	5	bound-payload--initialization--positive bound-payload initialization positive 2 53 source-plus-runtime-observation source,rmc,parser-json,decoded-dtr-ast,formal-witness,translated-lf-ast,lf-source,lfc,runtime yes tests/benchmarks/bound-payload--initialization--positive/source/model.rebeca planned	candidate
lf_generation	tests/benchmarks/registry/benchmarks.tsv	6	bound-payload--payload-binding--positive bound-payload payload-binding positive 4 44 source-plus-formal-witness,source-plus-runtime-observation source,rmc,parser-json,decoded-dtr-ast,formal-witness,translated-lf-ast,lf-source,lfc,runtime yes tests/benchmarks/bound-payload--payload-binding--positive/source/model.rebeca planned	candidate
lf_generation	tests/benchmarks/registry/benchmarks.tsv	7	bound-payload--priority-selection--positive bound-payload priority-selection positive 1 20 source-plus-formal-witness source,rmc,parser-json,decoded-dtr-ast,formal-witness,translated-lf-ast,lf-source,lfc yes tests/benchmarks/bound-payload--priority-selection--positive/source/model.rebeca planned	candidate
lf_generation	tests/benchmarks/registry/benchmarks.tsv	8	core--dispatch--positive core dispatch positive 11 62 source-plus-runtime-observation source,rmc,parser-json,decoded-dtr-ast,formal-witness,translated-lf-ast,lf-source,lfc,runtime yes tests/benchmarks/core--dispatch--positive/source/model.rebeca planned	candidate
lf_generation	tests/benchmarks/registry/benchmarks.tsv	9	core--initialization--positive core initialization positive 5 36 direct-source-translation,source-plus-formal-witness,source-plus-runtime-observation source,rmc,parser-json,decoded-dtr-ast,formal-witness,translated-lf-ast,lf-source,lfc,runtime yes tests/benchmarks/core--initialization--positive/source/model.rebeca implemented	candidate
lf_generation	tests/benchmarks/registry/benchmarks.tsv	10	core--one-step-execution--positive core one-step-execution positive 1 4 source-plus-runtime-observation source,rmc,parser-json,decoded-dtr-ast,formal-witness,translated-lf-ast,lf-source,lfc,runtime yes tests/benchmarks/core--one-step-execution--positive/source/model.rebeca planned	candidate
lf_generation	tests/benchmarks/registry/benchmarks.tsv	11	core--priority-selection--positive core priority-selection positive 3 54 source-plus-formal-witness source,rmc,parser-json,decoded-dtr-ast,formal-witness,translated-lf-ast,lf-source,lfc yes tests/benchmarks/core--priority-selection--positive/source/model.rebeca planned	candidate
lf_generation	tests/benchmarks/registry/benchmarks.tsv	12	core--queue-correspondence--positive core queue-correspondence positive 3 23 source-plus-formal-witness source,rmc,parser-json,decoded-dtr-ast,formal-witness,translated-lf-ast,lf-source,lfc yes tests/benchmarks/core--queue-correspondence--positive/source/model.rebeca planned	candidate
lf_generation	tests/benchmarks/registry/benchmarks.tsv	13	core--runtime-semantics--positive core runtime-semantics positive 3 21 source-plus-runtime-observation source,rmc,parser-json,decoded-dtr-ast,formal-witness,translated-lf-ast,lf-source,lfc,runtime yes tests/benchmarks/core--runtime-semantics--positive/source/model.rebeca planned	candidate
lf_generation	tests/benchmarks/registry/benchmarks.tsv	14	core--trace-execution--positive core trace-execution positive 1 4 source-plus-runtime-observation source,rmc,parser-json,decoded-dtr-ast,formal-witness,translated-lf-ast,lf-source,lfc,runtime yes tests/benchmarks/core--trace-execution--positive/source/model.rebeca planned	candidate
lf_generation	tests/benchmarks/registry/benchmarks.tsv	15	core--weak-semantics--positive core weak-semantics positive 3 47 source-plus-runtime-observation source,rmc,parser-json,decoded-dtr-ast,formal-witness,translated-lf-ast,lf-source,lfc,runtime yes tests/benchmarks/core--weak-semantics--positive/source/model.rebeca planned	candidate
lf_generation	tests/benchmarks/registry/benchmarks.tsv	17	core--well-formedness--positive core well-formedness positive 3 7 source-plus-formal-witness source,rmc,parser-json,decoded-dtr-ast,formal-witness,translated-lf-ast,lf-source,lfc yes tests/benchmarks/core--well-formedness--positive/source/model.rebeca planned	candidate
lf_generation	tests/benchmarks/registry/benchmarks.tsv	18	finite-store--dispatch--positive finite-store dispatch positive 3 38 source-plus-runtime-observation source,rmc,parser-json,decoded-dtr-ast,formal-witness,translated-lf-ast,lf-source,lfc,runtime yes tests/benchmarks/finite-store--dispatch--positive/source/model.rebeca planned	candidate
lf_generation	tests/benchmarks/registry/benchmarks.tsv	20	finite-store--initialization--positive finite-store initialization positive 3 18 direct-source-translation,source-plus-runtime-observation source,rmc,parser-json,decoded-dtr-ast,formal-witness,translated-lf-ast,lf-source,lfc,runtime yes tests/benchmarks/finite-store--initialization--positive/source/model.rebeca planned	candidate
lf_generation	tests/benchmarks/registry/benchmarks.tsv	21	finite-store--priority-selection--positive finite-store priority-selection positive 1 9 source-plus-runtime-observation source,rmc,parser-json,decoded-dtr-ast,formal-witness,translated-lf-ast,lf-source,lfc,runtime yes tests/benchmarks/finite-store--priority-selection--positive/source/model.rebeca planned	candidate
lf_generation	tests/benchmarks/registry/benchmarks.tsv	22	finite-store--queue-correspondence--positive finite-store queue-correspondence positive 1 4 source-plus-runtime-observation source,rmc,parser-json,decoded-dtr-ast,formal-witness,translated-lf-ast,lf-source,lfc,runtime yes tests/benchmarks/finite-store--queue-correspondence--positive/source/model.rebeca planned	candidate
lf_generation	tests/benchmarks/registry/benchmarks.tsv	23	finite-store--runtime-semantics--positive finite-store runtime-semantics positive 6 45 shared-formal-metadata,source-plus-runtime-observation source,rmc,parser-json,decoded-dtr-ast,formal-witness,translated-lf-ast,lf-source,lfc,runtime,coverage-manifest,trust-report yes tests/benchmarks/finite-store--runtime-semantics--positive/source/model.rebeca planned	candidate
lf_generation	tests/benchmarks/registry/benchmarks.tsv	24	finite-store--trace-execution--positive finite-store trace-execution positive 1 4 source-plus-runtime-observation source,rmc,parser-json,decoded-dtr-ast,formal-witness,translated-lf-ast,lf-source,lfc,runtime yes tests/benchmarks/finite-store--trace-execution--positive/source/model.rebeca planned	candidate
lf_generation	tests/benchmarks/registry/benchmarks.tsv	25	finite-store--well-formedness--positive finite-store well-formedness positive 2 28 direct-source-translation,source-plus-formal-witness source,rmc,parser-json,decoded-dtr-ast,formal-witness,translated-lf-ast,lf-source,lfc yes tests/benchmarks/finite-store--well-formedness--positive/source/model.rebeca planned	candidate
lf_generation	tests/benchmarks/registry/benchmarks.tsv	27	global-multi-actor-payload--external-send--positive global-multi-actor-payload external-send positive 2 35 source-plus-formal-witness,source-plus-runtime-observation source,rmc,parser-json,decoded-dtr-ast,formal-witness,translated-lf-ast,lf-source,lfc,runtime yes tests/benchmarks/global-multi-actor-payload--external-send--positive/source/model.rebeca planned	candidate
lf_generation	tests/benchmarks/registry/benchmarks.tsv	29	global-multi-actor-payload--external-send-frame--positive global-multi-actor-payload external-send-frame positive 2 10 source-plus-runtime-observation source,rmc,parser-json,decoded-dtr-ast,formal-witness,translated-lf-ast,lf-source,lfc,runtime yes tests/benchmarks/global-multi-actor-payload--external-send-frame--positive/source/model.rebeca planned	candidate
lf_generation	tests/benchmarks/registry/benchmarks.tsv	31	global-multi-actor-payload--finite-execution--positive global-multi-actor-payload finite-execution positive 1 4 source-plus-runtime-observation source,rmc,parser-json,decoded-dtr-ast,formal-witness,translated-lf-ast,lf-source,lfc,runtime yes tests/benchmarks/global-multi-actor-payload--finite-execution--positive/source/model.rebeca planned	candidate
lf_generation	tests/benchmarks/registry/benchmarks.tsv	36	multi-store--dispatch--positive multi-store dispatch positive 15 110 direct-source-translation,source-plus-runtime-observation source,rmc,parser-json,decoded-dtr-ast,formal-witness,translated-lf-ast,lf-source,lfc,runtime yes tests/benchmarks/multi-store--dispatch--positive/source/model.rebeca planned	candidate
lf_generation	tests/benchmarks/registry/benchmarks.tsv	37	multi-store--finite-execution--positive multi-store finite-execution positive 4 29 source-plus-runtime-observation source,rmc,parser-json,decoded-dtr-ast,formal-witness,translated-lf-ast,lf-source,lfc,runtime yes tests/benchmarks/multi-store--finite-execution--positive/source/model.rebeca planned	candidate
lf_generation	tests/benchmarks/registry/benchmarks.tsv	38	multi-store--initialization--positive multi-store initialization positive 2 12 direct-source-translation,source-plus-runtime-observation source,rmc,parser-json,decoded-dtr-ast,formal-witness,translated-lf-ast,lf-source,lfc,runtime yes tests/benchmarks/multi-store--initialization--positive/source/model.rebeca planned	candidate
lf_generation	tests/benchmarks/registry/benchmarks.tsv	40	multi-store--priority-selection--positive multi-store priority-selection positive 5 35 direct-source-translation,source-plus-runtime-observation source,rmc,parser-json,decoded-dtr-ast,formal-witness,translated-lf-ast,lf-source,lfc,runtime yes tests/benchmarks/multi-store--priority-selection--positive/source/model.rebeca planned	candidate
lf_generation	tests/benchmarks/registry/benchmarks.tsv	41	multi-store--queue-correspondence--positive multi-store queue-correspondence positive 2 26 direct-source-translation,source-plus-formal-witness source,rmc,parser-json,decoded-dtr-ast,formal-witness,translated-lf-ast,lf-source,lfc yes tests/benchmarks/multi-store--queue-correspondence--positive/source/model.rebeca planned	candidate
lf_generation	tests/benchmarks/registry/benchmarks.tsv	42	multi-store--runtime-semantics--positive multi-store runtime-semantics positive 1 2 source-plus-runtime-observation source,rmc,parser-json,decoded-dtr-ast,formal-witness,translated-lf-ast,lf-source,lfc,runtime yes tests/benchmarks/multi-store--runtime-semantics--positive/source/model.rebeca planned	candidate
lf_generation	tests/benchmarks/registry/benchmarks.tsv	43	multi-store--weak-semantics--positive multi-store weak-semantics positive 5 37 source-plus-formal-witness,source-plus-runtime-observation source,rmc,parser-json,decoded-dtr-ast,formal-witness,translated-lf-ast,lf-source,lfc,runtime yes tests/benchmarks/multi-store--weak-semantics--positive/source/model.rebeca planned	candidate
lf_generation	tests/benchmarks/registry/benchmarks.tsv	44	multi-store--well-formedness--positive multi-store well-formedness positive 2 25 direct-source-translation,source-plus-formal-witness source,rmc,parser-json,decoded-dtr-ast,formal-witness,translated-lf-ast,lf-source,lfc yes tests/benchmarks/multi-store--well-formedness--positive/source/model.rebeca planned	candidate
lf_generation	tests/benchmarks/registry/benchmarks.tsv	46	multi-store-payload--dispatch--positive multi-store-payload dispatch positive 8 72 source-plus-runtime-observation source,rmc,parser-json,decoded-dtr-ast,formal-witness,translated-lf-ast,lf-source,lfc,runtime yes tests/benchmarks/multi-store-payload--dispatch--positive/source/model.rebeca planned	candidate
lf_generation	tests/benchmarks/registry/benchmarks.tsv	47	multi-store-payload--finite-execution--positive multi-store-payload finite-execution positive 2 49 source-plus-runtime-observation source,rmc,parser-json,decoded-dtr-ast,formal-witness,translated-lf-ast,lf-source,lfc,runtime yes tests/benchmarks/multi-store-payload--finite-execution--positive/source/model.rebeca planned	candidate
lf_generation	tests/benchmarks/registry/benchmarks.tsv	48	multi-store-payload--initialization--positive multi-store-payload initialization positive 5 90 direct-source-translation,source-plus-formal-witness,source-plus-runtime-observation source,rmc,parser-json,decoded-dtr-ast,formal-witness,translated-lf-ast,lf-source,lfc,runtime yes tests/benchmarks/multi-store-payload--initialization--positive/source/model.rebeca planned	candidate
lf_generation	tests/benchmarks/registry/benchmarks.tsv	50	multi-store-payload--payload-binding--positive multi-store-payload payload-binding positive 5 62 source-plus-runtime-observation source,rmc,parser-json,decoded-dtr-ast,formal-witness,translated-lf-ast,lf-source,lfc,runtime yes tests/benchmarks/multi-store-payload--payload-binding--positive/source/model.rebeca planned	candidate
lf_generation	tests/benchmarks/registry/benchmarks.tsv	52	multi-store-payload--priority-selection--positive multi-store-payload priority-selection positive 3 23 source-capability,source-plus-formal-witness,source-plus-runtime-observation source,rmc,parser-json,decoded-dtr-ast,formal-witness,translated-lf-ast,lf-source,lfc,runtime yes tests/benchmarks/multi-store-payload--priority-selection--positive/source/model.rebeca planned	candidate
lf_generation	tests/benchmarks/registry/benchmarks.tsv	53	payload--dispatch--positive payload dispatch positive 3 46 source-plus-runtime-observation source,rmc,parser-json,decoded-dtr-ast,formal-witness,translated-lf-ast,lf-source,lfc,runtime yes tests/benchmarks/payload--dispatch--positive/source/model.rebeca planned	candidate
lf_generation	tests/benchmarks/registry/benchmarks.tsv	54	payload--finite-execution--positive payload finite-execution positive 1 9 source-plus-runtime-observation source,rmc,parser-json,decoded-dtr-ast,formal-witness,translated-lf-ast,lf-source,lfc,runtime yes tests/benchmarks/payload--finite-execution--positive/source/model.rebeca planned	candidate
lf_generation	tests/benchmarks/registry/benchmarks.tsv	55	payload--initialization--positive payload initialization positive 1 12 direct-source-translation source,rmc,parser-json,decoded-dtr-ast,translated-lf-ast,lf-source,lfc yes tests/benchmarks/payload--initialization--positive/source/model.rebeca planned	candidate
lf_generation	tests/benchmarks/registry/benchmarks.tsv	57	payload--payload-binding--positive payload payload-binding positive 3 39 direct-source-translation,source-plus-runtime-observation source,rmc,parser-json,decoded-dtr-ast,formal-witness,translated-lf-ast,lf-source,lfc,runtime yes tests/benchmarks/payload--payload-binding--positive/source/model.rebeca planned	candidate
lf_generation	tests/benchmarks/registry/benchmarks.tsv	58	payload--priority-selection--positive payload priority-selection positive 2 28 source-plus-formal-witness source,rmc,parser-json,decoded-dtr-ast,formal-witness,translated-lf-ast,lf-source,lfc yes tests/benchmarks/payload--priority-selection--positive/source/model.rebeca planned	candidate
lf_generation	tests/benchmarks/registry/legacy-script-migration.tsv	2	frontend/java-bridge/check-v0.sh core--initialization--positive parser JSON equality; LF startup and logical-action structure; lfc compilation planned replacement benchmark implemented and passing; README references replaced; zero tracked callers	candidate
lf_generation	tests/benchmarks/registry/legacy-script-migration.tsv	4	frontend/java-bridge/check-store.sh finite-store--runtime-semantics--positive two-variable lookup and update behavior; generated LF; lfc compilation; native runtime planned replacement benchmark implemented and passing; README references replaced; zero tracked callers	candidate
lf_generation	tests/benchmarks/registry/legacy-script-migration.tsv	5	frontend/java-bridge/check-multistore.sh multi-store--priority-selection--positive message-server priority ordering; equal-delay scheduling; generated LF; native runtime planned replacement benchmark implemented and passing; README references replaced; zero tracked callers	candidate
lf_generation	tests/benchmarks/registry/legacy-script-migration.tsv	7	frontend/check-multistore-payload-backend.sh multi-store-payload--payload-binding--positive payload-before-delay ordering; reaction-local parameter scope; generated LF; lfc and runtime planned replacement benchmark implemented and passing; README references replaced; zero tracked callers	candidate
lf_generation	tests/benchmarks/registry/obligations.tsv	664	DispatchCorrectness:0001 Relico/Tests/DispatchCorrectness.lean 9 def generatedLFDispatchTarget test_fixture_or_helper test-dispatch-correctness core--dispatch--positive source-capability accepted	candidate
lf_generation	tests/benchmarks/registry/obligations.tsv	665	DispatchCorrectness:0002 Relico/Tests/DispatchCorrectness.lean 16 theorem generatedLFDispatchStep proof_obligation test-dispatch-correctness core--dispatch--positive source-capability accepted	candidate
lf_generation	tests/benchmarks/registry/obligations.tsv	950	GlobalMultiStorePayloadInitialization:0047 Relico/Tests/GlobalMultiStorePayloadInitialization.lean 445 theorem translated_two_actor_model_wellFormed proof_obligation test-global-multi-store-payload-initialization global-multi-actor-payload--initialization--negative source-capability accepted	candidate
lf_generation	tests/benchmarks/registry/obligations.tsv	995	MachineCorrectness:0005 Relico/Tests/MachineCorrectness.lean 92 theorem generatedLFDispatchMachineStep proof_obligation test-machine-correctness core--dispatch--positive source-capability accepted	candidate
lf_generation	tests/benchmarks/registry/obligations.tsv	1135	MultiStoreModelTranslation:0016 Relico/Tests/MultiStoreModelTranslation.lean 326 theorem twoMessage_translated_program_wellFormed proof_obligation test-multi-store-model-translation multi-store--well-formedness--positive source-capability accepted	candidate
lf_generation	tests/benchmarks/registry/obligations.tsv	1320	MultiStorePayloadDetailedStartupCompletion:0003 Relico/Tests/MultiStorePayloadDetailedStartupCompletion.lean 7 #check #check Relico.LF.MultiStorePayloadState.StartupBodyComplete type_or_api_check test-multi-store-payload-detailed-startup-completion multi-store-payload--initialization--positive source-capability accepted	candidate
lf_generation	tests/benchmarks/registry/obligations.tsv	1321	MultiStorePayloadDetailedStartupCompletion:0004 Relico/Tests/MultiStorePayloadDetailedStartupCompletion.lean 9 #check #check Relico.LF.DetailedMultiStorePayloadState.StartupBodyComplete type_or_api_check test-multi-store-payload-detailed-startup-completion multi-store-payload--initialization--positive source-capability accepted	candidate
lf_generation	tests/benchmarks/registry/obligations.tsv	1342	MultiStorePayloadDetailedStartupEntry:0003 Relico/Tests/MultiStorePayloadDetailedStartupEntry.lean 7 #check #check Relico.LF.startupLFMultiStorePayloadState type_or_api_check test-multi-store-payload-detailed-startup-entry multi-store-payload--initialization--positive source-capability accepted	candidate
lf_generation	tests/benchmarks/registry/obligations.tsv	1343	MultiStorePayloadDetailedStartupEntry:0004 Relico/Tests/MultiStorePayloadDetailedStartupEntry.lean 9 #check #check Relico.LF.startupDetailedLFMultiStorePayloadState type_or_api_check test-multi-store-payload-detailed-startup-entry multi-store-payload--initialization--positive source-capability accepted	candidate
lf_generation	tests/benchmarks/registry/obligations.tsv	1840	StoreModelTranslation:0018 Relico/Tests/StoreModelTranslation.lean 249 theorem twoState_translated_program_wellFormed proof_obligation test-store-model-translation finite-store--well-formedness--positive source-capability accepted	candidate
lf_generation	tests/benchmarks/registry/obligations.tsv	1876	StructuralCorrectness:0001 Relico/Tests/StructuralCorrectness.lean 8 theorem validModel_generatedProgram_wellFormed proof_obligation test-structural-correctness core--well-formedness--positive source-capability accepted	candidate
parser_bridge	Relico/Benchmark/ArtifactExporter.lean	62	"IO.eprintln ""usage: ArtifactExporter <decoded-dtr-ast|translated-lf-ast|lf-source> <input.json> <output>"""	candidate
parser_bridge	Relico/Frontend/BridgeCheck.lean	41	"s!""Decoded parser output and wrote LF/C++ source: {lfPath}"""	candidate
parser_bridge	Relico/Frontend/Decoder.lean	12	Failures that may occur while decoding or validating parser-bridge	candidate
parser_bridge	Relico/Frontend/Decoder.lean	198	Validate and decode the stable parser-bridge representation into the	candidate
parser_bridge	Relico/Frontend/MultiStoreDecoder.lean	178	The decoded message-server list preserves parser declaration order.	candidate
parser_bridge	Relico/Frontend/MultiStorePayloadBridgeCheck.lean	10	Decode parser output into the canonical DTR payload model and enter the	candidate
parser_bridge	Relico/Frontend/MultiStorePayloadSchema.lean	11	Version of the parser-independent interchange format for the current	candidate
parser_bridge	Relico/Frontend/MultiStorePayloadSchema.lean	24	Parser-independent payload-expression representation.	candidate
parser_bridge	Relico/Frontend/MultiStorePayloadSchema.lean	47	Parser-independent payload-statement representation.	candidate
parser_bridge	Relico/Frontend/MultiStorePayloadSchema.lean	110	Stable parser-independent representation of the current local payload model.	candidate
parser_bridge	Relico/Frontend/MultiStoreSchema.lean	18	Parser-independent representation of one message-server declaration.	candidate
parser_bridge	Relico/Frontend/MultiStoreSchema.lean	36	Parser-independent representation of the current one-class,	candidate
parser_bridge	Relico/Frontend/Schema.lean	11	Version of the parser-independent interchange format used by the	candidate
parser_bridge	Relico/Frontend/Schema.lean	18	Parser-independent expression representation for vertical slice v0.	candidate
parser_bridge	Relico/Frontend/Schema.lean	32	Parser-independent statement representation for vertical slice v0.	candidate
parser_bridge	Relico/Frontend/Schema.lean	48	Stable parser-bridge representation for the current DTR fragment.	candidate
parser_bridge	Relico/Frontend/Schema.lean	52	on parser implementation details.	candidate
parser_bridge	Relico/Tests/MultiStorePayloadFrontend.lean	163	"""/payload-single.parser.json"")"	candidate
parser_bridge	frontend/check-multistore-payload-backend.sh	18	"POSITIVE_EXPECTED=""$REPOSITORY_ROOT/frontend/fixtures/multi-store-payload/payload-single.parser.json"""	candidate
parser_bridge	frontend/check-multistore-payload-backend.sh	21	"SCOPE_EXPECTED=""$REPOSITORY_ROOT/frontend/fixtures/multi-store-payload/payload-scope.parser.json"""	candidate
parser_bridge	frontend/check-multistore-payload-backend.sh	28	"POSITIVE_JSON=""$POSITIVE_DIRECTORY/payload-single.parser.json"""	candidate
parser_bridge	frontend/check-multistore-payload-backend.sh	29	"SCOPE_JSON=""$SCOPE_DIRECTORY/payload-scope.parser.json"""	candidate
parser_bridge	frontend/check-multistore-payload-backend.sh	45	"""$REPOSITORY_ROOT/frontend/java-bridge/run-multistore-payload-from-zip.sh"" \"	candidate
parser_bridge	frontend/check-multistore-payload-backend.sh	50	"""$REPOSITORY_ROOT/frontend/java-bridge/run-multistore-payload-from-zip.sh"" \"	candidate
parser_bridge	frontend/check-multistore-payload-backend.sh	94	"""Parser-generated single-payload JSON differs from the checked fixture."""	candidate
parser_bridge	frontend/check-multistore-payload-backend.sh	100	"""Parser-generated scope JSON differs from the checked fixture."""	candidate
parser_bridge	frontend/check-multistore-payload-frontend.sh	14	"RUNNER=""$REPO/frontend/java-bridge/run-multistore-payload-from-zip.sh"""	candidate
parser_bridge	frontend/check-multistore-payload-frontend.sh	29	"GENERATED_JSON=""$TEMP_DIRECTORY/payload-single.parser.json"""	candidate
parser_bridge	frontend/check-multistore-payload-frontend.sh	41	"""$FIXTURE_DIRECTORY/payload-single.parser.json"" <<'PY'"	candidate
parser_bridge	frontend/check-multistore-payload-frontend.sh	60	"""payload parser output differs from the expected contract"""	candidate
parser_bridge	frontend/check-multistore-payload-frontend.sh	64	"""PAYLOAD_PARSER_CONTRACT_OK"""	candidate
parser_bridge	frontend/java-bridge/RebecaMultiStoreJsonExporter.java	39	* Trusted adapter from the existing Timed Rebeca parser AST to the	candidate
parser_bridge	frontend/java-bridge/RebecaMultiStoreJsonExporter.java	42	* The adapter preserves parser declaration order. It performs no	candidate
parser_bridge	frontend/java-bridge/RebecaMultiStoreJsonExporter.java	45	public final class RebecaMultiStoreJsonExporter {	candidate
parser_bridge	frontend/java-bridge/RebecaMultiStoreJsonExporter.java	52	private RebecaMultiStoreJsonExporter() {	candidate
parser_bridge	frontend/java-bridge/RebecaMultiStoreJsonExporter.java	58	"""usage: RebecaMultiStoreJsonExporter "" +"	candidate
parser_bridge	frontend/java-bridge/RebecaMultiStoreJsonExporter.java	113	new Exporter(model).render();	candidate
parser_bridge	frontend/java-bridge/RebecaMultiStoreJsonExporter.java	128	"""Wrote multi-server parser bridge JSON: "" +"	candidate
parser_bridge	frontend/java-bridge/RebecaMultiStoreJsonExporter.java	134	private static final class Exporter {	candidate
parser_bridge	frontend/java-bridge/RebecaMultiStoreJsonExporter.java	138	private Exporter(RebecaModel model) {	candidate
parser_bridge	frontend/java-bridge/RebecaMultiStoreJsonExporter.java	142	"""parser returned a null RebecaModel"""	candidate
parser_bridge	frontend/java-bridge/RebecaMultiStoreJsonExporter.java	1044	"""unsupported by the ReLico multi-server parser bridge: "" +"	candidate
parser_bridge	frontend/java-bridge/RebecaMultiStorePayloadJsonExporter.java	39	* Trusted adapter from the existing Timed Rebeca parser AST to the	candidate
parser_bridge	frontend/java-bridge/RebecaMultiStorePayloadJsonExporter.java	42	* The adapter preserves parser declaration order. It performs no	candidate
parser_bridge	frontend/java-bridge/RebecaMultiStorePayloadJsonExporter.java	45	public final class RebecaMultiStorePayloadJsonExporter {	candidate
parser_bridge	frontend/java-bridge/RebecaMultiStorePayloadJsonExporter.java	54	private RebecaMultiStorePayloadJsonExporter() {	candidate
parser_bridge	frontend/java-bridge/RebecaMultiStorePayloadJsonExporter.java	60	"""usage: RebecaMultiStorePayloadJsonExporter "" +"	candidate
parser_bridge	frontend/java-bridge/RebecaMultiStorePayloadJsonExporter.java	115	new Exporter(model).render();	candidate
parser_bridge	frontend/java-bridge/RebecaMultiStorePayloadJsonExporter.java	130	"""Wrote multi-server parser bridge JSON: "" +"	candidate
parser_bridge	frontend/java-bridge/RebecaMultiStorePayloadJsonExporter.java	136	private static final class Exporter {	candidate
parser_bridge	frontend/java-bridge/RebecaMultiStorePayloadJsonExporter.java	140	private Exporter(RebecaModel model) {	candidate
parser_bridge	frontend/java-bridge/RebecaMultiStorePayloadJsonExporter.java	144	"""parser returned a null RebecaModel"""	candidate
parser_bridge	frontend/java-bridge/RebecaMultiStorePayloadJsonExporter.java	1162	"""unsupported by the ReLico multi-server parser bridge: "" +"	candidate
parser_bridge	frontend/java-bridge/RebecaStoreJsonExporter.java	39	* Trusted adapter from the existing Timed Rebeca parser AST to the	candidate
parser_bridge	frontend/java-bridge/RebecaStoreJsonExporter.java	44	public final class RebecaStoreJsonExporter {	candidate
parser_bridge	frontend/java-bridge/RebecaStoreJsonExporter.java	48	private RebecaStoreJsonExporter() {	candidate
parser_bridge	frontend/java-bridge/RebecaStoreJsonExporter.java	54	"""usage: RebecaStoreJsonExporter <input.rebeca> <output.json>"""	candidate
parser_bridge	frontend/java-bridge/RebecaStoreJsonExporter.java	108	new Exporter(model).render();	candidate
parser_bridge	frontend/java-bridge/RebecaStoreJsonExporter.java	123	"""Wrote parser bridge JSON: "" + outputPath"	candidate
parser_bridge	frontend/java-bridge/RebecaStoreJsonExporter.java	128	private static final class Exporter {	candidate
parser_bridge	frontend/java-bridge/RebecaStoreJsonExporter.java	132	private Exporter(RebecaModel model) {	candidate
parser_bridge	frontend/java-bridge/RebecaStoreJsonExporter.java	136	"""parser returned a null RebecaModel"""	candidate
parser_bridge	frontend/java-bridge/RebecaStoreJsonExporter.java	862	"""unsupported by the ReLico finite-store parser bridge: "" +"	candidate
parser_bridge	frontend/java-bridge/RebecaV0JsonExporter.java	39	* Trusted adapter from the existing Timed Rebeca parser AST to the	candidate
parser_bridge	frontend/java-bridge/RebecaV0JsonExporter.java	44	public final class RebecaV0JsonExporter {	candidate
parser_bridge	frontend/java-bridge/RebecaV0JsonExporter.java	48	private RebecaV0JsonExporter() {	candidate
parser_bridge	frontend/java-bridge/RebecaV0JsonExporter.java	54	"""usage: RebecaV0JsonExporter <input.rebeca> <output.json>"""	candidate
parser_bridge	frontend/java-bridge/RebecaV0JsonExporter.java	108	new Exporter(model).render();	candidate
parser_bridge	frontend/java-bridge/RebecaV0JsonExporter.java	123	"""Wrote parser bridge JSON: "" + outputPath"	candidate
parser_bridge	frontend/java-bridge/RebecaV0JsonExporter.java	128	private static final class Exporter {	candidate
parser_bridge	frontend/java-bridge/RebecaV0JsonExporter.java	132	private Exporter(RebecaModel model) {	candidate
parser_bridge	frontend/java-bridge/RebecaV0JsonExporter.java	136	"""parser returned a null RebecaModel"""	candidate
parser_bridge	frontend/java-bridge/RebecaV0JsonExporter.java	794	"""unsupported by the ReLico v0 parser bridge: "" +"	candidate
parser_bridge	frontend/java-bridge/check-multistore.sh	18	"GENERATED_JSON=""$GENERATED_DIRECTORY/multistore-priority.parser.json"""	candidate
parser_bridge	frontend/java-bridge/check-multistore.sh	30	"""$REPOSITORY_ROOT/frontend/java-bridge/run-multistore-from-zip.sh"" \"	candidate
parser_bridge	frontend/java-bridge/check-multistore.sh	52	"""Parser-generated multi-server JSON differs from the checked fixture."""	candidate
parser_bridge	frontend/java-bridge/check-multistore.sh	75	"""Parser-generated multi-server JSON matches the checked fixture."""	candidate
parser_bridge	frontend/java-bridge/check-multistore.sh	233	"echo ""Real multi-server priority parser-to-native check passed."""	candidate
parser_bridge	frontend/java-bridge/check-store.sh	18	"GENERATED_JSON=""$GENERATED_DIRECTORY/store-two-variable.parser.json"""	candidate
parser_bridge	frontend/java-bridge/check-store.sh	32	"""$REPOSITORY_ROOT/frontend/java-bridge/run-store-from-zip.sh"" \"	candidate
parser_bridge	frontend/java-bridge/check-store.sh	54	"""Parser-generated finite-store JSON differs from the checked fixture."""	candidate
parser_bridge	frontend/java-bridge/check-store.sh	77	"""Parser-generated JSON matches the two-variable fixture."""	candidate
parser_bridge	frontend/java-bridge/check-store.sh	135	"echo ""Real two-variable parser-to-LF/C++ check passed."""	candidate
parser_bridge	frontend/java-bridge/check-v0-runtime.sh	15	"GENERATED_JSON=""$GENERATED_DIRECTORY/v0-once.parser.json"""	candidate
parser_bridge	frontend/java-bridge/check-v0-runtime.sh	24	"""$REPOSITORY_ROOT/frontend/java-bridge/run-from-zip.sh"" ""$ARTIFACT_ZIP"" ""$INPUT_REBECA"" ""$GENERATED_JSON"""	candidate
parser_bridge	frontend/java-bridge/check-v0-runtime.sh	26	"python3 -c 'import json,sys; from pathlib import Path; expected=json.loads(Path(sys.argv[1]).read_text()); actual=json.loads(Path(sys.argv[2]).read_text()); assert actual == expected, ""Parser-generated JSON differs from the checked finite-runtime fixture.""; print(""Parser-generated JSON matches the finite-runtime fixture."")' ""$EXPECTED_JSON"" ""$GENERATED_JSON"""	candidate
parser_bridge	frontend/java-bridge/check-v0.sh	16	"GENERATED_JSON=""$GENERATED_DIRECTORY/v0-controller.parser.json"""	candidate
parser_bridge	frontend/java-bridge/check-v0.sh	22	"""$REPOSITORY_ROOT/frontend/java-bridge/run-from-zip.sh"" \"	candidate
parser_bridge	frontend/java-bridge/check-v0.sh	41	"print(""Parser-generated JSON differs from the checked fixture."")"	candidate
parser_bridge	frontend/java-bridge/check-v0.sh	50	"print(""Parser-generated JSON matches the checked v0 fixture."")"	candidate
parser_bridge	frontend/java-bridge/check-v0.sh	84	"echo ""Real Timed Rebeca parser-to-LF/C++ check passed."""	candidate
parser_bridge	frontend/java-bridge/run-from-zip.sh	5	"echo ""usage: run-from-zip.sh <artifact.zip> <input.rebeca> <output.json>"" >&2"	candidate
parser_bridge	frontend/java-bridge/run-from-zip.sh	17	"EXPORTER_SOURCE=""$REPOSITORY_ROOT/frontend/java-bridge/RebecaV0JsonExporter.java"""	candidate
parser_bridge	frontend/java-bridge/run-from-zip.sh	21	"test -f ""$EXPORTER_SOURCE"""	candidate
parser_bridge	frontend/java-bridge/run-from-zip.sh	26	mktemp -d /tmp/relico-parser-bridge.XXXXXX	candidate
parser_bridge	frontend/java-bridge/run-from-zip.sh	72	"EXPORTER_DIRECTORY=""$PROJECT_DIRECTORY/src/main/java/org/rebecalang/compiler/frontendbridge"""	candidate
parser_bridge	frontend/java-bridge/run-from-zip.sh	74	"mkdir -p ""$EXPORTER_DIRECTORY"""	candidate
parser_bridge	frontend/java-bridge/run-from-zip.sh	77	"""$EXPORTER_SOURCE"" \"	candidate
parser_bridge	frontend/java-bridge/run-from-zip.sh	78	"""$EXPORTER_DIRECTORY/RebecaV0JsonExporter.java"""	candidate
parser_bridge	frontend/java-bridge/run-from-zip.sh	96	-Dexec.mainClass=org.rebecalang.compiler.frontendbridge.RebecaV0JsonExporter \	candidate
parser_bridge	frontend/java-bridge/run-from-zip.sh	108	"echo ""Parser bridge output: $OUTPUT_FILE"""	candidate
parser_bridge	frontend/java-bridge/run-multistore-from-zip.sh	5	"echo ""usage: run-multistore-from-zip.sh <artifact.zip> <input.rebeca> <output.json>"" >&2"	candidate
parser_bridge	frontend/java-bridge/run-multistore-from-zip.sh	17	"EXPORTER_SOURCE=""$REPOSITORY_ROOT/frontend/java-bridge/RebecaMultiStoreJsonExporter.java"""	candidate
parser_bridge	frontend/java-bridge/run-multistore-from-zip.sh	21	"test -f ""$EXPORTER_SOURCE"""	candidate
parser_bridge	frontend/java-bridge/run-multistore-from-zip.sh	54	mktemp -d /tmp/relico-multistore-parser-bridge.XXXXXX	candidate
parser_bridge	frontend/java-bridge/run-multistore-from-zip.sh	100	"EXPORTER_DIRECTORY=""$PROJECT_DIRECTORY/src/main/java/org/rebecalang/compiler/frontendbridge"""	candidate
parser_bridge	frontend/java-bridge/run-multistore-from-zip.sh	102	"mkdir -p ""$EXPORTER_DIRECTORY"""	candidate
parser_bridge	frontend/java-bridge/run-multistore-from-zip.sh	105	"""$EXPORTER_SOURCE"" \"	candidate
parser_bridge	frontend/java-bridge/run-multistore-from-zip.sh	106	"""$EXPORTER_DIRECTORY/RebecaMultiStoreJsonExporter.java"""	candidate
parser_bridge	frontend/java-bridge/run-multistore-from-zip.sh	124	-Dexec.mainClass=org.rebecalang.compiler.frontendbridge.RebecaMultiStoreJsonExporter \	candidate
parser_bridge	frontend/java-bridge/run-multistore-from-zip.sh	136	"echo ""Multi-server parser bridge output: $OUTPUT_FILE"""	candidate
parser_bridge	frontend/java-bridge/run-multistore-payload-from-zip.sh	5	"echo ""usage: run-multistore-from-zip.sh <artifact.zip> <input.rebeca> <output.json>"" >&2"	candidate
parser_bridge	frontend/java-bridge/run-multistore-payload-from-zip.sh	17	"EXPORTER_SOURCE=""$(cd ""$(dirname ""$0"")"" && pwd)/RebecaMultiStorePayloadJsonExporter.java"""	candidate
parser_bridge	frontend/java-bridge/run-multistore-payload-from-zip.sh	21	"test -f ""$EXPORTER_SOURCE"""	candidate
parser_bridge	frontend/java-bridge/run-multistore-payload-from-zip.sh	54	mktemp -d /tmp/relico-multistore-parser-bridge.XXXXXX	candidate
parser_bridge	frontend/java-bridge/run-multistore-payload-from-zip.sh	100	"EXPORTER_DIRECTORY=""$PROJECT_DIRECTORY/src/main/java/org/rebecalang/compiler/frontendbridge"""	candidate
parser_bridge	frontend/java-bridge/run-multistore-payload-from-zip.sh	102	"mkdir -p ""$EXPORTER_DIRECTORY"""	candidate
parser_bridge	frontend/java-bridge/run-multistore-payload-from-zip.sh	105	"""$EXPORTER_SOURCE"" \"	candidate
parser_bridge	frontend/java-bridge/run-multistore-payload-from-zip.sh	106	"""$EXPORTER_DIRECTORY/RebecaMultiStorePayloadJsonExporter.java"""	candidate
parser_bridge	frontend/java-bridge/run-multistore-payload-from-zip.sh	124	-Dexec.mainClass=org.rebecalang.compiler.frontendbridge.RebecaMultiStorePayloadJsonExporter \	candidate
parser_bridge	frontend/java-bridge/run-multistore-payload-from-zip.sh	136	"echo ""Multi-server parser bridge output: $OUTPUT_FILE"""	candidate
parser_bridge	frontend/java-bridge/run-store-from-zip.sh	5	"echo ""usage: run-store-from-zip.sh <artifact.zip> <input.rebeca> <output.json>"" >&2"	candidate
parser_bridge	frontend/java-bridge/run-store-from-zip.sh	17	"EXPORTER_SOURCE=""$REPOSITORY_ROOT/frontend/java-bridge/RebecaStoreJsonExporter.java"""	candidate
parser_bridge	frontend/java-bridge/run-store-from-zip.sh	21	"test -f ""$EXPORTER_SOURCE"""	candidate
parser_bridge	frontend/java-bridge/run-store-from-zip.sh	53	mktemp -d /tmp/relico-parser-bridge.XXXXXX	candidate
parser_bridge	frontend/java-bridge/run-store-from-zip.sh	99	"EXPORTER_DIRECTORY=""$PROJECT_DIRECTORY/src/main/java/org/rebecalang/compiler/frontendbridge"""	candidate
parser_bridge	frontend/java-bridge/run-store-from-zip.sh	101	"mkdir -p ""$EXPORTER_DIRECTORY"""	candidate
parser_bridge	frontend/java-bridge/run-store-from-zip.sh	104	"""$EXPORTER_SOURCE"" \"	candidate
parser_bridge	frontend/java-bridge/run-store-from-zip.sh	105	"""$EXPORTER_DIRECTORY/RebecaStoreJsonExporter.java"""	candidate
parser_bridge	frontend/java-bridge/run-store-from-zip.sh	123	-Dexec.mainClass=org.rebecalang.compiler.frontendbridge.RebecaStoreJsonExporter \	candidate
parser_bridge	frontend/java-bridge/run-store-from-zip.sh	135	"echo ""Parser bridge output: $OUTPUT_FILE"""	candidate
parser_bridge	frontend/schema/multi-store-payload-v1.schema.json	410	"""title"": ""ReLico multi-store-payload parser bridge v1"","	candidate
parser_bridge	tests/benchmarks/README.md	41	- parser JSON generation	candidate
parser_bridge	tests/benchmarks/core--initialization--positive/README.md	12	3. trusted Java parser JSON generation;	candidate
parser_bridge	tests/benchmarks/core--initialization--positive/manifest.json	16	"""path"": ""parser-json/model.json"","	candidate
parser_bridge	tests/benchmarks/core--initialization--positive/manifest.json	97	"""parser-json"","	candidate
parser_bridge	tests/benchmarks/core--initialization--positive/manifest.json	109	"""{actual}/parser-json/model.json"""	candidate
parser_bridge	tests/benchmarks/core--initialization--positive/manifest.json	111	"""name"": ""parser-json"","	candidate
parser_bridge	tests/benchmarks/core--initialization--positive/manifest.json	126	"""{actual}/parser-json/model.json"","	candidate
parser_bridge	tests/benchmarks/core--initialization--positive/manifest.json	162	"""{actual}/parser-json/model.json"","	candidate
parser_bridge	tests/benchmarks/core--initialization--positive/manifest.json	181	"""{actual}/parser-json/model.json"","	candidate
parser_bridge	tests/benchmarks/registry/benchmarks.tsv	2	bound-payload--dispatch--negative bound-payload dispatch negative 1 22 expected-boundary-or-rejection source,rmc,parser-json,decoded-dtr-ast,expected-boundary-stage,diagnostics yes tests/benchmarks/bound-payload--dispatch--negative/source/model.rebeca planned	candidate
parser_bridge	tests/benchmarks/registry/benchmarks.tsv	3	bound-payload--dispatch--positive bound-payload dispatch positive 8 99 source-plus-runtime-observation source,rmc,parser-json,decoded-dtr-ast,formal-witness,translated-lf-ast,lf-source,lfc,runtime yes tests/benchmarks/bound-payload--dispatch--positive/source/model.rebeca planned	candidate
parser_bridge	tests/benchmarks/registry/benchmarks.tsv	4	bound-payload--finite-execution--positive bound-payload finite-execution positive 3 44 source-plus-runtime-observation source,rmc,parser-json,decoded-dtr-ast,formal-witness,translated-lf-ast,lf-source,lfc,runtime yes tests/benchmarks/bound-payload--finite-execution--positive/source/model.rebeca planned	candidate
parser_bridge	tests/benchmarks/registry/benchmarks.tsv	5	bound-payload--initialization--positive bound-payload initialization positive 2 53 source-plus-runtime-observation source,rmc,parser-json,decoded-dtr-ast,formal-witness,translated-lf-ast,lf-source,lfc,runtime yes tests/benchmarks/bound-payload--initialization--positive/source/model.rebeca planned	candidate
parser_bridge	tests/benchmarks/registry/benchmarks.tsv	6	bound-payload--payload-binding--positive bound-payload payload-binding positive 4 44 source-plus-formal-witness,source-plus-runtime-observation source,rmc,parser-json,decoded-dtr-ast,formal-witness,translated-lf-ast,lf-source,lfc,runtime yes tests/benchmarks/bound-payload--payload-binding--positive/source/model.rebeca planned	candidate
parser_bridge	tests/benchmarks/registry/benchmarks.tsv	7	bound-payload--priority-selection--positive bound-payload priority-selection positive 1 20 source-plus-formal-witness source,rmc,parser-json,decoded-dtr-ast,formal-witness,translated-lf-ast,lf-source,lfc yes tests/benchmarks/bound-payload--priority-selection--positive/source/model.rebeca planned	candidate
parser_bridge	tests/benchmarks/registry/benchmarks.tsv	8	core--dispatch--positive core dispatch positive 11 62 source-plus-runtime-observation source,rmc,parser-json,decoded-dtr-ast,formal-witness,translated-lf-ast,lf-source,lfc,runtime yes tests/benchmarks/core--dispatch--positive/source/model.rebeca planned	candidate
parser_bridge	tests/benchmarks/registry/benchmarks.tsv	9	core--initialization--positive core initialization positive 5 36 direct-source-translation,source-plus-formal-witness,source-plus-runtime-observation source,rmc,parser-json,decoded-dtr-ast,formal-witness,translated-lf-ast,lf-source,lfc,runtime yes tests/benchmarks/core--initialization--positive/source/model.rebeca implemented	candidate
parser_bridge	tests/benchmarks/registry/benchmarks.tsv	10	core--one-step-execution--positive core one-step-execution positive 1 4 source-plus-runtime-observation source,rmc,parser-json,decoded-dtr-ast,formal-witness,translated-lf-ast,lf-source,lfc,runtime yes tests/benchmarks/core--one-step-execution--positive/source/model.rebeca planned	candidate
parser_bridge	tests/benchmarks/registry/benchmarks.tsv	11	core--priority-selection--positive core priority-selection positive 3 54 source-plus-formal-witness source,rmc,parser-json,decoded-dtr-ast,formal-witness,translated-lf-ast,lf-source,lfc yes tests/benchmarks/core--priority-selection--positive/source/model.rebeca planned	candidate
parser_bridge	tests/benchmarks/registry/benchmarks.tsv	12	core--queue-correspondence--positive core queue-correspondence positive 3 23 source-plus-formal-witness source,rmc,parser-json,decoded-dtr-ast,formal-witness,translated-lf-ast,lf-source,lfc yes tests/benchmarks/core--queue-correspondence--positive/source/model.rebeca planned	candidate
parser_bridge	tests/benchmarks/registry/benchmarks.tsv	13	core--runtime-semantics--positive core runtime-semantics positive 3 21 source-plus-runtime-observation source,rmc,parser-json,decoded-dtr-ast,formal-witness,translated-lf-ast,lf-source,lfc,runtime yes tests/benchmarks/core--runtime-semantics--positive/source/model.rebeca planned	candidate
parser_bridge	tests/benchmarks/registry/benchmarks.tsv	14	core--trace-execution--positive core trace-execution positive 1 4 source-plus-runtime-observation source,rmc,parser-json,decoded-dtr-ast,formal-witness,translated-lf-ast,lf-source,lfc,runtime yes tests/benchmarks/core--trace-execution--positive/source/model.rebeca planned	candidate
parser_bridge	tests/benchmarks/registry/benchmarks.tsv	15	core--weak-semantics--positive core weak-semantics positive 3 47 source-plus-runtime-observation source,rmc,parser-json,decoded-dtr-ast,formal-witness,translated-lf-ast,lf-source,lfc,runtime yes tests/benchmarks/core--weak-semantics--positive/source/model.rebeca planned	candidate
parser_bridge	tests/benchmarks/registry/benchmarks.tsv	16	core--well-formedness--negative core well-formedness negative 2 34 expected-boundary-or-rejection source,rmc,parser-json,decoded-dtr-ast,expected-boundary-stage,diagnostics yes tests/benchmarks/core--well-formedness--negative/source/model.rebeca planned	candidate
parser_bridge	tests/benchmarks/registry/benchmarks.tsv	17	core--well-formedness--positive core well-formedness positive 3 7 source-plus-formal-witness source,rmc,parser-json,decoded-dtr-ast,formal-witness,translated-lf-ast,lf-source,lfc yes tests/benchmarks/core--well-formedness--positive/source/model.rebeca planned	candidate
parser_bridge	tests/benchmarks/registry/benchmarks.tsv	18	finite-store--dispatch--positive finite-store dispatch positive 3 38 source-plus-runtime-observation source,rmc,parser-json,decoded-dtr-ast,formal-witness,translated-lf-ast,lf-source,lfc,runtime yes tests/benchmarks/finite-store--dispatch--positive/source/model.rebeca planned	candidate
parser_bridge	tests/benchmarks/registry/benchmarks.tsv	19	finite-store--frontend-decoding--negative finite-store frontend-decoding negative 1 11 expected-boundary-or-rejection source,rmc,parser-json,decoded-dtr-ast,expected-boundary-stage,diagnostics yes tests/benchmarks/finite-store--frontend-decoding--negative/source/model.rebeca planned	candidate
parser_bridge	tests/benchmarks/registry/benchmarks.tsv	20	finite-store--initialization--positive finite-store initialization positive 3 18 direct-source-translation,source-plus-runtime-observation source,rmc,parser-json,decoded-dtr-ast,formal-witness,translated-lf-ast,lf-source,lfc,runtime yes tests/benchmarks/finite-store--initialization--positive/source/model.rebeca planned	candidate
parser_bridge	tests/benchmarks/registry/benchmarks.tsv	21	finite-store--priority-selection--positive finite-store priority-selection positive 1 9 source-plus-runtime-observation source,rmc,parser-json,decoded-dtr-ast,formal-witness,translated-lf-ast,lf-source,lfc,runtime yes tests/benchmarks/finite-store--priority-selection--positive/source/model.rebeca planned	candidate
parser_bridge	tests/benchmarks/registry/benchmarks.tsv	22	finite-store--queue-correspondence--positive finite-store queue-correspondence positive 1 4 source-plus-runtime-observation source,rmc,parser-json,decoded-dtr-ast,formal-witness,translated-lf-ast,lf-source,lfc,runtime yes tests/benchmarks/finite-store--queue-correspondence--positive/source/model.rebeca planned	candidate
parser_bridge	tests/benchmarks/registry/benchmarks.tsv	23	finite-store--runtime-semantics--positive finite-store runtime-semantics positive 6 45 shared-formal-metadata,source-plus-runtime-observation source,rmc,parser-json,decoded-dtr-ast,formal-witness,translated-lf-ast,lf-source,lfc,runtime,coverage-manifest,trust-report yes tests/benchmarks/finite-store--runtime-semantics--positive/source/model.rebeca planned	candidate
parser_bridge	tests/benchmarks/registry/benchmarks.tsv	24	finite-store--trace-execution--positive finite-store trace-execution positive 1 4 source-plus-runtime-observation source,rmc,parser-json,decoded-dtr-ast,formal-witness,translated-lf-ast,lf-source,lfc,runtime yes tests/benchmarks/finite-store--trace-execution--positive/source/model.rebeca planned	candidate
parser_bridge	tests/benchmarks/registry/benchmarks.tsv	25	finite-store--well-formedness--positive finite-store well-formedness positive 2 28 direct-source-translation,source-plus-formal-witness source,rmc,parser-json,decoded-dtr-ast,formal-witness,translated-lf-ast,lf-source,lfc yes tests/benchmarks/finite-store--well-formedness--positive/source/model.rebeca planned	candidate
parser_bridge	tests/benchmarks/registry/benchmarks.tsv	26	global-multi-actor-payload--external-send--negative global-multi-actor-payload external-send negative 1 56 expected-boundary-or-rejection source,rmc,parser-json,decoded-dtr-ast,expected-boundary-stage,diagnostics yes tests/benchmarks/global-multi-actor-payload--external-send--negative/source/model.rebeca planned	candidate
parser_bridge	tests/benchmarks/registry/benchmarks.tsv	27	global-multi-actor-payload--external-send--positive global-multi-actor-payload external-send positive 2 35 source-plus-formal-witness,source-plus-runtime-observation source,rmc,parser-json,decoded-dtr-ast,formal-witness,translated-lf-ast,lf-source,lfc,runtime yes tests/benchmarks/global-multi-actor-payload--external-send--positive/source/model.rebeca planned	candidate
parser_bridge	tests/benchmarks/registry/benchmarks.tsv	28	global-multi-actor-payload--external-send-frame--negative global-multi-actor-payload external-send-frame negative 1 27 expected-boundary-or-rejection source,rmc,parser-json,decoded-dtr-ast,expected-boundary-stage,diagnostics yes tests/benchmarks/global-multi-actor-payload--external-send-frame--negative/source/model.rebeca planned	candidate
parser_bridge	tests/benchmarks/registry/benchmarks.tsv	29	global-multi-actor-payload--external-send-frame--positive global-multi-actor-payload external-send-frame positive 2 10 source-plus-runtime-observation source,rmc,parser-json,decoded-dtr-ast,formal-witness,translated-lf-ast,lf-source,lfc,runtime yes tests/benchmarks/global-multi-actor-payload--external-send-frame--positive/source/model.rebeca planned	candidate
parser_bridge	tests/benchmarks/registry/benchmarks.tsv	30	global-multi-actor-payload--external-send-statement--negative global-multi-actor-payload external-send-statement negative 1 24 expected-boundary-or-rejection source,rmc,parser-json,decoded-dtr-ast,expected-boundary-stage,diagnostics yes tests/benchmarks/global-multi-actor-payload--external-send-statement--negative/source/model.rebeca planned	candidate
parser_bridge	tests/benchmarks/registry/benchmarks.tsv	31	global-multi-actor-payload--finite-execution--positive global-multi-actor-payload finite-execution positive 1 4 source-plus-runtime-observation source,rmc,parser-json,decoded-dtr-ast,formal-witness,translated-lf-ast,lf-source,lfc,runtime yes tests/benchmarks/global-multi-actor-payload--finite-execution--positive/source/model.rebeca planned	candidate
parser_bridge	tests/benchmarks/registry/benchmarks.tsv	32	global-multi-actor-payload--initialization--negative global-multi-actor-payload initialization negative 1 52 expected-boundary-or-rejection source,rmc,parser-json,decoded-dtr-ast,expected-boundary-stage,diagnostics yes tests/benchmarks/global-multi-actor-payload--initialization--negative/source/model.rebeca planned	candidate
parser_bridge	tests/benchmarks/registry/benchmarks.tsv	33	global-multi-actor-payload--payload-binding--negative global-multi-actor-payload payload-binding negative 1 43 expected-boundary-or-rejection source,rmc,parser-json,decoded-dtr-ast,expected-boundary-stage,diagnostics yes tests/benchmarks/global-multi-actor-payload--payload-binding--negative/source/model.rebeca planned	candidate
parser_bridge	tests/benchmarks/registry/benchmarks.tsv	34	global-multi-actor-payload--priority-selection--negative global-multi-actor-payload priority-selection negative 1 10 expected-boundary-or-rejection source,rmc,parser-json,decoded-dtr-ast,expected-boundary-stage,diagnostics yes tests/benchmarks/global-multi-actor-payload--priority-selection--negative/source/model.rebeca planned	candidate
parser_bridge	tests/benchmarks/registry/benchmarks.tsv	35	multi-store--dispatch--negative multi-store dispatch negative 2 42 expected-boundary-or-rejection source,rmc,parser-json,decoded-dtr-ast,expected-boundary-stage,diagnostics yes tests/benchmarks/multi-store--dispatch--negative/source/model.rebeca planned	candidate
parser_bridge	tests/benchmarks/registry/benchmarks.tsv	36	multi-store--dispatch--positive multi-store dispatch positive 15 110 direct-source-translation,source-plus-runtime-observation source,rmc,parser-json,decoded-dtr-ast,formal-witness,translated-lf-ast,lf-source,lfc,runtime yes tests/benchmarks/multi-store--dispatch--positive/source/model.rebeca planned	candidate
parser_bridge	tests/benchmarks/registry/benchmarks.tsv	37	multi-store--finite-execution--positive multi-store finite-execution positive 4 29 source-plus-runtime-observation source,rmc,parser-json,decoded-dtr-ast,formal-witness,translated-lf-ast,lf-source,lfc,runtime yes tests/benchmarks/multi-store--finite-execution--positive/source/model.rebeca planned	candidate
parser_bridge	tests/benchmarks/registry/benchmarks.tsv	38	multi-store--initialization--positive multi-store initialization positive 2 12 direct-source-translation,source-plus-runtime-observation source,rmc,parser-json,decoded-dtr-ast,formal-witness,translated-lf-ast,lf-source,lfc,runtime yes tests/benchmarks/multi-store--initialization--positive/source/model.rebeca planned	candidate
parser_bridge	tests/benchmarks/registry/benchmarks.tsv	39	multi-store--priority-selection--negative multi-store priority-selection negative 2 37 expected-boundary-or-rejection source,rmc,parser-json,decoded-dtr-ast,expected-boundary-stage,diagnostics yes tests/benchmarks/multi-store--priority-selection--negative/source/model.rebeca planned	candidate
parser_bridge	tests/benchmarks/registry/benchmarks.tsv	40	multi-store--priority-selection--positive multi-store priority-selection positive 5 35 direct-source-translation,source-plus-runtime-observation source,rmc,parser-json,decoded-dtr-ast,formal-witness,translated-lf-ast,lf-source,lfc,runtime yes tests/benchmarks/multi-store--priority-selection--positive/source/model.rebeca planned	candidate
parser_bridge	tests/benchmarks/registry/benchmarks.tsv	41	multi-store--queue-correspondence--positive multi-store queue-correspondence positive 2 26 direct-source-translation,source-plus-formal-witness source,rmc,parser-json,decoded-dtr-ast,formal-witness,translated-lf-ast,lf-source,lfc yes tests/benchmarks/multi-store--queue-correspondence--positive/source/model.rebeca planned	candidate
parser_bridge	tests/benchmarks/registry/benchmarks.tsv	42	multi-store--runtime-semantics--positive multi-store runtime-semantics positive 1 2 source-plus-runtime-observation source,rmc,parser-json,decoded-dtr-ast,formal-witness,translated-lf-ast,lf-source,lfc,runtime yes tests/benchmarks/multi-store--runtime-semantics--positive/source/model.rebeca planned	candidate
parser_bridge	tests/benchmarks/registry/benchmarks.tsv	43	multi-store--weak-semantics--positive multi-store weak-semantics positive 5 37 source-plus-formal-witness,source-plus-runtime-observation source,rmc,parser-json,decoded-dtr-ast,formal-witness,translated-lf-ast,lf-source,lfc,runtime yes tests/benchmarks/multi-store--weak-semantics--positive/source/model.rebeca planned	candidate
parser_bridge	tests/benchmarks/registry/benchmarks.tsv	44	multi-store--well-formedness--positive multi-store well-formedness positive 2 25 direct-source-translation,source-plus-formal-witness source,rmc,parser-json,decoded-dtr-ast,formal-witness,translated-lf-ast,lf-source,lfc yes tests/benchmarks/multi-store--well-formedness--positive/source/model.rebeca planned	candidate
parser_bridge	tests/benchmarks/registry/benchmarks.tsv	45	multi-store-payload--dispatch--negative multi-store-payload dispatch negative 1 52 expected-boundary-or-rejection source,rmc,parser-json,decoded-dtr-ast,expected-boundary-stage,diagnostics yes tests/benchmarks/multi-store-payload--dispatch--negative/source/model.rebeca planned	candidate
parser_bridge	tests/benchmarks/registry/benchmarks.tsv	46	multi-store-payload--dispatch--positive multi-store-payload dispatch positive 8 72 source-plus-runtime-observation source,rmc,parser-json,decoded-dtr-ast,formal-witness,translated-lf-ast,lf-source,lfc,runtime yes tests/benchmarks/multi-store-payload--dispatch--positive/source/model.rebeca planned	candidate
parser_bridge	tests/benchmarks/registry/benchmarks.tsv	47	multi-store-payload--finite-execution--positive multi-store-payload finite-execution positive 2 49 source-plus-runtime-observation source,rmc,parser-json,decoded-dtr-ast,formal-witness,translated-lf-ast,lf-source,lfc,runtime yes tests/benchmarks/multi-store-payload--finite-execution--positive/source/model.rebeca planned	candidate
parser_bridge	tests/benchmarks/registry/benchmarks.tsv	48	multi-store-payload--initialization--positive multi-store-payload initialization positive 5 90 direct-source-translation,source-plus-formal-witness,source-plus-runtime-observation source,rmc,parser-json,decoded-dtr-ast,formal-witness,translated-lf-ast,lf-source,lfc,runtime yes tests/benchmarks/multi-store-payload--initialization--positive/source/model.rebeca planned	candidate
parser_bridge	tests/benchmarks/registry/benchmarks.tsv	49	multi-store-payload--payload-binding--negative multi-store-payload payload-binding negative 3 66 expected-boundary-or-rejection source,rmc,parser-json,decoded-dtr-ast,expected-boundary-stage,diagnostics yes tests/benchmarks/multi-store-payload--payload-binding--negative/source/model.rebeca planned	candidate
parser_bridge	tests/benchmarks/registry/benchmarks.tsv	50	multi-store-payload--payload-binding--positive multi-store-payload payload-binding positive 5 62 source-plus-runtime-observation source,rmc,parser-json,decoded-dtr-ast,formal-witness,translated-lf-ast,lf-source,lfc,runtime yes tests/benchmarks/multi-store-payload--payload-binding--positive/source/model.rebeca planned	candidate
parser_bridge	tests/benchmarks/registry/benchmarks.tsv	51	multi-store-payload--priority-selection--negative multi-store-payload priority-selection negative 1 17 expected-boundary-or-rejection source,rmc,parser-json,decoded-dtr-ast,expected-boundary-stage,diagnostics yes tests/benchmarks/multi-store-payload--priority-selection--negative/source/model.rebeca planned	candidate
parser_bridge	tests/benchmarks/registry/benchmarks.tsv	52	multi-store-payload--priority-selection--positive multi-store-payload priority-selection positive 3 23 source-capability,source-plus-formal-witness,source-plus-runtime-observation source,rmc,parser-json,decoded-dtr-ast,formal-witness,translated-lf-ast,lf-source,lfc,runtime yes tests/benchmarks/multi-store-payload--priority-selection--positive/source/model.rebeca planned	candidate
parser_bridge	tests/benchmarks/registry/benchmarks.tsv	53	payload--dispatch--positive payload dispatch positive 3 46 source-plus-runtime-observation source,rmc,parser-json,decoded-dtr-ast,formal-witness,translated-lf-ast,lf-source,lfc,runtime yes tests/benchmarks/payload--dispatch--positive/source/model.rebeca planned	candidate
parser_bridge	tests/benchmarks/registry/benchmarks.tsv	54	payload--finite-execution--positive payload finite-execution positive 1 9 source-plus-runtime-observation source,rmc,parser-json,decoded-dtr-ast,formal-witness,translated-lf-ast,lf-source,lfc,runtime yes tests/benchmarks/payload--finite-execution--positive/source/model.rebeca planned	candidate
parser_bridge	tests/benchmarks/registry/benchmarks.tsv	55	payload--initialization--positive payload initialization positive 1 12 direct-source-translation source,rmc,parser-json,decoded-dtr-ast,translated-lf-ast,lf-source,lfc yes tests/benchmarks/payload--initialization--positive/source/model.rebeca planned	candidate
parser_bridge	tests/benchmarks/registry/benchmarks.tsv	56	payload--payload-binding--negative payload payload-binding negative 1 16 expected-boundary-or-rejection source,rmc,parser-json,decoded-dtr-ast,expected-boundary-stage,diagnostics yes tests/benchmarks/payload--payload-binding--negative/source/model.rebeca planned	candidate
parser_bridge	tests/benchmarks/registry/benchmarks.tsv	57	payload--payload-binding--positive payload payload-binding positive 3 39 direct-source-translation,source-plus-runtime-observation source,rmc,parser-json,decoded-dtr-ast,formal-witness,translated-lf-ast,lf-source,lfc,runtime yes tests/benchmarks/payload--payload-binding--positive/source/model.rebeca planned	candidate
parser_bridge	tests/benchmarks/registry/benchmarks.tsv	58	payload--priority-selection--positive payload priority-selection positive 2 28 source-plus-formal-witness source,rmc,parser-json,decoded-dtr-ast,formal-witness,translated-lf-ast,lf-source,lfc yes tests/benchmarks/payload--priority-selection--positive/source/model.rebeca planned	candidate
parser_bridge	tests/benchmarks/registry/legacy-script-migration.tsv	2	frontend/java-bridge/check-v0.sh core--initialization--positive parser JSON equality; LF startup and logical-action structure; lfc compilation planned replacement benchmark implemented and passing; README references replaced; zero tracked callers	candidate
parser_bridge	tests/benchmarks/registry/legacy-script-migration.tsv	3	frontend/java-bridge/check-v0-runtime.sh core--initialization--positive finite generated runtime termination; state assignment; absence of recursive rescheduling planned replacement benchmark implemented and passing; README references replaced; zero tracked callers	candidate
parser_bridge	tests/benchmarks/registry/legacy-script-migration.tsv	4	frontend/java-bridge/check-store.sh finite-store--runtime-semantics--positive two-variable lookup and update behavior; generated LF; lfc compilation; native runtime planned replacement benchmark implemented and passing; README references replaced; zero tracked callers	candidate
parser_bridge	tests/benchmarks/registry/legacy-script-migration.tsv	5	frontend/java-bridge/check-multistore.sh multi-store--priority-selection--positive message-server priority ordering; equal-delay scheduling; generated LF; native runtime planned replacement benchmark implemented and passing; README references replaced; zero tracked callers	candidate
parser_bridge	tests/benchmarks/registry/legacy-script-migration.tsv	6	frontend/check-multistore-payload-frontend.sh multi-store-payload--payload-binding--positive payload parser JSON contract and Lean decoder acceptance planned replacement benchmark implemented and passing; README references replaced; zero tracked callers	candidate
